hour,day_of_week,previous_occupancy,current_occupancy,traffic_level,weather,event_level,parking_price,total_spaces,occupancy_percentage
2,4,18.58,24.64,3,0,0,4.61,150,4.17
18,5,47.21,37.41,2,3,2,3.62,88,51.26
15,1,33.93,38.56,0,1,2,1.95,15,34.88
10,2,88.65,94.37,3,2,3,7.45,136,91.12
10,6,61.94,62.6,3,3,2,2.55,144,52.29
20,5,21.64,19.01,0,0,2,3.03,49,17.22
2,2,94.31,58.72,0,1,1,2.92,66,31.31
16,1,67.48,51.01,0,0,1,6.95,13,37.34
4,2,17.12,9.76,3,1,1,6.08,122,8.22
2,3,76.96,74.52,2,1,3,4.24,119,63.3
12,3,55.18,49.81,2,3,1,7.23,12,36.49
23,1,41.02,43.8,1,1,3,1.82,109,49.17
17,0,22.67,38.23,1,2,1,6.86,68,21.51
18,3,30.01,47.0,2,0,2,1.86,86,49.41
17,5,20.05,12.52,0,1,1,3.85,40,13.56
18,1,77.3,81.37,2,3,1,1.82,124,83.91
12,2,29.57,43.68,0,2,3,7.49,67,29.99
3,1,47.3,52.58,3,1,2,6.99,128,37.61
20,1,92.11,64.27,0,3,1,5.01,30,49.74
10,4,94.51,66.74,0,3,1,2.81,92,63.8
12,2,76.21,65.56,1,1,3,3.16,53,61.04
8,1,76.9,66.09,1,3,0,4.2,146,42.9
4,6,90.04,86.81,2,0,3,3.44,88,68.17
22,1,76.71,72.92,3,1,2,1.63,111,69.74
18,1,45.59,49.28,2,3,1,5.44,22,45.55
15,6,10.43,25.66,1,3,2,5.18,105,11.44
9,3,23.75,41.06,2,3,3,6.93,24,47.34
19,0,45.01,65.4,2,0,1,4.36,60,54.3
13,2,28.89,23.76,0,0,1,3.57,41,7.01
10,3,34.63,50.11,0,2,3,4.57,10,36.57
10,1,10.3,19.1,0,0,1,2.67,92,25.07
5,3,54.69,48.33,0,3,3,5.25,43,38.92
2,4,36.64,44.14,3,3,3,6.12,82,41.97
13,1,28.3,32.59,1,3,2,2.42,117,35.58
21,5,59.93,49.08,1,3,0,3.41,35,30.22
1,3,29.91,24.12,1,0,0,6.71,110,0.0
20,6,47.86,45.14,1,3,1,4.53,51,30.86
19,0,27.18,24.19,2,1,0,4.69,56,31.48
6,2,66.25,61.5,0,0,3,5.83,91,32.49
15,5,81.87,70.35,2,1,2,4.97,98,48.37
3,6,12.35,14.07,3,3,1,1.92,102,11.63
18,1,78.79,93.93,3,3,3,6.32,37,92.36
16,6,81.65,80.68,1,2,0,7.04,91,48.3
8,1,91.84,92.5,3,0,2,1.82,47,82.3
1,2,79.51,67.05,0,2,1,2.23,49,40.99
23,2,54.72,31.72,0,2,0,5.71,143,8.98
10,2,11.32,30.77,1,2,1,5.13,24,15.04
21,6,11.7,9.44,0,1,0,3.8,68,2.66
16,5,22.7,27.81,1,0,0,4.74,71,14.8
18,5,45.24,62.25,3,1,0,5.72,44,54.07
18,1,90.99,83.06,3,3,0,4.53,120,63.65
4,6,20.78,26.91,1,1,2,2.34,78,20.01
8,3,53.49,59.06,1,0,3,2.04,111,48.19
11,4,94.83,72.78,1,1,1,4.13,64,68.36
11,4,6.24,3.21,0,1,2,7.04,136,0.0
1,4,9.23,9.74,0,2,0,4.85,112,0.52
13,4,29.29,56.08,3,2,3,3.65,56,55.24
3,3,25.26,24.84,2,1,2,6.95,145,12.73
17,4,49.87,60.73,2,0,1,3.83,131,53.31
16,6,42.84,53.73,1,1,3,4.55,93,41.96
22,2,57.53,57.95,3,0,1,2.2,12,58.64
17,3,18.24,30.88,0,2,1,5.92,93,23.47
8,1,66.73,75.66,3,1,3,5.7,107,71.48
23,2,24.32,12.17,2,1,0,6.27,61,9.39
9,5,45.68,50.71,1,2,2,3.45,30,57.04
7,4,8.0,34.23,3,3,2,4.12,89,46.33
21,1,76.81,64.15,1,1,2,2.51,123,48.32
8,3,61.44,59.99,1,2,3,7.29,55,56.42
1,5,23.79,10.21,2,2,1,2.02,74,10.24
11,0,59.16,50.05,2,2,0,5.39,10,32.13
19,0,44.33,46.79,2,1,1,5.73,109,43.59
4,2,79.36,60.89,1,0,0,2.45,132,28.58
11,4,93.53,83.96,1,0,2,3.69,119,61.46
3,2,16.21,13.28,1,0,2,1.76,70,17.22
16,5,49.11,71.02,3,0,3,4.84,16,78.53
11,5,28.22,26.57,1,3,1,7.47,79,15.07
7,3,72.47,82.29,3,0,3,4.08,142,67.89
5,2,8.1,9.45,0,3,3,7.44,21,0.0
13,0,54.01,63.29,0,3,3,2.26,40,62.89
16,5,82.14,81.65,1,0,2,3.85,128,58.71
22,6,40.04,24.74,0,1,0,6.91,90,0.0
10,3,80.41,84.15,3,1,0,6.76,34,56.59
3,3,18.22,28.12,1,1,3,3.44,13,28.87
19,5,87.65,81.93,0,1,3,5.57,67,63.32
15,4,76.23,74.59,2,1,3,6.82,93,62.91
16,0,40.2,56.18,3,2,2,6.1,128,54.02
2,4,16.76,23.54,3,1,3,5.27,134,19.18
7,6,51.84,45.59,0,0,1,2.42,74,21.67
18,5,65.34,62.77,3,1,0,1.94,69,53.89
19,3,16.6,24.9,1,3,1,5.19,141,23.56
10,3,88.99,100.0,3,3,3,4.5,119,84.99
19,1,73.64,89.83,2,0,2,2.93,39,82.64
20,4,90.65,89.89,2,2,3,3.26,106,71.78
9,1,31.93,54.25,3,3,3,3.85,110,51.5
21,2,44.01,58.55,3,0,3,4.47,42,55.34
6,1,26.61,27.12,0,0,0,3.84,147,9.95
5,2,29.64,26.06,2,0,0,3.82,51,22.04
16,2,18.08,25.37,0,1,1,2.19,87,13.15
15,0,16.27,28.57,3,3,0,6.69,79,28.59
3,5,65.37,49.07,2,1,3,5.15,107,41.25
19,3,19.12,23.5,0,1,0,2.38,137,11.88
4,6,17.01,5.12,1,1,1,4.04,65,2.63
19,1,53.11,71.0,3,1,2,4.0,64,76.27
0,4,68.36,46.07,2,3,0,5.1,115,20.4
19,1,75.02,73.16,0,0,2,5.15,144,48.96
18,3,57.22,62.13,3,1,0,5.37,138,47.22
18,3,23.14,37.64,2,2,3,5.69,116,46.97
15,3,56.59,46.71,0,0,2,2.12,109,44.01
11,4,61.32,68.59,1,0,1,3.33,118,43.58
16,5,28.23,32.41,3,3,2,1.6,141,47.81
6,2,18.0,23.13,1,1,1,4.23,11,18.95
18,5,88.31,61.51,0,0,0,4.08,93,38.94
13,1,13.64,29.46,2,1,0,5.91,14,1.64
11,2,29.95,42.28,3,0,0,2.5,91,36.47
12,2,25.83,37.9,2,0,2,5.29,65,35.51
13,6,85.28,88.82,3,0,2,3.34,52,78.21
0,0,50.18,33.84,0,2,1,3.79,135,9.1
3,2,91.09,75.63,2,1,2,5.82,110,57.3
5,2,79.54,59.08,2,1,1,1.93,90,57.31
2,5,72.94,54.99,3,3,0,3.56,134,55.87
10,3,20.91,34.81,2,1,2,3.85,23,42.26
16,6,35.99,49.99,3,0,1,5.79,101,46.91
15,5,78.82,49.51,0,0,2,2.7,32,33.23
11,4,93.52,82.54,0,2,2,7.18,42,45.59
20,5,84.01,82.12,2,2,0,7.49,36,53.36
13,1,90.36,62.03,0,1,0,6.41,86,19.87
1,3,62.77,60.42,3,0,0,3.3,98,41.53
18,4,48.45,40.95,0,0,0,5.48,116,30.47
13,1,51.32,42.74,2,1,0,2.0,72,40.33
15,0,46.26,47.64,1,2,3,6.73,142,40.03
13,0,18.94,36.24,2,2,3,4.6,62,36.61
13,5,32.52,38.36,2,2,3,2.56,32,40.7
2,4,13.13,14.7,1,0,1,3.46,15,18.64
13,1,12.97,14.7,1,2,1,6.3,27,15.53
19,5,33.07,35.29,2,3,1,6.72,72,36.92
7,4,64.95,73.63,2,0,3,4.62,68,66.66
14,5,60.23,50.51,2,2,1,4.38,130,34.68
0,6,55.35,40.56,1,0,2,6.0,27,28.87
8,6,72.4,59.75,1,3,0,6.46,46,38.04
10,1,43.04,38.61,0,2,3,6.09,148,33.99
23,5,44.79,63.46,3,2,2,3.81,14,58.42
5,2,51.62,46.86,0,2,3,5.35,69,31.31
6,2,10.99,12.5,1,2,1,6.64,37,15.05
9,4,57.35,69.16,3,1,2,2.41,85,61.39
23,4,72.52,75.67,3,3,1,3.83,147,62.76
20,2,28.73,31.15,1,0,1,1.84,42,37.92
0,6,81.93,71.15,1,3,1,3.95,62,49.87
5,1,28.96,16.18,1,3,0,6.13,73,0.96
19,0,51.19,66.18,2,3,1,2.68,122,64.42
1,0,83.7,50.92,0,0,2,4.75,148,30.2
20,5,71.43,56.17,3,1,0,1.72,23,59.46
6,2,56.85,71.72,3,2,1,6.89,78,55.52
22,3,61.05,45.93,1,2,0,6.42,116,19.61
7,4,14.8,15.48,0,2,2,4.65,11,20.33
10,3,67.94,67.58,2,2,1,5.73,123,56.34
15,4,60.07,62.1,2,0,0,2.12,44,47.94
3,0,12.61,13.73,2,3,2,6.57,83,13.55
13,1,16.19,23.36,0,1,3,5.79,147,17.01
12,6,92.39,73.54,2,3,3,2.22,99,74.79
18,3,21.03,30.86,0,2,3,7.38,149,20.01
23,1,85.62,73.63,1,2,0,1.64,95,50.39
15,2,29.83,25.98,2,2,0,5.27,39,17.68
9,2,40.65,52.37,3,3,3,2.53,107,66.18
9,1,54.99,57.16,2,3,2,5.82,96,51.95
10,2,61.33,52.89,0,2,2,1.92,53,56.89
19,5,49.8,68.21,2,2,3,1.99,20,63.96
7,0,36.36,33.84,0,0,0,4.3,101,6.68
4,2,49.88,39.93,0,0,2,7.46,91,25.36
8,3,68.06,62.2,0,2,2,3.16,119,46.45
0,3,40.68,43.95,3,1,3,5.18,27,49.35
2,6,54.07,32.5,1,1,1,4.61,85,20.47
2,6,39.13,39.2,2,2,2,6.55,125,18.23
18,2,34.69,70.1,3,0,3,3.23,135,66.14
17,3,31.89,42.38,3,1,1,4.83,142,40.77
16,0,25.16,32.99,3,0,0,7.2,39,29.96
11,4,73.47,48.95,0,3,1,3.5,34,33.8
17,1,93.55,93.18,1,2,2,4.14,91,75.21
3,0,7.61,6.18,1,0,1,6.83,75,0.0
21,4,22.65,43.19,3,2,2,3.49,43,50.71
12,1,91.78,71.53,1,0,1,3.78,24,50.27
22,3,35.76,30.07,0,3,0,3.32,30,11.45
3,0,40.01,45.79,3,0,3,6.36,57,35.25
11,5,64.67,50.75,1,1,3,7.08,114,38.96
16,5,36.74,55.91,2,3,2,5.29,19,40.19
11,4,49.34,44.27,1,2,1,5.24,24,38.5
10,5,86.06,71.79,1,2,1,3.84,47,57.44
3,3,55.83,38.17,0,2,1,1.57,133,26.69
9,1,65.02,45.7,0,2,1,2.54,149,40.65
5,1,24.54,12.68,0,0,0,2.38,72,0.0
7,1,28.53,25.37,0,1,1,2.2,16,18.48
16,1,85.24,76.28,1,3,1,5.42,11,58.74
15,2,87.58,75.03,0,3,1,2.32,131,43.74
14,1,77.63,64.39,0,2,1,2.01,72,48.76
8,4,15.99,38.28,3,3,2,3.8,20,47.42
23,1,78.67,82.93,3,3,3,2.99,127,69.97
2,4,6.73,0.0,1,1,1,2.38,84,0.0
8,2,58.69,56.5,3,2,0,2.38,59,60.43
2,4,65.77,52.53,0,3,3,3.04,73,49.93
8,3,43.38,30.88,0,0,0,4.72,41,10.33
23,6,48.13,40.37,1,3,3,6.05,141,46.16
8,3,71.77,73.03,1,1,2,6.62,121,47.33
21,2,85.54,78.73,0,1,2,6.01,38,39.84
11,4,22.04,29.82,3,1,1,5.27,113,36.72
16,4,17.46,48.7,3,1,2,6.95,35,38.56
10,3,61.7,67.5,1,1,2,4.62,73,63.19
6,3,25.77,28.72,1,2,3,5.3,115,22.96
18,3,22.48,28.09,2,3,0,3.97,15,30.1
23,2,23.31,44.41,3,1,0,3.46,112,23.77
6,2,22.72,17.54,1,0,1,3.49,41,22.05
18,6,47.94,45.25,2,3,0,2.39,108,49.92
6,4,91.8,91.85,0,1,3,6.28,80,56.41
17,0,79.53,70.28,2,2,0,1.83,13,65.51
18,6,53.9,68.28,3,1,0,5.55,117,53.41
10,4,12.3,15.71,1,0,1,6.69,46,7.73
17,0,65.56,69.17,2,1,1,4.48,144,64.86
6,5,45.6,52.44,2,1,1,1.92,128,38.95
1,4,75.05,60.77,2,3,2,4.07,37,49.29
2,6,49.46,44.31,2,2,2,3.56,94,25.3
10,3,65.14,84.12,3,2,3,7.41,61,65.72
21,3,23.0,14.25,0,0,1,5.65,94,5.03
3,2,79.99,92.27,3,0,3,5.83,88,69.04
10,2,75.15,81.37,3,1,0,4.59,51,69.48
16,4,38.66,47.34,3,3,0,5.76,101,39.7
4,5,91.73,63.4,1,0,1,5.84,46,25.38
17,6,19.44,42.38,2,3,0,1.9,137,32.69
7,5,6.8,10.41,1,3,0,2.84,143,21.84
19,4,73.68,75.75,3,1,1,1.58,33,70.17
13,3,59.05,63.54,1,0,2,4.56,112,42.72
13,2,14.98,9.98,1,0,1,6.75,141,0.0
4,5,19.36,17.39,2,0,1,5.16,27,3.61
11,2,16.78,12.67,0,3,0,4.5,114,0.0
20,1,20.02,14.49,1,3,0,7.06,142,3.6
0,6,46.53,24.54,0,2,3,2.53,41,21.51
18,4,9.59,19.39,1,0,0,1.95,92,8.65
11,2,51.74,55.07,1,3,2,7.0,122,32.6
17,6,59.48,51.07,0,2,2,6.92,57,35.76
15,6,70.46,55.47,3,3,0,5.6,43,38.13
10,2,90.14,83.7,1,1,0,2.98,65,56.1
7,3,12.42,26.64,1,0,1,7.32,57,19.55
15,3,8.16,11.35,0,3,2,6.09,112,1.2
3,4,17.52,26.06,3,0,0,5.54,62,14.38
14,6,35.36,52.15,3,0,3,2.84,63,49.65
2,3,52.28,51.17,1,0,1,4.58,143,16.98
15,5,5.39,15.53,1,0,1,6.44,91,0.0
15,4,67.31,55.74,1,2,3,6.66,141,45.96
2,6,91.12,65.99,3,0,0,4.87,110,53.13
18,2,27.48,34.51,0,3,3,4.64,134,30.62
9,2,5.79,29.34,2,3,2,5.69,37,31.7
18,2,72.79,76.29,3,0,1,4.67,142,70.41
0,6,74.3,50.61,3,3,0,4.01,143,45.51
4,4,8.92,17.54,3,0,0,2.01,15,11.23
11,1,60.56,77.6,3,1,3,2.26,60,72.12
4,0,26.86,14.62,0,2,1,6.06,68,5.96
7,3,61.96,63.08,0,0,3,1.65,69,59.96
15,5,70.37,53.9,0,0,3,1.81,119,50.07
3,3,25.05,20.38,2,0,1,6.93,108,13.4
16,3,28.47,33.13,1,2,1,5.72,40,32.2
2,5,60.04,41.14,0,0,1,1.53,95,22.21
4,3,57.4,53.12,2,0,2,3.37,147,35.4
14,6,84.76,64.72,0,0,2,6.08,72,37.03
19,4,50.93,50.09,1,3,1,4.01,140,42.86
4,5,76.98,44.65,1,3,2,4.31,101,42.65
7,5,70.88,88.28,3,3,2,4.25,140,76.09
22,4,64.91,42.14,2,0,0,2.71,137,35.36
23,0,22.26,36.98,2,1,2,5.83,12,24.06
13,2,29.87,48.77,3,3,3,2.12,122,62.87
10,0,56.01,55.47,0,2,3,4.54,36,45.19
8,3,10.93,21.82,1,0,1,2.52,126,18.28
14,1,9.05,16.88,3,0,0,1.78,123,26.54
14,3,9.48,33.4,2,3,3,2.36,46,45.69
7,2,87.92,71.11,0,3,3,6.72,19,55.73
0,0,67.0,54.53,0,1,3,2.56,69,34.98
3,0,80.31,49.08,0,0,1,3.17,52,28.59
23,3,91.71,67.04,0,0,1,2.33,88,43.47
10,0,68.09,69.22,2,0,2,5.91,21,49.9
11,5,51.38,37.84,0,3,1,4.17,16,20.11
11,5,48.11,63.16,3,3,3,7.16,71,36.58
18,4,72.14,72.69,2,1,1,5.49,118,63.52
1,1,83.11,77.37,3,3,1,4.69,54,64.99
1,5,79.67,71.67,1,3,3,5.44,55,59.54
6,4,49.37,56.7,3,3,1,1.74,33,58.64
11,2,74.62,63.5,1,3,0,7.2,49,34.08
16,0,47.89,77.66,2,2,3,7.24,52,70.04
11,3,39.59,22.61,0,3,1,3.16,46,15.79
10,5,31.79,56.42,3,2,2,5.27,58,43.01
22,0,9.91,35.95,2,3,2,2.71,49,34.81
3,0,23.1,11.67,0,1,0,4.78,105,0.0
13,2,70.7,79.23,3,0,0,6.12,57,46.28
13,3,20.45,54.14,3,2,3,7.14,116,37.05
11,3,86.11,59.64,0,1,0,3.54,95,33.69
19,2,12.07,32.87,3,1,1,5.66,100,35.6
6,1,9.6,32.63,2,2,3,5.8,92,28.98
22,0,48.3,35.41,1,2,0,2.83,140,40.57
7,0,25.04,60.01,2,1,2,5.27,46,46.4
13,0,14.27,30.79,3,0,0,5.43,148,21.57
12,4,10.39,20.81,1,2,2,6.08,39,6.58
20,5,52.46,43.9,2,1,2,7.5,29,36.3
10,3,28.35,27.18,0,0,0,1.74,126,14.68
6,0,55.02,50.31,3,0,1,2.71,136,45.87
0,2,18.35,33.53,3,2,2,2.37,23,46.13
8,6,7.2,2.67,0,1,3,2.43,94,12.85
19,1,7.45,35.05,1,1,2,4.23,82,22.73
0,3,15.14,7.93,0,0,2,6.77,41,0.0
21,3,76.64,52.34,1,0,1,4.19,83,39.86
13,2,45.37,37.55,1,2,0,5.51,106,20.64
3,3,61.15,63.14,3,3,3,3.76,90,60.52
7,3,83.75,86.85,2,1,3,3.42,83,72.43
13,3,24.13,42.03,3,3,0,6.51,134,38.69
7,5,83.42,84.73,3,2,1,5.43,41,78.59
2,4,72.11,63.49,2,1,1,3.61,97,45.17
15,0,70.61,49.1,0,2,0,6.98,54,14.03
16,0,83.37,97.01,3,0,3,4.49,147,95.87
2,2,16.33,9.6,3,1,0,2.63,45,19.7
6,6,53.65,38.43,0,2,0,4.4,132,16.12
5,0,48.52,25.63,0,3,1,5.55,99,17.93
15,0,64.76,82.86,3,0,3,3.7,40,69.09
17,4,26.42,31.55,1,3,0,6.56,116,14.73
17,3,16.46,32.49,1,2,1,4.7,44,28.94
22,1,92.61,81.52,1,0,2,4.31,46,51.09
18,1,46.91,68.42,3,3,0,6.65,58,46.29
7,4,25.88,17.71,1,3,0,4.28,106,21.09
2,3,16.58,8.14,1,1,0,3.99,65,0.0
14,4,58.42,40.34,1,0,0,2.12,90,20.68
21,1,18.3,2.83,0,1,1,3.67,87,0.0
23,3,21.47,20.29,0,3,3,3.88,37,15.47
5,6,90.69,80.5,1,0,3,2.58,42,56.51
5,2,7.62,5.28,0,1,2,5.03,53,0.0
0,2,21.81,33.17,3,1,3,2.36,41,45.68
3,1,65.41,49.51,1,0,0,2.84,139,24.67
13,4,24.52,36.46,2,2,2,4.87,63,31.21
13,0,21.37,28.68,1,3,1,3.11,67,21.09
8,1,55.09,61.92,3,0,0,5.34,104,37.0
7,4,67.64,70.5,1,3,2,5.64,121,55.64
19,0,43.76,39.36,0,3,1,3.31,107,37.53
11,6,75.32,76.56,1,3,3,2.02,87,66.25
19,2,78.37,58.94,0,2,1,4.44,147,49.99
23,2,61.08,57.37,2,1,1,2.06,136,52.16
7,3,57.0,63.72,2,0,0,4.59,38,59.51
4,4,78.47,56.42,1,3,1,5.86,32,30.28
22,3,6.35,6.56,1,2,0,5.22,65,1.01
15,6,50.96,68.71,2,1,2,4.19,127,49.77
6,6,16.59,33.87,2,1,1,7.18,146,11.18
14,1,24.94,37.95,3,0,1,2.11,109,32.01
12,4,90.41,77.3,3,1,1,6.78,107,61.66
21,2,5.33,1.59,0,3,3,6.3,42,8.9
6,6,32.63,44.46,2,2,2,4.02,93,29.69
23,1,18.89,34.46,0,1,3,2.42,35,18.34
22,2,56.34,52.33,1,0,1,2.44,86,34.97
4,4,80.98,52.33,2,1,1,7.03,37,31.67
3,5,40.18,30.05,2,0,0,2.9,20,20.6
12,0,80.35,77.44,3,1,2,6.74,146,54.98
1,3,44.62,40.26,3,0,0,4.52,135,23.29
7,2,86.81,100.0,3,3,3,4.27,106,82.18
10,4,81.23,87.01,2,0,2,5.22,98,59.48
23,3,21.09,33.22,2,0,1,2.79,43,22.97
23,6,84.66,81.63,3,2,2,4.07,90,67.55
3,6,22.33,20.98,0,1,3,7.13,115,0.0
21,4,49.14,35.32,1,3,0,2.93,86,28.39
2,4,22.64,25.19,1,1,2,7.03,49,0.0
17,6,39.78,54.29,2,2,3,7.47,65,47.1
20,1,93.7,74.71,1,3,2,1.81,128,64.53
21,5,73.86,64.89,0,3,2,4.69,45,35.61
5,5,54.87,36.88,3,3,2,2.53,145,42.29
21,0,89.19,70.41,2,2,0,5.23,116,36.67
2,6,37.37,43.2,2,3,3,7.44,135,24.39
12,4,20.59,42.4,3,1,1,6.88,81,33.11
11,2,79.61,79.62,3,3,1,7.05,41,47.86
7,3,6.1,31.68,3,3,3,2.78,14,54.77
0,3,77.41,52.38,1,1,0,4.75,85,21.23
18,6,6.97,16.06,0,0,1,2.91,66,7.25
8,6,30.59,48.95,1,2,2,6.9,26,42.21
15,5,36.99,46.08,3,0,0,2.65,140,28.27
9,4,33.67,58.74,3,0,2,2.42,146,66.12
8,0,26.91,32.83,0,3,2,1.57,62,34.14
21,6,14.74,20.11,3,2,1,2.59,104,24.53
2,0,5.29,0.0,1,2,0,2.64,68,1.26
17,1,74.72,77.69,3,3,1,1.96,80,81.27
17,0,46.12,67.1,2,3,3,6.71,97,61.53
9,6,19.57,21.58,0,3,2,6.18,68,13.49
6,3,12.4,29.93,1,0,3,3.03,123,16.88
0,1,30.06,16.08,0,1,2,6.2,36,0.0
22,0,36.89,39.08,1,3,3,4.03,104,46.31
22,2,46.53,70.36,3,0,3,6.15,148,64.72
5,5,14.09,23.52,2,0,2,3.44,129,15.1
0,6,93.19,68.95,2,2,1,4.89,16,38.59
2,3,29.19,25.2,2,1,2,3.79,26,20.18
1,4,44.72,42.84,0,0,3,2.63,98,24.11
19,5,68.81,74.68,2,3,1,5.01,140,55.34
21,6,32.92,35.17,1,1,1,6.0,129,9.61
3,1,12.42,21.7,2,1,3,6.02,137,19.93
17,6,38.89,33.34,0,2,2,3.64,31,34.15
4,3,54.76,41.32,2,2,0,4.61,83,35.21
8,6,80.76,85.0,2,1,1,6.08,112,56.76
14,0,38.11,30.08,1,3,1,1.83,98,31.12
17,0,85.06,72.57,0,1,1,1.93,119,62.27
20,6,54.15,60.44,0,3,3,3.76,40,51.2
1,4,69.57,56.96,1,3,3,2.84,74,43.42
4,1,7.71,18.66,2,0,3,3.75,73,21.97
6,6,85.62,73.19,3,3,2,2.06,142,71.23
7,0,24.21,44.79,2,0,2,5.05,38,41.64
23,4,34.33,32.53,1,1,2,5.53,56,25.35
18,1,52.13,42.65,1,3,1,6.25,13,49.61
7,0,91.38,64.12,0,0,0,5.4,31,36.45
23,5,36.11,25.46,0,2,0,3.88,148,1.06
11,5,24.85,12.83,0,3,2,7.11,129,0.0
12,0,91.47,79.15,3,1,2,5.86,46,66.5
10,0,77.76,68.9,0,0,1,4.67,108,47.11
3,4,64.71,53.08,3,0,0,2.74,93,36.59
22,0,41.87,33.75,2,2,0,5.39,137,28.56
0,5,42.84,32.6,2,0,1,5.05,52,18.11
4,6,90.56,94.37,3,0,3,5.6,150,66.32
5,5,11.21,26.04,3,3,1,6.19,62,7.37
6,1,73.18,63.93,0,2,3,6.99,111,54.46
3,1,59.1,67.27,3,1,3,7.19,66,51.09
0,4,92.16,71.2,0,0,3,5.28,104,55.71
16,0,55.26,56.37,2,3,3,7.3,57,54.16
23,3,30.25,18.11,2,2,0,6.97,128,15.01
2,3,75.19,51.77,0,0,3,1.52,99,38.84
7,5,93.71,81.44,2,3,3,5.33,50,87.69
12,1,86.67,86.3,2,0,3,2.57,145,79.63
22,5,31.53,31.85,3,2,0,3.27,109,32.31
16,4,36.17,55.02,3,2,1,3.29,70,51.09
18,1,72.93,75.6,1,1,2,4.4,29,75.06
13,2,58.84,57.19,2,3,0,1.57,147,58.15
10,0,6.05,29.84,3,2,3,2.91,116,43.34
4,3,17.77,12.4,0,1,1,1.67,104,4.49
20,1,12.69,12.45,2,0,0,5.4,127,9.66
19,0,21.09,46.16,3,1,1,6.84,95,26.48
0,3,32.44,27.92,0,1,1,7.49,42,9.03
17,3,92.05,100.0,3,2,2,4.19,43,97.02
2,0,65.88,46.2,0,1,2,3.06,21,29.42
17,1,9.93,27.12,1,0,1,6.62,18,4.5
19,0,59.66,62.22,3,2,2,2.18,112,72.26
3,4,44.3,38.58,3,1,3,7.35,130,27.17
10,2,72.86,74.73,2,1,1,5.79,33,49.05
2,0,84.55,76.03,2,2,1,4.52,90,54.41
13,1,10.87,4.21,1,3,0,2.08,27,16.92
22,6,93.19,84.21,3,0,1,1.61,68,68.75
1,1,10.21,16.42,2,3,1,4.77,121,17.34
9,4,70.91,78.76,3,2,3,3.98,124,82.52
23,3,86.28,69.75,2,2,0,6.56,143,36.89
7,1,72.65,69.6,0,0,2,5.35,53,46.02
3,2,18.57,28.13,2,2,3,4.09,143,32.99
11,0,23.72,36.87,3,2,1,2.86,120,32.77
12,5,8.71,12.39,3,2,0,4.38,57,17.56
15,2,16.8,24.88,1,3,2,2.48,56,24.99
7,3,10.49,17.77,0,3,2,5.5,25,22.48
22,1,9.83,27.67,3,3,2,5.13,139,32.69
12,5,55.59,61.24,3,1,3,6.36,38,52.07
6,1,11.9,23.38,3,2,0,4.2,47,25.8
23,3,43.26,35.07,2,0,0,3.17,68,14.04
22,6,68.87,66.67,3,2,1,6.52,29,43.76
11,4,6.36,15.03,1,0,2,5.65,123,4.99
0,4,62.5,57.47,3,1,3,5.74,108,57.22
14,6,73.15,50.03,1,2,2,4.67,32,33.58
13,1,53.3,60.01,3,1,0,6.76,32,39.58
3,6,47.8,41.64,0,3,3,2.87,13,34.25
15,3,70.78,54.32,1,0,1,3.91,143,38.9
20,2,52.68,54.7,0,3,3,6.28,71,38.41
2,1,50.84,30.43,1,2,1,2.3,102,20.64
17,5,77.16,85.41,3,1,3,6.35,31,75.89
3,6,80.38,52.16,0,0,2,3.62,42,38.23
17,4,38.16,50.53,2,0,2,2.25,86,48.27
10,0,42.39,67.05,3,1,3,1.97,39,59.14
0,3,77.07,54.68,2,2,0,6.56,96,34.65
23,5,54.04,48.53,2,2,1,6.17,140,40.71
3,2,66.81,45.31,0,1,0,3.23,53,15.16
14,5,11.77,28.9,2,2,3,2.2,95,41.8
4,4,13.58,9.64,0,2,3,2.98,139,12.26
22,0,52.86,51.75,0,1,3,2.78,136,33.94
17,3,78.73,85.63,3,1,0,5.9,11,63.1
19,1,33.49,52.5,2,1,1,2.79,25,44.51
10,3,91.46,80.58,3,2,1,2.8,149,77.01
11,2,73.43,60.95,1,2,3,1.69,140,57.68
15,5,75.35,76.25,1,0,3,5.08,55,60.94
18,6,80.06,87.63,3,3,3,5.63,83,87.36
20,3,27.9,26.69,2,0,3,5.42,90,20.18
0,3,34.73,38.9,3,2,3,4.91,104,30.91
15,4,15.66,12.2,0,0,1,7.3,115,0.0
2,4,39.23,36.06,2,1,2,4.34,62,26.48
6,4,8.22,34.28,3,2,2,6.66,135,26.71
19,5,72.63,65.79,3,3,0,5.38,18,61.83
6,6,77.23,82.15,2,2,3,2.0,14,78.67
19,5,24.23,24.44,0,0,0,6.36,145,0.0
11,0,49.09,48.34,2,3,3,5.01,34,36.89
5,3,65.48,40.91,0,1,1,5.42,150,16.39
8,3,71.83,75.18,3,1,0,2.58,50,60.54
12,3,92.25,84.7,2,0,2,4.12,61,67.6
18,3,23.06,30.26,0,2,1,6.78,13,18.74
14,5,27.21,27.48,2,1,1,2.79,143,16.73
22,2,81.85,84.81,2,0,3,1.5,60,88.17
20,1,13.75,15.11,0,2,2,3.05,33,15.08
18,3,75.73,87.35,0,0,2,4.43,78,57.47
14,5,17.0,13.0,0,2,3,6.43,31,10.06
6,2,46.8,64.58,0,2,3,5.36,121,44.25
9,0,58.3,50.32,2,3,0,7.01,20,36.83
2,6,74.11,71.26,3,2,1,4.23,80,65.09
8,1,15.31,33.81,0,2,3,3.84,65,23.01
22,4,79.17,72.63,2,0,3,2.89,15,59.26
10,5,81.55,70.91,1,0,0,2.81,17,41.34
2,1,76.41,58.55,3,2,0,5.92,83,40.59
15,2,89.36,75.26,1,2,1,1.98,65,62.52
23,1,83.5,79.16,2,2,2,2.96,28,67.26
20,1,74.12,77.92,3,2,3,6.82,29,71.36
6,1,57.14,42.11,0,3,1,4.96,123,29.08
10,1,77.78,68.38,1,2,0,1.78,113,52.7
12,3,92.78,73.47,1,0,2,5.73,95,55.28
5,3,62.36,30.84,0,1,0,4.54,127,8.45
6,0,26.83,44.01,2,1,2,6.63,19,29.64
5,5,27.31,24.66,0,2,3,5.59,106,7.7
23,4,76.64,59.03,1,2,2,1.53,116,56.05
17,0,94.05,79.69,0,2,3,2.73,38,81.95
20,5,23.93,18.27,2,2,2,3.05,85,18.11
19,0,92.31,100.0,3,1,3,5.71,118,86.34
23,3,29.15,42.81,1,0,3,4.56,95,33.75
2,3,42.15,19.73,1,3,0,5.98,45,18.24
21,3,86.73,80.0,1,1,2,4.58,103,60.49
1,6,91.56,73.82,0,0,1,3.46,117,32.65
11,6,56.03,32.56,1,3,0,2.12,11,23.08
14,1,90.51,75.86,3,0,0,2.72,90,66.85
8,4,80.82,52.26,0,1,0,3.9,81,36.05
3,6,82.98,71.38,3,2,0,4.81,61,40.07
4,5,83.14,49.19,0,1,0,7.13,16,22.28
19,6,39.76,42.84,0,3,3,2.94,21,47.0
7,3,7.76,21.18,1,1,1,5.5,115,7.04
7,1,19.82,20.37,1,2,0,2.42,126,11.6
22,3,11.7,14.61,1,1,1,5.78,69,0.0
3,5,26.82,34.23,3,1,2,1.57,142,28.81
21,6,9.98,23.91,3,1,2,5.44,140,23.7
22,4,29.92,28.26,2,3,0,2.48,103,31.99
14,4,58.01,40.67,0,3,0,2.58,91,29.52
3,3,17.7,28.38,3,1,2,4.85,146,15.84
3,2,33.42,47.27,3,1,3,3.75,95,42.21
6,2,25.17,22.21,0,1,0,4.33,141,12.14
13,3,13.56,16.27,1,2,3,3.35,148,19.31
3,5,65.85,62.27,3,2,0,7.22,37,39.6
10,3,85.37,70.88,0,2,1,3.24,103,58.08
2,5,69.44,37.67,0,1,0,4.75,113,15.58
12,0,66.58,55.61,2,1,1,6.63,125,41.05
0,5,93.47,88.22,1,2,3,5.49,59,64.04
17,3,70.81,79.51,1,3,0,3.44,131,48.45
1,6,9.24,32.72,3,3,2,4.81,78,34.43
4,3,24.64,24.59,2,0,1,2.0,64,9.16
4,3,62.37,57.32,2,0,2,4.77,32,44.0
19,0,62.51,62.45,0,2,0,4.09,55,41.44
1,5,79.93,49.87,0,0,1,6.05,147,14.59
10,4,19.3,39.68,1,2,3,6.59,110,28.01
14,6,93.31,74.77,0,1,2,2.7,112,55.92
12,0,51.47,67.49,1,0,3,1.99,136,57.71
16,1,87.84,100.0,3,2,2,3.84,47,89.96
19,6,52.64,41.94,0,2,0,4.7,103,23.57
9,0,21.82,35.39,0,2,1,3.76,62,32.25
19,3,36.59,45.32,0,3,3,5.27,129,38.1
7,2,24.9,32.11,1,3,2,4.53,69,33.77
23,6,28.78,24.72,0,1,2,7.12,130,5.37
12,5,85.13,72.33,0,2,3,3.96,115,68.2
17,6,38.97,37.56,2,3,0,1.99,118,33.37
21,2,21.44,23.81,0,3,3,3.31,140,28.64
19,4,37.81,24.12,0,2,0,5.14,121,5.8
20,4,60.55,64.84,3,0,3,3.04,55,58.85
12,6,23.08,28.26,0,1,3,3.11,83,19.9
1,0,9.59,10.2,0,0,1,3.54,76,0.0
11,6,83.49,68.51,0,0,1,5.98,19,34.7
4,2,26.53,24.11,2,1,0,7.14,93,4.1
21,0,89.27,67.57,2,1,1,3.6,71,52.58
5,4,9.24,2.63,2,3,0,2.67,65,12.96
5,5,63.58,52.39,2,1,2,4.02,25,34.66
5,0,64.87,45.45,0,0,0,3.61,81,22.51
15,0,19.04,26.81,1,0,3,7.44,91,21.56
13,6,64.87,50.17,2,0,1,4.28,24,33.29
22,6,39.89,58.86,2,1,3,5.58,99,41.44
9,1,39.36,37.19,1,1,1,6.98,33,26.98
6,6,83.97,77.57,3,1,3,5.27,30,79.6
1,6,90.72,79.91,3,1,2,3.0,66,62.96
0,6,20.31,31.27,3,1,3,5.14,64,50.64
8,1,66.57,72.43,3,2,2,3.91,139,74.26
22,4,18.92,32.63,3,0,1,4.03,19,32.28
12,6,8.15,20.39,3,3,2,7.38,59,26.03
21,6,18.46,17.71,2,1,0,3.17,113,1.07
2,4,62.12,53.47,1,0,3,4.31,45,47.67
2,1,70.38,41.42,1,0,2,2.46,148,26.04
20,0,50.63,58.14,3,2,0,2.57,114,52.28
2,1,90.65,52.66,1,2,0,5.12,143,27.07
1,0,73.78,48.55,2,0,0,6.01,143,20.77
9,1,19.55,44.07,2,1,2,5.32,25,50.31
22,0,23.71,34.06,1,0,2,3.48,74,25.16
16,5,58.65,52.84,1,3,0,1.86,114,35.05
2,4,35.0,13.24,0,1,2,4.32,11,15.18
20,3,5.08,13.42,2,3,1,4.53,73,8.19
20,5,7.19,5.66,0,2,1,6.12,107,1.06
19,2,41.73,44.04,0,3,2,5.34,121,36.22
21,2,52.13,62.52,1,2,3,6.73,68,37.6
5,1,63.8,73.9,2,0,3,6.2,131,53.72
23,3,73.68,62.36,1,2,0,3.7,104,44.02
7,1,92.19,94.63,3,1,3,5.29,16,75.67
19,4,80.5,96.46,3,3,2,5.98,49,83.77
13,6,37.03,25.54,1,1,0,7.24,142,5.56
18,3,53.12,53.88,3,0,3,4.03,10,67.18
15,2,24.43,12.84,0,0,1,5.39,25,2.42
15,4,92.19,53.77,0,2,1,3.86,58,46.32
14,5,53.19,50.61,1,0,3,5.93,150,37.61
18,3,27.47,48.53,3,2,2,6.97,109,46.83
17,1,70.16,56.37,2,0,0,7.02,30,41.7
3,4,48.91,31.24,2,0,0,2.44,65,23.26
19,1,94.71,87.2,2,2,3,2.72,142,82.75
12,6,11.72,14.55,1,1,1,6.03,40,0.0
7,2,35.19,39.36,3,2,0,5.29,91,29.97
12,2,89.77,86.7,3,0,0,6.93,75,55.84
23,5,46.51,49.67,1,0,3,3.38,117,33.55
20,0,33.06,53.04,2,0,2,6.59,116,32.53
20,1,59.44,57.61,2,1,2,5.6,127,52.85
11,0,64.8,79.67,2,1,2,2.67,26,63.1
18,2,13.35,20.63,0,1,1,2.26,73,20.77
9,3,28.34,33.71,0,0,3,5.72,107,25.55
16,1,32.81,70.48,3,1,2,2.45,69,74.37
15,2,27.12,14.73,0,3,2,6.27,104,20.48
5,5,39.46,36.54,2,0,3,4.84,99,25.48
6,6,35.12,26.63,3,3,0,4.36,62,30.49
1,0,70.83,44.13,2,1,1,3.15,24,51.34
3,4,58.9,31.94,0,2,3,7.4,146,12.07
10,0,43.63,55.73,3,2,0,5.83,126,49.35
11,3,23.0,11.26,0,2,1,6.17,136,0.0
3,6,42.86,29.07,2,3,0,6.11,52,14.0
10,5,21.24,37.54,1,3,2,5.0,54,30.96
14,1,90.69,90.54,2,0,3,7.14,55,57.56
5,1,20.64,18.76,1,1,1,5.0,14,13.81
8,5,82.28,88.74,2,2,2,4.62,33,73.59
8,5,60.4,74.76,1,2,3,3.14,53,58.49
12,1,77.97,69.38,2,3,3,3.19,149,68.8
8,0,84.97,96.56,3,2,3,5.92,38,92.55
17,3,77.36,79.79,3,1,1,3.51,81,62.45
7,4,58.04,50.76,1,3,0,5.87,87,17.19
10,3,29.03,38.32,3,2,2,7.22,60,41.14
9,6,64.4,68.64,3,3,2,4.14,139,60.95
4,5,5.44,4.95,2,2,1,2.08,23,16.21
16,5,38.97,61.07,2,0,2,5.5,132,43.49
5,0,82.22,51.11,0,3,2,1.56,114,44.45
7,5,57.25,41.52,2,2,1,6.22,53,36.97
19,5,28.46,29.45,0,0,1,4.65,118,6.96
22,2,85.3,56.62,0,1,1,4.44,70,38.56
16,4,6.37,29.61,3,1,1,4.92,146,22.97
21,5,84.46,76.44,1,1,2,4.6,15,46.79
20,6,73.35,60.11,2,2,0,3.44,14,38.62
11,3,18.17,29.07,3,2,1,3.19,86,24.61
18,0,10.66,31.58,2,0,2,3.99,141,31.65
7,4,90.61,91.17,3,2,0,6.87,18,67.22
11,4,11.03,26.86,3,1,3,2.31,119,40.47
12,0,92.64,88.8,1,0,3,3.45,142,58.52
23,5,42.86,40.83,3,3,1,2.65,78,40.71
20,1,36.82,53.72,3,1,2,4.06,132,43.91
11,6,63.5,41.92,1,0,1,2.3,116,32.96
15,3,49.64,58.54,3,2,1,6.06,40,47.67
4,2,40.1,20.16,0,3,0,2.12,130,9.22
19,0,62.61,64.76,0,0,3,5.49,108,44.38
13,0,36.51,55.0,2,0,3,3.11,11,50.53
12,5,8.09,20.08,2,3,3,4.33,90,22.94
18,2,79.22,73.86,2,2,0,2.7,102,71.14
15,5,51.32,64.07,3,1,3,5.88,122,53.39
1,1,66.8,51.0,1,1,2,7.19,118,29.49
6,6,56.77,66.89,3,2,2,2.83,77,51.81
4,6,60.28,54.71,3,2,1,7.22,52,31.61
17,0,24.7,20.73,0,0,0,3.45,37,15.93
0,4,89.12,73.99,1,1,1,4.85,22,45.88
4,6,45.3,26.55,0,3,0,5.71,100,1.47
14,2,87.81,79.32,2,0,3,2.7,145,59.42
16,0,77.62,73.92,1,3,3,4.17,21,67.82
12,6,69.81,63.72,1,1,3,1.91,109,53.24
20,3,46.41,53.55,1,0,3,5.68,92,46.08
22,0,7.04,0.0,1,2,0,4.0,34,0.0
3,5,33.37,16.42,0,2,2,6.85,39,0.0
22,4,64.84,54.64,0,1,3,3.14,50,34.81
14,0,34.76,32.96,2,3,2,7.04,106,31.15
15,1,13.92,25.87,3,0,2,2.35,52,41.21
2,0,51.6,44.11,2,0,1,5.14,126,28.1
14,6,18.9,35.19,3,2,3,3.35,62,45.17
17,0,32.56,35.57,0,2,2,2.59,25,31.41
13,5,50.17,47.47,3,2,2,2.06,23,55.09
2,3,15.47,11.64,2,3,0,5.43,66,0.0
12,4,15.13,22.36,2,3,3,2.9,67,35.68
22,5,23.91,33.43,0,2,2,4.94,113,18.86
17,6,58.26,81.15,2,2,3,7.38,77,62.07
3,0,88.99,65.76,1,3,2,3.4,33,58.7
23,0,26.51,34.23,3,3,2,1.71,40,45.73
23,0,69.78,83.23,3,0,3,2.36,89,76.73
4,4,22.04,27.02,3,2,0,2.22,57,34.95
19,3,62.2,83.9,3,3,1,4.28,104,75.01
9,0,17.39,42.51,2,0,0,5.97,140,18.23
14,1,81.08,52.19,0,3,2,3.28,60,43.47
10,3,71.83,73.83,1,2,1,2.38,87,65.35
18,5,66.27,66.15,3,0,0,5.34,127,56.36
23,2,6.32,30.39,2,2,3,3.31,39,34.74
19,6,80.28,83.24,3,1,0,4.95,82,54.82
22,6,18.58,31.53,3,1,0,7.1,53,9.87
22,5,53.01,53.17,2,2,0,3.25,98,37.01
2,3,74.9,50.01,0,2,2,4.57,114,35.81
6,6,61.85,54.86,3,3,1,6.34,29,51.62
17,5,78.71,77.98,0,1,2,5.65,36,42.33
14,3,68.8,47.43,0,0,1,6.01,13,32.43
1,3,73.05,69.62,0,3,3,6.14,11,54.32
2,5,31.89,11.61,0,1,1,4.74,17,0.0
12,3,39.12,42.5,1,3,3,4.72,109,38.71
14,1,50.13,53.76,3,3,1,5.81,137,48.45
4,6,57.75,35.8,3,0,0,5.69,67,13.16
4,0,67.25,38.65,1,1,1,5.52,134,19.21
3,4,55.0,42.99,1,0,0,3.79,112,22.43
13,4,68.94,46.6,1,2,1,6.47,123,28.48
0,4,18.57,38.01,3,3,0,2.92,114,23.78
13,0,40.52,40.51,0,2,3,2.43,38,39.36
11,3,87.2,63.58,0,1,2,3.57,83,41.31
11,6,24.53,18.6,0,3,0,3.02,84,0.0
16,1,17.93,29.68,3,0,3,5.48,100,44.84
12,4,72.03,53.53,0,0,1,2.89,122,40.34
17,6,22.5,34.76,3,1,0,5.44,25,33.07
18,6,46.18,29.39,0,3,0,4.58,105,28.43
22,3,69.06,55.3,2,3,0,2.41,127,48.65
19,2,48.64,67.7,3,2,0,3.05,26,71.34
12,4,86.14,67.3,0,3,1,4.63,68,46.09
11,3,84.03,76.3,1,3,2,5.9,136,56.51
5,4,50.27,36.68,2,2,1,3.89,13,33.5
14,5,91.48,81.6,3,0,3,2.9,32,72.86
3,4,31.26,39.82,3,3,3,3.27,123,38.99
22,1,26.05,5.55,0,2,1,2.07,34,5.52
20,5,65.32,60.35,3,0,2,1.65,108,54.21
2,3,56.55,32.95,1,3,1,7.34,137,28.7
18,6,27.6,24.6,2,1,1,2.08,80,44.03
2,4,38.4,39.19,3,3,0,2.25,78,31.43
17,6,25.97,45.79,3,1,2,6.73,70,39.62
2,6,26.33,4.62,0,0,0,5.48,62,0.0
11,6,38.08,43.12,1,1,2,4.12,63,24.26
15,5,88.18,66.98,1,1,3,5.39,88,48.5
17,4,80.14,69.3,2,3,1,7.11,136,54.86
10,0,51.12,72.63,3,0,2,2.1,148,63.52
22,2,48.0,67.53,1,3,3,2.96,132,55.88
18,3,7.83,25.43,0,0,2,6.66,26,20.33
4,5,46.61,30.86,0,3,1,6.18,53,4.89
16,4,61.14,58.95,0,2,3,7.47,116,54.61
17,3,75.07,62.14,1,1,0,3.38,86,51.35
8,1,37.04,56.26,3,3,2,7.17,57,57.78
17,5,87.74,86.79,1,1,1,3.56,53,62.34
21,3,80.62,66.03,1,2,0,5.79,26,44.67
19,0,12.4,40.63,2,0,2,6.8,56,35.78
18,1,86.27,80.7,2,0,2,2.52,69,84.77
15,6,25.05,33.36,1,1,2,2.73,68,29.98
6,0,88.1,66.73,0,0,2,4.99,87,50.26
19,2,61.76,56.45,0,0,1,6.56,48,32.61
8,3,42.07,43.6,0,1,1,1.97,39,42.86
12,0,44.28,28.16,0,2,0,6.61,135,0.0
7,1,55.65,50.95,1,0,2,3.56,67,43.25
7,6,80.95,85.82,2,3,3,3.94,45,80.56
3,4,80.32,62.89,2,3,1,3.54,99,42.21
23,1,42.34,50.44,3,3,1,6.97,86,33.9
3,1,81.41,64.22,1,0,1,2.28,91,37.37
2,2,47.48,53.33,2,3,2,4.95,41,43.18
22,5,42.58,56.3,3,0,2,2.39,111,47.95
13,5,26.89,25.09,0,0,1,7.07,37,8.03
10,1,79.51,73.75,3,2,0,6.29,127,69.53
17,5,60.81,50.35,0,3,1,2.9,69,43.65
9,6,43.8,51.72,2,0,1,3.29,67,39.31
3,1,64.61,50.98,3,1,0,3.79,64,40.54
17,0,82.49,78.55,1,1,1,3.93,69,56.72
4,6,22.8,22.71,2,2,3,6.4,103,17.75
13,3,40.32,60.54,2,2,2,4.89,80,60.71
22,5,39.23,37.6,2,2,0,4.07,27,24.97
22,2,11.84,31.42,2,0,3,5.82,89,28.71
8,2,35.07,41.87,3,3,0,4.25,47,41.66
18,1,73.56,81.36,0,2,2,2.27,25,64.51
14,1,27.8,24.24,1,2,2,2.14,128,30.05
11,3,77.98,74.23,3,1,2,3.46,54,60.52
3,0,90.97,80.48,1,0,3,5.12,93,54.64
9,5,25.16,31.79,1,2,1,2.31,34,22.06
15,3,41.87,48.11,2,1,3,4.8,57,54.62
23,6,16.82,29.27,3,0,2,3.12,64,37.12
0,3,67.29,47.41,1,2,1,5.67,28,25.11
17,2,48.4,57.56,3,1,0,1.67,147,43.32
20,3,57.98,70.62,2,3,2,4.31,53,60.63
22,1,75.08,62.3,0,2,1,1.81,92,44.89
10,5,74.86,83.06,3,1,1,3.48,89,82.18
2,5,51.44,37.0,1,0,2,1.59,70,37.03
6,1,84.41,77.38,1,1,2,4.31,92,60.94
20,4,88.87,63.11,2,0,0,6.1,89,39.13
21,3,61.76,59.75,2,0,1,2.1,21,48.58
15,1,8.46,28.91,2,1,3,5.91,104,27.8
2,0,74.84,66.63,0,2,2,5.01,26,42.66
2,5,85.27,81.3,3,0,1,4.53,71,50.27
11,1,55.1,54.86,1,0,3,5.1,61,35.28
14,3,68.03,51.26,0,0,2,3.52,73,49.18
0,1,37.04,35.14,2,3,3,5.76,20,34.81
16,4,50.19,55.07,2,3,1,6.18,108,49.92
13,0,76.83,64.43,0,1,0,6.17,69,25.79
0,2,83.84,78.27,3,1,2,3.12,18,75.04
2,3,15.37,28.69,2,1,3,5.42,10,31.15
10,3,6.55,38.39,3,2,2,2.39,86,46.59
17,4,38.62,41.85,2,2,1,4.47,103,42.81
19,1,40.18,30.97,0,1,0,1.52,87,28.44
10,3,74.6,62.35,0,2,0,2.66,111,44.81
7,5,5.77,28.7,3,0,3,5.29,116,37.19
23,2,73.76,52.42,2,2,0,6.75,132,37.09
11,1,53.27,38.78,0,3,2,1.79,148,34.34
7,5,67.8,67.2,0,0,2,4.85,134,36.29
10,5,50.83,50.98,2,2,1,5.32,122,40.7
0,4,76.17,70.42,2,2,3,7.09,70,57.25
7,5,44.34,35.69,0,3,2,5.43,81,33.25
12,5,36.13,38.67,0,3,3,2.12,96,41.86
22,5,62.29,54.96,2,0,1,2.38,33,52.86
17,3,45.0,55.52,1,0,2,5.31,105,47.57
18,0,32.31,38.92,0,0,3,2.79,92,39.96
13,4,87.22,78.33,0,2,3,7.07,83,55.39
2,1,70.09,42.78,0,2,1,7.02,127,14.02
9,5,22.72,32.8,2,2,1,7.19,106,27.83
23,3,71.61,66.66,1,1,3,3.26,141,63.71
1,6,27.72,18.14,0,0,2,5.8,147,4.81
21,4,43.81,52.5,3,0,1,5.48,126,41.76
16,3,24.57,35.22,2,1,1,1.71,52,39.94
6,6,15.2,30.1,2,1,3,3.09,36,30.81
18,3,40.92,45.76,0,1,2,2.74,52,40.35
20,2,54.96,65.12,2,0,3,3.72,110,50.68
1,2,32.19,37.64,3,1,2,7.22,131,27.7
2,6,11.75,14.25,2,3,3,6.57,134,0.0
15,5,27.47,27.38,1,0,1,3.26,106,12.26
23,1,27.11,41.21,1,3,3,4.68,106,36.01
0,3,58.17,39.55,3,0,0,2.65,144,46.07
15,2,30.39,20.63,0,2,2,3.16,106,19.08
3,4,53.04,29.55,0,0,1,1.89,29,18.98
15,0,47.33,40.73,0,1,2,5.36,80,20.7
14,4,28.97,27.48,2,3,3,5.44,60,45.56
2,5,71.71,50.65,1,3,0,6.53,99,17.04
16,1,65.08,52.58,0,2,0,6.73,99,43.47
21,1,66.22,54.22,3,2,2,2.46,51,56.38
20,4,44.02,37.9,2,2,1,5.96,52,36.28
0,1,33.49,22.01,0,3,2,2.31,22,19.48
5,6,58.17,38.47,3,2,1,3.74,51,32.16
5,5,91.32,72.54,2,2,0,4.59,126,49.28
10,6,44.06,48.03,0,0,3,1.8,102,50.27
3,3,64.88,66.46,3,3,2,2.44,142,57.8
20,6,44.81,31.06,0,2,2,3.13,140,22.82
18,0,88.93,88.91,3,1,0,2.27,130,73.58
19,2,28.82,28.13,1,0,0,7.1,35,17.29
4,0,46.26,36.96,1,2,2,3.23,57,23.56
0,4,49.43,30.06,0,3,0,4.51,18,0.0
21,3,70.58,69.33,3,3,1,7.48,23,43.1
6,2,69.92,78.0,2,3,3,4.9,42,66.18
15,2,71.55,74.49,2,3,3,3.97,49,61.86
21,4,70.96,70.85,3,2,2,7.08,12,59.0
0,1,47.28,41.94,2,3,0,2.83,128,25.49
0,3,19.0,18.06,1,0,0,2.58,84,0.0
0,4,83.34,67.62,3,1,0,4.71,102,42.76
3,1,34.23,40.0,2,1,1,4.06,102,30.5
1,1,14.93,9.1,0,2,2,6.28,146,0.0
19,2,16.59,41.05,3,1,2,1.75,30,62.35
14,4,49.53,54.69,3,1,1,5.21,58,45.07
23,1,43.33,42.29,0,3,3,5.76,53,21.77
19,2,64.72,61.42,2,2,0,7.33,87,38.62
23,3,60.07,57.24,3,2,1,2.37,84,55.74
5,1,14.67,18.6,3,0,2,2.98,121,23.56
6,3,31.71,23.6,0,2,0,7.09,89,0.0
20,0,85.66,97.07,3,1,3,5.28,42,76.03
5,0,74.0,62.98,0,2,3,1.73,89,45.79
1,1,83.35,72.73,2,3,2,1.96,145,60.41
16,2,6.98,38.77,2,1,2,6.21,91,32.66
19,0,87.09,69.84,0,3,0,4.9,93,42.67
23,6,82.5,60.48,2,2,0,4.89,34,45.24
22,2,45.7,35.46,1,1,0,6.78,11,18.64
2,5,65.62,51.82,3,3,0,2.95,39,40.73
18,6,29.48,45.64,3,0,2,2.46,13,48.07
20,5,64.27,70.55,2,2,3,5.18,73,61.22
16,5,76.89,84.91,2,1,2,6.79,134,71.0
19,0,48.52,41.81,0,2,3,3.09,72,43.93
20,2,7.54,31.41,3,0,3,5.59,100,27.86
10,5,42.47,31.26,2,2,2,2.41,130,44.64
0,4,70.25,46.94,1,0,0,2.53,117,19.86
10,0,68.34,65.48,0,1,3,6.91,101,40.83
4,3,48.77,57.55,2,3,2,2.21,120,43.13
2,5,93.71,90.81,3,2,2,1.65,49,77.2
2,5,15.53,34.71,3,1,3,6.15,69,21.61
16,2,19.25,22.14,0,1,2,3.68,66,23.87
12,1,28.25,28.22,3,0,0,3.88,122,11.21
12,2,77.32,60.0,0,0,3,6.3,67,46.15
17,2,73.65,87.72,1,2,3,2.58,142,85.2
13,2,74.55,52.3,1,1,0,5.4,36,27.87
15,2,84.17,61.9,0,0,1,3.38,34,44.74
2,3,44.86,18.0,0,1,0,2.13,110,4.69
20,0,33.67,38.44,3,1,2,5.62,117,37.24
10,1,59.03,59.83,2,3,0,3.41,105,49.11
3,2,41.89,42.23,3,0,1,6.7,53,24.99
19,1,52.15,46.97,2,1,2,7.01,11,42.03
17,6,17.62,25.57,1,0,3,6.59,55,18.36
1,4,40.67,27.07,0,0,1,3.43,75,16.9
4,6,47.54,45.72,2,2,3,2.92,68,31.94
0,3,12.87,13.46,3,0,0,6.86,140,0.41
6,0,94.5,72.28,0,2,0,4.22,131,42.15
2,6,8.4,0.0,1,3,0,5.75,119,0.0
17,3,87.76,79.02,1,1,2,6.46,13,68.32
12,4,12.22,31.42,3,0,1,3.17,27,27.63
23,2,82.34,54.74,0,3,0,2.21,71,43.71
17,3,54.34,60.31,0,3,3,5.25,97,63.77
14,3,22.67,12.3,0,3,1,5.04,105,5.25
12,1,25.82,20.82,0,3,2,3.12,51,8.85
1,3,36.64,28.91,3,3,2,5.01,25,33.07
1,5,76.46,35.65,1,2,0,6.24,56,15.49
14,0,18.24,22.8,1,3,2,3.6,121,25.24
0,0,26.8,31.45,1,1,3,2.95,149,13.19
1,5,67.34,56.68,3,3,1,5.85,142,41.82
5,3,60.26,65.51,2,0,3,6.22,93,42.84
21,6,42.87,35.12,1,3,1,7.23,22,24.97
11,4,10.45,11.68,3,1,1,2.39,146,18.29
17,4,55.26,49.2,0,1,0,6.84,31,32.76
9,6,25.63,23.9,2,2,0,6.09,47,9.8
4,4,60.09,41.15,1,0,0,5.71,147,14.47
8,2,29.71,23.39,1,3,2,3.38,81,27.86
2,3,93.23,57.2,0,2,0,1.63,37,35.03
18,1,58.15,61.79,0,0,2,4.55,80,62.14
4,2,56.42,50.68,2,3,1,3.21,21,35.48
9,4,80.31,76.07,3,0,0,3.24,54,62.71
23,1,94.38,94.6,3,3,3,7.06,144,71.45
14,4,75.13,58.61,0,3,2,2.42,52,47.93
11,4,58.45,59.0,3,2,1,7.11,135,42.81
13,2,82.72,71.94,0,2,2,4.52,86,45.74
18,0,21.31,44.09,3,3,3,6.53,102,60.46
6,4,73.78,62.56,2,3,1,3.2,109,60.91
15,5,66.19,49.6,3,2,0,5.3,87,33.04
20,5,55.69,50.63,0,0,2,4.84,14,34.97
13,2,83.01,76.53,3,2,1,7.04,139,53.89
10,4,68.87,58.75,1,0,2,2.58,76,47.56
3,2,69.51,57.8,2,0,0,2.73,102,32.4
5,2,86.88,75.84,2,0,3,7.19,88,46.28
22,2,67.95,53.34,2,1,0,2.09,102,49.03
12,1,27.99,40.02,2,3,1,5.31,60,25.3
7,6,21.53,28.73,1,0,2,1.86,128,36.45
10,4,51.19,43.49,1,0,2,1.96,41,47.55
13,1,26.14,29.15,0,0,1,5.08,102,7.11
12,6,67.97,62.67,2,0,3,4.81,91,49.09
16,1,80.84,99.97,2,2,1,4.94,81,85.7
6,4,31.26,37.01,2,3,2,4.34,13,38.42
15,1,87.21,62.3,2,0,1,5.95,64,44.51
10,2,72.22,77.9,1,3,1,7.45,16,59.16
22,4,93.93,78.86,0,3,3,3.15,80,68.81
3,6,22.88,26.89,3,0,1,3.44,106,12.91
3,6,46.54,44.8,3,1,1,3.44,83,33.91
11,6,62.63,60.19,3,3,3,6.08,116,45.55
12,1,73.66,37.49,0,2,0,3.59,60,26.09
16,0,87.07,96.99,2,0,1,5.56,53,73.59
9,6,85.21,67.03,2,0,1,4.18,73,58.92
21,6,26.25,31.99,0,1,1,5.15,42,4.6
11,1,43.02,57.28,3,3,2,6.47,123,43.21
3,0,69.65,61.99,3,3,1,4.58,124,50.36
2,4,16.91,17.52,1,1,3,4.35,68,23.48
23,0,91.34,100.0,2,2,3,3.1,121,82.72
3,0,72.23,53.77,3,2,0,4.6,13,38.9
22,6,79.6,73.28,3,1,2,3.07,31,72.38
6,3,86.67,85.73,3,2,1,6.56,49,65.56
2,0,21.02,25.04,3,1,2,3.83,64,28.4
7,4,42.99,42.5,2,2,1,2.27,42,51.98
14,2,63.65,72.05,3,2,3,2.94,82,70.3
10,3,79.02,93.34,3,2,3,4.71,121,79.39
18,6,71.42,69.21,0,3,0,7.0,74,37.32
14,1,15.94,35.69,2,2,0,3.3,73,30.24
9,4,63.11,42.53,1,2,0,3.09,18,51.49
15,5,31.46,44.58,1,3,3,3.94,49,30.76
23,2,41.58,22.68,0,2,0,7.31,123,12.76
9,6,94.48,82.12,2,1,2,6.57,124,62.46
3,3,19.14,20.63,3,2,1,2.4,24,25.81
9,3,14.39,19.77,1,3,1,5.18,12,31.62
20,6,41.82,38.26,2,3,2,6.25,127,28.8
5,4,82.77,51.95,1,1,3,6.11,34,40.92
22,6,19.6,39.87,2,1,2,4.43,91,24.88
14,5,12.2,20.71,0,1,2,5.89,126,4.12
14,4,42.7,53.27,3,0,2,5.0,121,46.54
7,1,61.91,47.44,1,1,0,2.71,87,35.4
22,2,18.92,39.91,2,0,2,1.84,63,45.19
0,6,77.41,63.93,3,1,1,3.72,119,43.01
7,4,81.13,59.03,0,0,0,1.87,107,46.16
10,1,52.03,49.6,3,1,1,3.87,128,50.74
11,2,7.74,18.98,2,2,0,6.47,82,14.93
11,5,51.45,51.35,3,3,1,6.57,142,33.57
3,1,24.28,20.95,2,3,0,1.7,118,20.63
5,0,45.15,33.33,0,2,2,1.92,18,41.24
2,5,73.38,60.92,2,2,1,5.52,51,30.4
13,2,9.9,26.29,2,3,2,4.5,122,20.47
8,5,5.01,27.12,3,2,2,2.4,26,52.12
13,3,17.01,37.78,2,0,3,6.33,109,28.32
14,6,9.08,15.84,1,3,0,2.8,58,8.81
16,3,28.44,45.95,0,2,2,1.97,39,40.04
13,6,41.38,28.6,1,2,1,6.0,86,26.61
15,5,75.17,73.56,2,0,1,5.15,141,36.65
14,1,7.73,11.1,1,1,3,3.87,136,23.95
15,6,36.59,36.09,1,1,0,5.66,66,4.61
14,5,88.65,61.34,0,3,1,6.97,10,27.67
7,0,56.87,78.49,3,1,3,1.71,135,71.89
5,0,79.41,78.27,3,1,1,5.27,136,52.38
18,1,48.52,48.19,1,2,0,2.81,95,35.55
8,0,13.75,14.57,0,0,0,4.34,98,0.0
13,2,21.82,34.02,3,2,1,4.04,84,27.26
4,6,73.23,54.43,3,0,0,3.84,11,33.02
10,3,82.77,95.47,3,0,2,2.64,32,79.93
12,0,47.08,43.14,2,1,0,6.32,30,28.2
15,3,49.32,42.28,2,0,3,3.78,138,39.52
12,1,45.51,52.96,2,0,1,6.82,17,17.29
8,5,6.65,13.61,0,1,0,3.63,88,1.84
23,0,13.6,20.09,2,2,0,6.54,61,14.15
12,5,94.27,73.36,1,0,2,4.77,10,52.58
19,3,8.78,28.2,3,1,2,3.81,139,30.94
17,0,36.41,42.72,3,2,0,5.72,12,45.9
13,4,67.16,53.75,0,3,1,6.22,130,22.35
21,3,43.23,30.22,0,2,3,4.4,119,26.06
3,5,93.44,77.25,1,2,3,4.05,121,56.37
22,4,7.95,14.23,0,3,2,4.96,32,17.07
20,5,83.71,75.28,0,0,2,5.01,134,46.97
12,3,17.13,40.24,3,3,2,4.05,94,42.01
17,0,23.43,32.81,2,1,1,6.05,66,35.79
12,0,52.55,41.0,3,1,0,3.9,106,29.13
6,3,83.43,72.32,2,2,2,4.22,58,72.31
19,2,42.27,65.1,2,3,2,5.13,49,40.16
5,5,31.42,36.68,2,3,3,7.42,50,35.13
7,2,41.15,38.81,0,3,0,3.06,90,22.74
12,6,13.49,15.31,0,1,3,2.89,94,16.61
20,1,80.44,70.31,1,0,1,2.56,43,60.52
9,2,87.37,66.26,1,0,1,5.64,44,54.78
11,5,65.82,78.94,3,3,3,4.19,143,70.73
0,0,45.02,29.33,1,0,2,3.83,82,26.89
2,2,60.27,26.58,1,1,0,2.72,131,7.89
1,5,54.67,59.2,2,1,1,6.85,56,21.49
1,4,9.64,7.88,0,2,2,4.16,50,3.76
20,5,40.5,42.91,3,1,0,5.15,49,28.6
20,3,64.11,33.07,0,2,0,2.18,84,22.86
19,6,81.3,86.9,3,2,1,2.15,119,84.92
1,6,37.31,41.06,2,3,2,1.9,80,43.06
1,6,78.73,60.29,3,0,0,3.7,51,35.99
6,0,73.12,71.88,1,3,2,4.34,145,56.49
13,4,88.64,95.01,3,2,2,2.97,90,71.62
8,0,94.05,95.4,3,3,1,3.6,65,75.12
11,1,8.76,4.14,1,1,2,1.54,11,11.73
4,2,44.37,28.89,1,1,2,3.61,89,22.85
17,4,74.62,76.53,0,2,1,2.22,97,54.58
7,3,79.08,74.52,0,3,3,2.27,140,69.7
1,6,12.46,17.58,2,0,2,1.53,42,17.74
17,2,59.59,71.09,3,2,3,5.68,32,79.95
21,4,85.86,75.36,2,0,2,7.09,150,56.32
0,5,25.44,43.66,3,3,3,5.23,87,31.28
10,6,36.26,58.6,3,1,1,2.08,13,59.95
19,1,40.54,51.77,2,3,0,7.44,24,32.93
16,5,40.51,48.03,2,0,0,7.35,77,30.36
20,0,55.55,71.38,3,0,3,4.31,97,59.4
9,3,10.47,39.05,3,3,3,2.15,44,63.42
8,2,75.13,54.67,0,1,1,5.82,61,43.3
17,6,16.06,20.62,2,0,1,7.27,113,10.88
3,5,78.2,60.51,1,3,0,6.17,146,24.86
5,6,6.54,21.48,3,1,3,5.25,79,40.62
14,5,75.83,59.94,0,3,1,5.16,68,28.5
16,2,36.97,54.1,3,1,1,7.37,60,40.69
2,5,64.03,42.93,1,3,0,1.94,29,24.74
12,0,21.13,32.62,3,2,0,2.4,17,25.4
8,3,53.33,75.28,3,1,3,6.48,127,59.63
12,0,31.92,22.61,1,1,0,2.37,15,17.6
23,5,5.35,25.13,3,1,0,3.8,125,18.16
1,6,70.26,47.43,0,2,3,3.19,44,27.4
23,4,16.81,21.78,0,2,2,2.96,107,13.82
10,5,89.57,69.21,2,0,0,1.65,144,52.12
18,1,53.94,53.67,1,1,1,4.9,115,34.77
10,6,5.15,10.09,0,1,2,3.91,112,15.0
7,3,90.04,85.0,3,3,0,4.81,47,67.56
18,4,16.95,36.35,0,1,3,3.33,94,26.27
16,5,80.05,85.17,2,2,3,7.15,100,75.74
3,4,34.64,47.66,1,0,3,5.05,69,37.16
16,2,56.13,65.98,1,1,2,7.27,15,51.18
18,4,80.22,75.16,0,1,3,3.6,138,58.0
9,4,9.51,20.25,1,1,1,1.51,37,23.28
22,6,66.21,66.31,2,3,2,6.19,147,44.36
15,3,18.37,31.16,1,3,2,6.46,141,19.28
8,3,69.48,64.38,2,1,2,1.85,12,71.95
0,3,19.46,27.47,1,2,3,5.25,114,18.96
16,0,6.97,18.57,3,3,0,5.47,99,24.37
5,0,18.99,18.45,1,0,1,2.37,42,7.27
18,0,61.32,75.85,1,1,3,4.82,124,66.74
12,4,93.72,79.57,2,2,0,2.96,25,64.05
11,2,92.31,64.18,2,0,1,1.6,45,48.51
3,6,72.11,46.44,1,1,3,6.7,143,20.09
17,4,79.21,90.97,3,0,2,4.45,114,76.8
3,0,83.66,49.06,2,1,1,6.19,25,42.93
10,0,52.55,56.11,1,0,1,5.84,30,46.05
20,2,25.57,25.31,0,2,0,7.46,46,6.53
22,6,64.5,65.39,1,3,2,4.13,19,48.83
23,0,17.74,11.08,0,1,0,4.07,35,9.2
22,1,79.91,60.61,0,0,0,3.19,90,30.23
13,0,42.09,36.77,1,1,0,5.25,11,18.25
4,2,28.98,19.56,1,0,3,4.42,50,9.88
20,6,80.91,88.47,3,1,3,5.87,54,69.43
19,4,15.01,37.54,2,2,0,3.64,146,24.89
23,3,92.73,98.59,3,1,3,2.29,147,96.25
15,1,90.54,83.67,2,2,3,6.67,129,75.11
3,2,59.79,48.23,0,2,2,6.47,58,25.7
12,3,69.09,73.83,3,0,0,3.61,84,56.16
10,1,8.34,32.17,1,2,2,5.64,81,22.37
20,4,44.34,52.11,1,2,2,4.45,131,22.3
9,6,84.62,74.78,2,0,3,6.07,115,59.57
7,1,6.04,16.13,0,1,1,3.84,137,13.78
1,1,31.16,31.95,1,1,2,4.71,87,21.68
20,0,36.85,55.8,2,1,3,1.85,139,49.51
18,5,65.76,73.95,2,3,2,2.55,114,73.16
0,3,68.44,70.14,2,2,2,6.19,114,43.9
10,1,10.87,27.03,3,3,3,3.79,103,38.59
11,1,24.58,40.6,3,2,1,1.71,57,46.46
11,0,79.29,60.45,0,0,0,2.51,95,32.06
22,3,22.26,34.35,0,2,3,3.97,60,33.47
3,4,30.79,34.96,2,0,0,5.81,101,0.0
7,1,19.6,35.9,3,1,2,3.68,45,41.45
4,0,72.89,77.04,2,3,3,5.97,122,61.02
5,3,7.44,15.06,0,3,3,6.65,90,7.62
21,4,32.17,39.85,2,0,2,3.55,110,33.25
22,2,52.91,50.73,3,3,1,6.3,41,46.32
1,1,5.54,0.0,0,3,0,2.26,121,0.0
15,1,90.86,72.42,1,3,0,3.99,123,40.53
5,5,83.24,66.32,2,3,1,2.09,30,50.97
4,6,63.26,48.16,1,0,3,1.82,59,42.16
7,5,44.52,47.32,0,0,2,1.89,105,39.87
4,3,18.98,16.83,2,2,1,2.13,133,16.03
11,5,54.83,59.99,2,0,1,6.51,113,30.35
23,2,26.53,45.07,2,1,1,4.76,76,22.15
14,0,62.42,61.26,2,3,3,7.18,52,58.0
17,2,18.1,34.45,2,3,1,4.73,138,37.64
11,4,69.54,73.87,1,1,3,5.27,133,60.03
0,4,34.06,18.46,0,2,0,2.61,136,0.0
2,6,50.18,35.66,3,2,1,4.74,52,31.02
6,6,19.56,26.14,0,1,2,3.81,71,9.67
5,1,28.06,30.97,3,0,2,7.09,44,23.54
20,0,45.52,44.18,2,1,0,7.1,144,39.74
20,1,46.24,44.33,2,2,2,2.69,132,49.46
20,6,94.98,83.95,0,3,3,5.22,34,56.74
15,5,35.19,35.39,3,3,0,5.33,44,26.61
13,0,12.59,29.37,2,0,1,4.88,87,16.15
15,1,52.18,55.07,3,2,1,2.25,68,53.72
9,3,33.96,45.09,3,2,1,5.42,74,34.83
16,4,84.0,74.37,0,0,1,6.29,61,50.63
19,6,23.93,41.71,3,3,3,3.57,105,41.34
18,5,82.01,98.63,2,2,3,4.59,136,71.25
14,1,64.72,55.9,0,2,2,2.2,139,55.06
1,0,21.92,25.82,2,2,3,7.08,74,19.29
17,4,41.47,56.06,2,1,3,2.16,126,69.74
8,3,49.32,50.63,2,0,0,2.75,107,36.52
17,6,51.96,58.38,1,1,1,3.29,37,33.2
12,4,40.74,50.07,3,3,3,6.45,121,42.88
21,3,57.62,42.9,0,2,1,5.7,59,41.38
8,2,69.51,67.7,1,2,2,1.54,98,55.12
22,0,50.56,66.2,3,0,1,2.6,111,63.1
20,6,59.22,47.63,0,0,0,6.0,143,15.92
7,5,82.36,86.43,1,2,2,3.92,143,65.77
11,1,49.8,45.07,1,3,1,1.66,123,34.16
12,4,42.47,67.61,3,1,3,7.28,81,47.71
18,2,27.3,62.53,3,1,3,2.41,66,70.47
16,3,16.82,38.99,3,3,0,4.56,72,45.83
20,5,31.3,34.98,1,0,1,2.99,144,20.39
8,5,41.55,37.76,1,2,1,5.92,38,32.88
12,1,73.78,73.92,0,0,2,6.16,83,39.84
10,2,24.57,39.97,3,1,1,3.88,105,53.82
21,5,68.19,64.02,1,1,2,5.45,13,45.69
7,6,12.11,33.46,1,2,3,6.95,99,38.27
14,0,19.26,22.26,2,1,2,6.39,46,15.28
2,5,34.37,29.39,3,1,0,3.99,49,18.98
20,3,47.28,39.47,0,1,1,4.15,97,28.83
9,4,21.28,46.53,3,0,3,6.82,11,48.01
8,0,15.08,24.58,1,3,1,1.71,32,33.84
13,4,55.92,67.71,1,2,3,1.64,74,53.48
11,4,42.08,36.51,0,2,3,2.73,92,32.27
20,4,42.43,35.67,2,2,1,6.47,25,23.63
12,5,32.72,26.45,1,0,1,2.42,60,18.8
12,6,38.41,30.87,0,2,0,3.21,53,12.28
2,5,21.57,11.42,0,2,0,5.27,85,0.0
0,5,29.35,29.38,2,1,1,2.61,52,24.34
9,6,53.8,52.12,0,2,1,3.32,10,31.82
23,4,52.01,53.24,2,1,1,4.3,84,27.37
22,4,86.53,76.68,2,2,2,2.87,129,63.14
15,3,79.93,65.93,3,1,0,7.45,92,58.3
15,5,5.64,0.0,0,3,1,2.48,61,3.88
9,0,25.68,38.9,1,0,3,6.6,78,27.7
4,3,84.89,66.64,0,1,2,4.32,29,45.46
0,2,33.33,32.65,3,2,0,2.27,43,28.01
8,6,47.99,47.72,2,0,0,2.21,71,41.27
7,0,65.75,71.95,3,2,3,4.5,93,79.4
4,4,53.9,56.86,0,0,2,3.62,78,31.53
6,1,5.44,20.14,2,2,3,2.91,145,29.4
0,6,23.59,19.83,0,1,3,7.25,99,11.75
14,5,14.04,19.13,0,0,1,4.28,13,6.76
22,1,20.09,27.76,1,1,2,7.07,83,16.82
16,6,18.26,21.5,1,1,1,2.48,92,23.23
10,3,61.05,67.62,1,0,2,2.6,16,54.93
10,6,41.59,31.57,0,2,2,5.08,64,19.08
7,5,10.99,41.11,2,2,2,3.12,132,41.15
3,0,12.41,19.91,1,2,3,2.61,60,29.13
14,1,90.53,86.41,3,3,2,2.07,74,84.28
13,2,18.93,18.71,3,2,0,1.96,41,29.77
0,1,27.85,12.98,1,3,1,6.02,20,1.79
9,0,56.69,68.45,3,2,2,3.19,54,65.84
6,6,21.84,44.97,2,2,2,7.37,118,18.06
4,6,22.78,25.03,1,3,3,2.6,148,20.83
16,3,11.53,36.73,3,2,1,3.63,103,46.42
12,1,93.27,91.86,2,2,3,3.75,127,73.42
15,1,59.54,68.42,1,2,1,4.5,101,43.06
17,6,52.68,49.84,2,3,0,6.72,102,40.93
23,2,84.98,91.14,3,1,1,6.51,70,72.0
19,0,58.5,56.33,2,0,0,1.56,18,42.85
14,2,28.68,29.72,2,1,1,3.96,67,23.33
21,3,47.5,33.65,0,0,0,6.47,131,3.12
11,4,47.98,43.96,2,1,0,1.5,85,31.31
23,2,40.83,46.33,1,3,2,4.7,117,33.29
18,6,72.83,64.17,3,0,2,3.06,17,56.86
15,4,14.87,26.74,3,3,0,3.98,38,23.74
21,6,19.33,15.73,0,2,2,4.02,52,11.12
12,2,38.5,45.65,3,1,2,3.85,60,39.8
17,4,11.41,21.14,3,1,0,6.85,149,16.32
6,2,93.87,88.03,3,3,2,4.72,75,77.42
23,4,49.62,41.11,1,0,1,6.92,103,22.1
14,5,9.51,18.86,1,2,3,5.86,100,5.41
18,2,59.71,56.52,2,1,2,3.61,69,63.01
11,6,75.3,67.9,3,2,0,4.46,146,53.22
20,6,41.69,35.48,1,3,2,3.84,41,27.56
1,6,48.25,28.29,3,3,0,6.47,14,30.46
2,1,68.05,50.16,1,1,2,2.63,115,41.79
12,5,26.04,30.33,3,2,1,7.12,102,23.88
17,0,58.79,53.62,0,1,1,4.98,46,43.03
19,0,61.79,70.55,3,2,2,5.17,132,60.97
10,6,77.42,75.59,3,0,3,4.6,32,71.52
15,1,85.2,73.12,2,3,2,4.83,45,67.76
13,6,89.68,60.48,2,0,0,5.51,31,36.35
23,3,16.37,28.75,1,0,1,5.43,36,11.38
15,2,78.46,88.58,3,3,2,2.78,112,80.94
10,0,65.79,62.3,0,1,0,4.99,109,37.45
23,4,38.37,32.49,1,0,1,3.63,100,22.61
2,5,88.05,66.48,0,2,1,5.32,131,32.57
23,3,82.41,71.18,1,1,1,4.79,19,48.79
3,5,74.69,60.02,2,3,3,2.58,97,60.9
6,2,10.17,19.93,1,3,3,5.91,26,34.6
19,3,20.93,37.87,1,2,3,4.24,144,41.55
17,2,87.65,82.82,0,1,3,4.81,99,74.58
23,4,93.4,86.79,1,1,3,5.54,117,62.2
17,0,29.96,33.56,1,2,0,5.42,90,19.72
15,3,29.96,23.14,0,3,1,5.99,64,6.6
8,3,59.93,72.61,3,2,0,2.74,106,56.09
0,3,11.86,26.74,3,0,3,2.16,127,29.77
2,3,58.58,59.98,3,0,3,5.52,35,56.46
7,4,92.18,69.85,0,2,0,2.92,132,56.33
0,3,31.73,19.05,1,1,0,2.19,112,5.62
12,1,71.85,57.19,3,1,0,2.29,22,51.01
18,1,52.24,54.59,1,1,3,3.38,141,54.47
23,4,30.86,51.34,0,2,3,7.45,35,30.8
11,6,42.12,30.78,2,0,1,2.44,94,31.42
21,5,54.6,39.21,0,0,0,3.29,28,15.69
23,4,73.54,69.35,2,0,1,7.02,37,44.47
20,6,53.67,56.73,1,2,2,7.28,100,41.28
11,6,88.26,74.12,2,2,0,2.87,105,51.82
7,3,15.53,43.41,2,3,1,6.78,106,27.79
23,0,91.19,85.34,2,0,2,2.33,58,70.73
5,4,54.56,62.72,2,0,3,6.07,125,42.88
9,4,40.26,41.27,0,0,0,1.58,16,19.97
1,1,11.84,26.32,3,2,0,3.94,130,12.7
19,5,31.66,31.97,0,2,1,2.98,52,28.87
15,6,44.41,51.76,3,0,1,5.72,97,47.47
2,2,89.34,80.74,3,1,3,1.6,137,71.34
5,3,73.08,67.73,2,0,3,4.29,46,59.26
13,1,10.31,22.93,2,2,1,5.68,67,17.91
12,1,34.51,14.31,0,2,1,1.78,126,21.84
19,1,49.23,64.44,3,0,2,6.88,131,51.26
6,2,81.51,86.91,2,0,3,3.67,43,78.72
22,1,74.88,49.46,1,2,0,2.49,81,47.41
10,1,24.45,29.7,2,3,1,2.85,56,46.1
19,3,9.54,39.96,2,3,2,3.53,82,51.73
5,4,16.91,30.58,1,2,3,2.69,63,27.89
0,2,50.3,32.87,1,2,1,4.56,10,26.1
1,3,13.09,6.64,0,3,1,5.3,140,0.0
8,1,27.48,47.24,3,3,2,4.1,99,38.83
22,4,78.92,79.06,2,3,1,4.06,75,62.59
1,4,41.18,34.91,1,1,3,6.19,25,24.92
8,6,94.65,86.5,2,1,2,3.31,20,82.1
2,0,73.04,75.97,2,0,3,5.24,77,60.43
22,5,28.84,19.74,0,0,2,6.86,101,0.0
16,2,5.68,19.6,0,1,3,2.83,46,41.2
18,0,52.45,57.69,0,3,3,5.22,114,52.29
17,4,68.53,67.01,0,1,0,7.19,65,28.76
15,1,47.27,52.68,3,2,3,4.68,11,50.06
18,1,86.59,64.37,0,3,0,7.36,85,28.57
0,6,74.12,66.51,3,1,1,3.36,35,55.3
20,1,51.82,52.54,2,1,0,4.89,12,32.27
17,3,6.7,13.31,0,2,0,3.37,28,5.47
17,1,35.44,54.7,3,1,2,1.52,50,59.17
9,0,49.5,41.55,0,1,0,7.48,82,16.52
19,0,27.52,31.26,3,3,0,2.94,149,42.22
9,0,80.39,67.59,0,1,1,7.34,40,32.86
1,3,43.2,55.48,2,1,3,5.42,18,35.95
21,3,23.34,24.57,1,3,3,6.92,36,27.35
5,0,75.12,62.6,2,2,3,7.3,55,45.57
2,2,59.75,47.24,3,3,0,4.91,38,40.32
14,1,22.74,29.03,3,1,0,7.5,55,14.56
5,3,52.95,52.01,1,3,1,6.1,146,35.4
20,6,67.51,44.08,0,3,1,4.64,63,30.01
10,4,45.36,34.74,1,0,0,5.43,99,29.96
0,6,32.21,41.59,3,0,2,2.67,106,36.96
22,1,67.07,57.76,2,2,1,1.57,28,58.0
12,1,66.85,72.65,3,2,1,3.04,44,58.09
6,5,6.52,6.32,1,0,0,4.11,68,2.92
16,2,26.07,42.98,2,2,1,2.87,74,44.68
12,5,63.17,36.51,0,0,1,4.58,11,15.79
0,3,25.17,13.31,0,3,0,5.45,100,0.0
18,1,91.64,96.5,2,2,3,5.43,52,86.7
9,5,19.65,27.36,0,3,3,6.86,55,31.59
16,3,72.34,67.46,1,0,3,7.3,95,50.09
21,5,94.85,80.81,1,3,2,6.84,143,48.49
14,3,36.19,49.13,2,1,2,5.22,131,34.8
16,0,59.28,60.96,3,0,0,2.73,148,61.14
6,4,14.51,25.87,3,1,1,7.16,68,8.73
5,0,60.96,51.45,2,1,0,2.55,26,31.97
9,4,93.88,100.0,3,2,2,2.41,40,87.26
20,2,92.56,95.22,2,3,3,3.41,58,86.2
12,5,42.06,37.89,0,1,2,4.94,52,21.06
8,6,78.86,63.07,1,2,0,5.59,39,41.28
18,2,79.39,86.97,3,0,2,1.58,31,84.46
20,6,34.45,40.53,3,3,3,6.17,36,48.18
21,0,79.05,60.83,1,1,0,2.55,102,49.3
7,0,19.62,39.96,1,3,2,3.28,79,44.75
17,6,93.1,91.31,3,1,1,3.43,15,83.79
14,4,82.78,67.22,0,1,3,3.49,89,62.17
10,3,50.95,59.66,3,3,2,6.06,128,52.15
9,1,39.68,55.35,2,0,3,1.75,70,61.6
2,2,90.14,71.26,3,2,2,2.68,54,81.0
6,4,11.4,18.85,1,1,3,1.63,48,16.73
13,5,49.86,58.63,2,1,1,6.17,63,32.23
21,6,48.83,38.9,1,2,2,7.4,49,19.35
20,2,39.32,26.7,0,3,1,5.46,140,15.98
4,3,15.14,17.94,1,1,2,5.04,149,15.83
16,1,27.62,46.8,3,2,2,6.95,58,50.49
2,0,93.48,59.93,0,0,0,3.03,140,29.2
16,3,77.72,81.0,0,0,3,1.9,130,71.24
8,4,80.45,75.09,3,2,2,4.56,20,73.77
10,0,50.86,65.9,3,2,1,3.06,79,62.83
17,2,64.56,72.41,3,0,2,4.21,102,72.16
10,4,50.45,62.32,3,3,2,4.24,69,74.74
19,5,65.96,84.95,3,1,1,3.41,74,72.69
12,6,82.71,70.73,3,1,2,4.42,79,63.34
23,2,26.83,46.46,3,1,2,3.78,107,54.9
15,2,90.58,95.11,2,1,3,2.18,51,70.47
7,6,87.23,66.02,1,2,0,6.7,94,42.15
18,4,42.74,38.1,1,0,0,5.71,44,21.72
9,1,92.91,78.32,1,0,1,1.75,135,62.61
12,4,84.43,77.96,2,3,3,2.19,21,80.94
3,1,8.61,8.66,2,2,0,2.08,19,14.45
2,3,8.79,16.58,0,1,3,1.87,15,11.87
13,2,68.66,50.89,0,3,1,1.85,59,45.13
4,6,75.53,60.88,2,3,0,2.44,95,36.31
23,0,27.38,48.52,3,2,1,6.59,148,25.3
20,5,49.89,63.94,3,2,3,6.47,74,54.17
16,1,53.53,61.22,0,3,3,6.2,35,50.2
17,0,45.1,53.32,2,3,2,5.19,61,62.77
14,4,11.22,7.72,2,1,2,5.84,27,27.57
1,4,24.7,30.88,1,2,3,5.93,76,17.56
9,0,78.31,88.96,2,0,3,6.84,112,59.15
11,0,11.58,27.03,1,2,3,5.89,15,15.98
21,0,60.99,77.28,3,0,3,5.92,119,56.97
5,2,62.07,59.86,3,0,3,6.32,42,51.21
11,0,91.08,79.21,2,2,0,4.84,104,53.4
8,4,93.87,87.89,1,1,0,2.78,124,55.24
3,0,90.05,79.5,2,0,2,2.01,119,72.42
2,5,53.72,65.08,3,3,3,4.01,104,59.24
8,6,8.76,27.75,1,3,1,2.05,107,35.54
1,5,29.96,30.02,3,0,3,2.52,36,24.75
1,6,47.79,51.45,2,2,3,1.64,29,55.9
8,6,8.52,4.71,0,1,0,3.3,63,0.0
4,0,8.34,4.25,2,3,1,7.32,95,0.0
13,2,34.16,22.6,0,2,0,3.77,97,9.78
0,5,39.86,40.98,2,1,0,2.95,119,16.22
7,2,57.28,65.43,3,3,2,3.92,53,67.35
10,5,88.96,69.74,3,2,0,3.31,132,67.85
23,5,40.21,34.84,2,0,2,5.54,73,16.09
15,6,9.33,16.06,0,1,2,5.31,44,13.59
21,2,53.6,52.28,3,3,1,1.66,113,56.17
8,2,37.22,22.49,1,2,0,4.57,27,21.62
10,0,86.1,57.16,0,0,0,1.72,67,50.46
10,1,43.83,56.73,3,3,1,5.56,120,53.36
21,1,33.96,29.91,0,1,0,7.11,118,0.4
23,3,70.15,64.39,1,0,3,6.94,46,42.62
23,2,49.39,40.11,0,3,0,2.73,33,34.87
18,5,54.96,60.97,2,3,0,5.96,14,36.91
12,5,18.69,20.97,3,2,0,6.26,22,14.1
12,5,38.77,43.06,2,2,2,6.69,126,21.67
23,0,9.18,25.4,3,0,2,3.06,120,32.48
6,3,72.94,79.29,3,2,2,4.21,81,67.71
8,5,27.1,37.23,3,3,1,2.83,90,35.4
21,1,15.85,6.92,0,0,1,1.65,56,1.31
9,2,58.06,55.17,0,3,2,5.45,37,44.88
5,5,57.15,43.92,1,0,0,4.09,11,20.53
13,5,33.42,39.64,2,1,1,2.99,104,18.03
7,5,91.61,91.01,3,0,0,6.58,14,60.24
21,3,62.2,60.21,1,1,1,4.47,24,42.12
21,2,88.38,85.93,2,2,3,7.47,121,73.21
7,2,32.05,35.9,0,3,3,6.26,92,37.41
12,4,54.66,51.27,2,0,2,6.72,79,35.62
23,2,42.22,42.29,3,3,2,6.14,40,49.96
17,2,42.2,54.71,1,3,1,2.14,31,48.81
5,1,9.3,4.38,0,0,2,1.89,75,0.0
14,3,24.77,22.9,1,3,3,6.99,60,32.08
14,1,83.24,91.57,3,3,2,2.33,85,84.1
15,3,81.49,74.33,3,0,0,3.85,33,58.29
0,6,14.46,25.18,2,0,2,5.16,42,13.55
7,5,6.63,15.95,2,2,0,2.77,25,20.82
20,3,14.18,13.66,1,1,1,2.85,69,13.05
5,6,62.49,53.11,3,1,0,4.3,48,33.29
7,6,26.58,40.84,3,1,0,3.67,41,31.75
7,3,73.64,83.06,3,1,3,5.56,87,77.38
4,5,5.52,26.17,3,3,2,1.95,80,22.69
3,2,69.42,62.6,2,0,1,4.43,39,34.68
8,6,84.78,86.99,3,0,1,2.55,108,74.34
20,2,9.03,16.73,2,3,2,5.14,58,27.73
0,1,83.07,61.05,2,3,2,2.2,58,53.18
6,0,87.61,81.47,2,3,0,2.69,77,58.29
1,5,53.23,17.0,0,3,1,6.32,29,0.0
13,2,30.61,48.4,3,0,3,2.91,69,42.84
6,5,55.65,52.1,1,3,2,5.92,92,28.69
19,0,32.95,49.3,2,1,3,3.14,28,62.52
14,3,88.99,86.82,3,1,2,2.91,89,65.89
18,2,53.93,52.77,0,1,1,3.29,15,44.71
15,3,76.88,64.25,1,3,2,6.79,95,45.76
10,1,59.9,69.3,3,2,0,3.88,14,63.63
20,0,30.96,39.37,1,0,2,2.96,34,38.79
11,2,50.01,52.75,2,0,2,4.72,59,42.62
22,3,84.19,68.83,2,2,1,3.81,96,63.29
23,5,39.46,44.78,3,3,1,6.24,111,43.68
14,3,35.72,50.49,2,2,0,7.44,76,33.23
16,1,91.08,72.27,1,3,0,4.66,28,54.82
6,1,35.07,35.96,0,0,0,4.21,64,0.49
19,4,82.36,67.01,1,1,2,3.56,120,61.0
16,3,21.05,26.13,2,2,0,7.34,22,22.69
21,6,76.26,67.11,2,3,2,4.4,110,44.07
6,3,60.38,65.12,3,1,0,2.57,64,52.35
18,3,15.82,45.78,3,2,3,7.32,10,34.07
11,0,10.76,29.91,1,0,2,7.27,107,21.14
4,1,31.85,16.6,0,2,1,4.11,13,9.8
4,5,64.17,48.83,1,3,2,3.59,62,31.91
13,2,37.41,29.63,1,3,0,5.58,37,18.61
7,2,29.4,63.36,3,1,2,6.47,92,52.84
2,4,57.37,48.46,3,1,2,4.49,17,48.14
10,0,90.73,85.77,3,3,1,3.48,22,81.6
15,3,15.97,27.65,3,2,2,3.31,84,41.07
7,2,63.01,66.38,0,1,3,3.46,150,46.4
22,1,87.12,58.74,0,1,1,2.21,15,45.19
18,2,53.7,72.42,2,2,1,6.17,74,65.56
12,3,91.78,75.64,1,2,1,2.13,123,56.51
22,1,58.81,68.23,3,2,2,3.89,50,63.32
10,3,65.53,60.43,1,0,0,6.51,79,30.18
3,5,76.22,56.73,0,0,3,3.92,128,48.48
0,1,22.98,13.39,0,0,1,3.27,112,1.63
22,6,55.42,55.49,1,0,3,7.19,51,28.91
23,4,60.28,59.04,0,1,3,2.26,115,53.86
17,5,15.81,15.63,1,1,0,6.81,105,0.0
2,0,46.0,28.17,2,1,0,1.87,81,26.88
7,5,74.36,77.29,3,3,0,3.98,72,69.69
0,2,8.66,16.22,2,0,2,5.29,140,20.83
1,4,42.21,12.35,0,3,1,3.72,133,8.23
5,5,18.11,4.72,1,0,0,4.71,149,0.0
13,1,20.82,48.7,3,2,2,2.72,105,33.97
1,1,51.13,36.69,1,3,1,4.91,60,21.13
23,0,7.65,23.79,2,3,3,2.31,25,32.26
10,4,43.25,52.67,3,2,3,6.28,27,57.49
6,5,7.31,11.29,0,0,3,5.0,144,0.7
12,2,88.3,68.43,1,1,2,4.39,61,59.58
18,1,84.47,88.82,2,1,2,1.83,25,79.72
7,2,24.05,37.66,3,3,0,4.5,41,40.78
1,2,10.92,24.32,3,1,3,4.88,12,28.0
1,6,27.56,13.51,1,3,1,3.09,84,5.38
20,0,7.56,21.12,1,3,0,5.57,93,1.75
2,2,71.13,53.28,3,0,0,1.96,63,44.75
15,4,56.65,54.88,3,3,1,2.75,114,61.4
9,1,53.95,61.14,3,2,1,5.93,77,49.73
18,6,81.68,73.09,2,2,0,2.38,145,60.41
1,6,77.84,66.42,1,1,3,2.97,117,52.24
21,2,41.8,45.61,1,1,1,5.41,20,28.25
16,5,59.93,68.14,2,2,1,5.87,48,42.23
10,5,44.76,65.24,1,0,2,1.81,116,52.69
4,4,61.16,38.19,2,2,1,2.26,85,26.97
23,1,18.64,37.03,2,2,3,4.18,116,27.79
7,0,32.01,37.4,1,0,2,5.06,57,24.69
11,2,27.67,46.99,1,0,2,4.22,15,30.97
9,0,20.07,47.68,3,2,3,5.38,120,45.02
5,2,42.25,13.21,1,2,0,6.04,120,0.0
9,4,70.38,63.72,1,1,0,7.2,100,40.39
3,4,40.65,36.13,1,3,2,3.6,67,28.77
0,1,93.44,77.58,1,2,2,2.48,11,65.39
6,0,32.19,28.11,2,2,0,3.08,112,19.26
2,1,90.33,74.33,3,0,0,2.39,103,54.28
9,3,22.42,36.25,1,2,3,3.87,104,44.07
20,5,33.87,17.69,0,3,0,6.74,33,0.0
3,2,19.77,27.63,3,0,1,3.58,113,16.98
0,2,26.41,12.09,0,2,0,2.39,112,6.05
2,3,19.14,32.13,3,0,1,4.64,130,20.06
12,0,61.23,52.28,0,0,2,7.45,89,26.52
6,1,23.06,33.83,1,0,2,2.63,113,26.17
11,0,12.66,15.66,3,3,0,6.17,66,22.61
0,3,28.98,22.63,0,3,0,6.44,108,0.0
7,3,66.06,59.12,0,0,3,3.91,107,50.52
9,4,43.58,56.7,2,2,1,5.22,119,44.78
10,4,19.05,24.56,0,2,1,4.09,130,7.25
13,2,10.71,20.67,0,2,3,3.07,10,25.15
18,6,70.64,83.18,2,2,3,4.06,119,68.85
11,6,68.37,51.25,3,3,1,2.07,121,45.1
20,0,46.54,44.49,3,0,0,5.74,86,20.63
12,6,52.5,60.02,3,0,1,6.48,83,30.22
6,1,26.64,46.64,2,0,1,3.34,111,17.98
5,1,48.68,44.88,2,3,2,4.9,74,30.77
7,3,70.57,61.75,3,0,2,2.89,68,64.5
14,0,74.44,65.37,2,0,1,2.26,123,58.9
5,2,35.64,21.24,0,2,1,5.48,121,4.4
21,1,66.1,63.36,0,1,2,2.3,39,48.8
11,3,48.78,53.46,2,2,2,6.19,126,48.58
20,5,71.54,63.57,3,1,2,3.13,56,42.76
16,6,67.17,82.11,2,0,3,6.41,29,68.96
8,1,72.53,74.2,1,2,2,3.71,133,63.25
5,3,19.84,14.39,1,0,2,3.71,43,15.81
17,3,33.99,50.51,2,1,1,6.0,38,30.11
7,2,28.85,48.94,3,3,3,4.56,48,55.02
5,4,45.24,27.48,1,0,0,2.71,79,7.92
22,6,46.84,38.02,2,0,0,6.6,33,11.67
11,2,65.06,57.67,1,3,2,3.54,32,64.47
1,0,56.26,46.86,0,1,2,2.12,65,28.44
11,6,57.19,35.68,1,1,1,4.0,40,32.9
11,6,61.97,58.35,0,2,2,4.94,37,41.2
20,2,29.56,32.52,2,0,0,5.16,138,8.01
17,3,25.35,30.52,0,0,2,6.51,93,17.35
4,6,24.37,16.69,1,3,1,4.75,11,8.25
3,3,75.15,62.75,3,3,2,2.84,24,64.16
14,3,13.75,2.48,0,3,1,3.07,124,5.84
1,6,33.45,20.92,1,0,2,2.11,48,27.66
7,5,30.22,21.49,2,2,0,5.92,31,25.14
3,3,58.27,51.49,3,3,3,2.14,103,61.69
0,1,88.18,63.13,3,3,1,5.13,128,58.12
22,3,84.07,69.1,0,1,0,5.08,66,45.15
2,4,14.48,5.44,0,1,3,6.21,114,0.0
0,1,53.62,45.32,3,0,0,1.95,69,26.37
22,3,8.35,31.83,2,0,2,2.72,25,26.04
4,4,76.32,67.9,3,1,0,6.96,122,31.47
19,0,38.72,44.82,0,0,3,4.93,139,31.01
0,3,24.34,7.49,0,3,0,4.25,148,0.0
3,5,48.57,30.23,0,0,1,5.99,24,2.77
2,1,44.16,46.58,0,2,2,6.92,89,23.16
16,3,89.88,100.0,3,2,3,3.08,97,98.29
14,4,7.99,29.43,3,0,1,6.91,21,22.16
11,0,90.5,90.02,1,1,1,2.15,144,54.7
5,4,26.09,16.73,0,3,1,7.37,24,0.0
2,1,18.05,25.03,0,0,3,2.49,47,5.55
13,2,71.76,72.01,1,0,3,3.1,146,60.19
5,4,52.03,42.71,2,0,0,2.08,88,39.66
14,0,85.61,81.89,3,0,3,6.32,105,70.13
16,0,53.84,59.86,2,3,3,7.41,79,59.85
20,3,50.49,55.77,3,0,2,3.28,116,48.23
11,6,23.55,40.13,3,1,1,3.45,21,32.86
0,0,90.48,81.99,3,3,1,3.17,105,73.29
6,5,64.8,65.99,0,3,3,2.43,19,53.84
20,0,59.14,61.5,3,0,1,6.22,35,50.21
12,3,76.11,77.56,3,1,1,1.86,81,74.77
14,3,14.11,27.96,2,0,1,7.31,73,19.68
10,3,82.98,73.99,2,0,0,7.06,31,51.55
3,0,50.04,44.78,3,3,1,2.21,122,43.04
21,5,77.2,53.19,2,1,0,4.68,52,35.68
18,1,69.14,60.71,1,2,0,7.46,132,41.68
23,5,45.61,44.11,2,0,1,6.62,12,24.67
20,4,74.27,88.42,3,1,3,5.79,43,75.51
6,3,69.86,70.93,0,1,3,1.63,51,63.73
6,2,5.33,18.86,2,2,1,1.91,94,11.48
5,4,68.83,68.0,0,3,3,6.26,66,31.33
22,6,50.79,45.9,2,0,0,3.76,32,29.62
13,6,80.55,71.23,0,2,2,5.51,90,48.08
10,6,77.87,81.36,3,1,2,5.94,145,68.61
23,1,20.36,20.68,2,3,1,4.03,28,17.04
14,4,6.96,11.03,1,1,1,2.36,45,17.32
21,2,22.67,44.64,2,1,2,3.82,77,47.58
23,6,71.7,61.78,2,2,1,6.73,112,35.62
1,6,83.42,54.8,0,1,2,3.49,29,31.95
8,6,68.05,61.97,2,3,0,1.88,42,55.65
17,1,78.85,79.05,2,0,2,7.25,43,63.06
19,2,57.85,62.01,1,1,0,5.58,96,47.39
3,4,50.59,50.62,1,0,1,4.75,21,28.12
7,5,92.33,82.52,1,0,2,6.47,102,56.36
13,2,12.25,24.61,0,0,3,3.97,69,14.16
19,0,42.92,63.71,3,1,1,7.41,56,41.26
2,0,30.03,24.38,2,0,0,6.65,131,12.46
14,4,15.98,10.36,1,3,0,3.18,125,11.67
7,3,59.5,57.98,1,2,2,3.73,123,51.21
5,3,28.69,37.54,2,3,3,3.15,134,37.24
12,5,46.67,46.36,0,3,3,5.46,42,33.0
9,0,17.29,26.91,2,3,3,5.34,130,26.69
15,5,40.1,27.81,0,1,1,4.64,34,4.82
7,1,23.02,35.42,3,3,1,7.3,56,33.99
19,6,85.72,99.9,3,1,3,4.33,88,87.12
1,6,52.02,49.56,3,3,3,6.2,114,43.22
20,3,76.96,56.18,0,0,1,5.45,91,42.22
0,2,48.72,27.6,0,3,1,4.61,88,12.24
17,1,8.81,23.89,1,1,0,1.75,63,17.56
8,1,67.51,65.39,1,2,0,5.44,93,44.02
9,6,9.3,31.15,2,1,2,5.36,76,19.15
0,1,40.55,46.94,2,0,2,2.25,77,38.1
16,3,54.22,67.69,1,1,2,6.28,92,45.94
3,3,75.18,37.46,0,2,1,4.3,94,24.57
15,4,85.87,70.97,1,0,0,3.44,56,45.01
17,5,23.43,33.28,2,0,1,6.44,29,25.13
20,3,64.72,54.8,1,3,3,3.56,52,57.53
16,5,47.32,53.83,1,0,3,5.23,67,50.72
7,3,74.08,63.45,0,2,0,5.21,32,53.12
17,3,89.59,85.69,0,1,1,1.82,35,70.88
19,1,52.97,53.72,2,1,2,4.04,144,51.79
7,1,30.81,46.51,3,1,0,2.84,49,39.85
2,3,76.87,80.1,3,1,1,2.7,114,61.61
21,0,52.41,65.55,3,2,0,5.43,28,55.21
3,2,84.41,42.6,2,3,1,1.57,147,49.81
14,3,55.95,77.53,2,1,3,7.31,39,51.6
5,3,89.34,75.05,0,0,3,3.87,65,53.65
3,5,6.58,0.0,0,0,0,3.29,120,0.0
18,6,71.51,69.12,2,2,2,7.02,38,64.88
3,5,36.19,51.86,3,3,3,4.42,87,47.01
16,0,65.18,83.45,3,0,3,5.19,120,77.2
16,2,89.81,77.65,2,2,0,5.68,13,55.86
1,5,63.85,40.44,0,0,1,6.73,13,17.29
4,4,72.05,74.7,3,0,3,2.28,121,57.06
19,3,19.22,33.79,1,3,3,1.99,47,47.1
12,3,20.35,17.76,0,1,1,7.46,138,0.0
2,2,56.61,58.04,3,1,1,1.55,140,43.83
23,4,43.75,26.6,0,0,0,5.75,134,8.73
6,1,15.0,18.3,1,3,3,5.17,150,21.0
0,3,70.55,48.33,2,3,0,4.82,126,17.91
22,1,67.91,61.67,3,3,1,6.21,64,51.07
0,4,13.24,12.3,3,0,0,7.45,149,0.0
13,6,9.38,4.66,0,0,3,1.78,58,18.29
23,3,39.09,29.8,0,3,0,5.19,92,4.83
13,2,61.96,73.69,3,2,2,5.8,10,73.19
14,6,85.42,58.82,1,1,0,3.34,145,42.52
9,4,44.11,36.19,0,0,1,6.86,93,17.76
3,2,12.57,17.74,2,3,2,4.24,143,14.42
13,0,80.64,69.68,2,3,2,2.49,59,62.53
21,0,16.24,41.58,3,0,2,6.63,54,33.68
2,1,62.37,39.68,1,1,1,7.16,83,14.46
21,1,42.21,45.71,3,1,1,2.1,131,43.31
9,5,86.86,82.2,2,1,3,6.01,87,63.58
12,3,68.44,79.33,3,1,2,2.79,121,72.17
3,6,5.01,4.99,1,1,2,1.54,40,7.88
14,3,38.55,63.71,2,1,3,3.06,119,50.61
4,6,21.23,22.76,3,3,0,6.63,113,7.58
6,3,30.52,57.08,3,3,3,2.35,136,54.27
17,2,40.91,51.18,1,0,3,2.28,18,56.32
1,5,53.72,36.08,2,2,1,5.93,64,15.34
10,3,76.85,70.1,2,2,0,3.94,22,63.81
14,1,12.78,8.45,0,1,1,2.39,66,7.12
3,3,44.7,14.19,0,0,1,2.88,117,3.29
7,4,81.56,92.82,2,3,3,6.27,100,81.98
8,2,43.9,40.83,0,1,1,5.24,116,28.15
15,4,51.74,54.35,2,0,3,6.07,114,38.25
23,6,75.07,59.69,1,3,0,2.09,149,48.86
20,2,69.16,67.12,1,3,3,4.25,134,41.42
4,2,50.9,65.52,3,1,3,6.28,92,56.65
0,2,92.04,74.3,1,1,2,3.09,133,52.27
1,5,8.26,9.85,3,1,0,2.52,16,15.04
14,1,9.91,34.99,3,0,2,3.79,111,41.0
3,6,43.46,48.04,3,0,3,3.5,83,40.33
5,2,19.21,34.12,3,1,3,2.61,144,34.12
20,5,24.49,38.21,2,1,1,7.22,81,20.16
20,5,18.51,12.15,1,0,1,4.4,35,0.0
20,5,67.31,59.42,3,0,1,5.15,112,42.82
6,6,42.91,40.96,3,3,0,2.23,143,34.09
14,1,80.08,68.74,1,3,2,5.16,12,48.52
14,4,27.53,44.92,1,1,3,4.83,19,33.28
4,0,61.11,35.1,1,2,1,7.09,103,22.64
13,2,24.21,29.22,0,0,3,3.97,88,25.99
12,0,6.3,5.68,1,3,0,6.19,87,0.0
9,4,67.0,65.15,0,3,0,3.33,22,46.27
18,4,18.1,53.22,3,0,3,4.97,90,51.5
16,5,67.44,60.23,1,0,0,7.06,90,23.46
12,1,67.16,69.14,2,1,1,5.25,129,41.11
17,2,65.13,56.66,0,0,3,5.77,65,53.71
18,4,58.28,77.15,2,1,1,6.76,59,62.64
13,5,84.64,67.05,2,2,1,7.05,21,42.44
6,6,11.81,25.3,2,2,0,2.75,89,22.78
18,0,88.86,97.84,3,0,2,2.68,101,80.91
17,2,10.94,20.73,0,1,1,4.8,49,11.33
23,0,49.58,54.2,2,3,0,7.47,113,29.7
3,5,88.09,69.4,1,3,1,4.44,142,40.45
10,0,29.2,41.78,3,2,0,3.49,34,37.58
22,5,80.41,74.95,2,2,3,4.72,90,64.1
12,1,58.39,65.9,3,0,2,1.89,107,65.43
22,0,82.51,70.69,0,3,3,2.56,12,53.51
0,6,9.37,16.23,1,1,3,2.39,35,16.59
0,3,55.03,60.77,2,2,3,1.67,65,61.67
19,2,21.98,34.1,0,1,2,5.83,29,23.35
8,4,6.63,21.06,2,0,0,3.45,60,15.5
12,1,67.01,43.67,0,2,0,2.51,30,25.37
10,4,72.47,59.45,0,2,0,4.57,136,49.69
9,3,71.27,54.44,2,2,0,3.44,94,58.8
22,1,70.43,62.13,1,3,3,3.86,56,55.63
2,2,76.99,56.68,1,3,0,3.39,119,42.16
18,0,47.26,52.23,1,1,0,1.52,12,41.5
21,2,36.28,47.98,2,1,3,5.63,94,40.33
15,4,74.39,68.97,2,0,1,2.16,106,48.31
9,0,64.98,68.38,2,3,1,2.81,124,50.32
3,0,23.0,32.33,3,0,1,2.64,41,24.05
16,4,44.18,59.4,2,0,3,3.49,93,57.05
11,2,21.4,12.52,0,2,1,2.46,118,12.38
3,0,75.1,60.78,0,3,3,3.58,122,49.31
8,5,27.24,63.32,3,1,3,2.96,34,61.26
23,5,61.04,44.49,1,0,1,1.87,147,26.49
6,0,71.18,63.36,1,0,2,6.72,48,38.55
4,1,94.24,62.15,1,3,0,3.33,65,52.38
16,2,43.98,82.56,3,2,3,2.07,37,86.09
4,5,83.52,70.41,3,1,3,4.63,31,70.36
22,0,64.79,50.53,1,3,0,2.24,46,50.71
20,5,5.76,9.59,2,0,0,6.14,29,0.0
23,2,40.22,30.17,2,2,0,1.87,113,33.9
21,0,40.47,41.98,2,1,3,4.29,94,37.24
5,6,15.77,20.33,3,0,0,7.16,64,8.51
5,0,44.34,42.88,2,3,1,2.45,87,40.11
8,0,15.48,16.23,0,3,1,2.71,95,5.36
11,6,80.18,79.6,2,3,1,5.1,35,59.69
21,3,37.57,26.3,3,0,0,7.38,51,13.53
17,3,21.48,17.66,0,2,1,3.82,134,15.06
15,4,59.16,53.83,1,1,3,5.39,11,42.12
21,4,82.18,63.11,0,1,1,2.41,144,48.45
15,4,89.14,83.03,2,0,3,5.35,145,61.88
9,0,85.49,73.14,0,2,2,3.02,45,54.44
9,3,84.38,91.15,2,3,3,5.18,55,77.08
12,1,36.32,44.35,0,0,2,2.03,39,30.25
2,5,50.49,50.97,3,2,1,4.65,89,38.53
17,3,38.42,44.05,1,2,1,2.92,40,49.09
15,0,88.0,71.8,1,2,1,5.59,121,51.66
17,6,13.35,45.33,3,1,2,5.99,64,44.33
12,1,54.89,61.71,1,0,1,6.59,146,35.33
18,1,27.22,35.07,0,3,1,7.45,130,24.25
22,6,81.53,72.27,3,2,1,4.26,66,65.79
13,5,35.53,37.4,0,2,3,5.52,94,39.41
10,6,82.73,79.63,1,2,2,1.61,13,75.41
2,4,88.52,63.85,0,1,3,6.93,19,43.68
18,6,20.48,47.8,2,1,3,5.19,81,41.55
21,0,72.88,67.32,1,2,2,4.03,76,54.63
16,4,36.5,56.43,3,3,0,4.11,66,57.83
20,2,41.29,34.9,0,1,3,6.05,22,19.48
20,2,29.69,23.19,2,0,1,6.5,128,22.62
19,1,60.5,51.81,0,0,1,6.35,67,30.97
12,1,35.89,30.0,0,2,1,4.56,76,15.53
2,3,71.66,35.99,1,0,0,3.73,66,24.37
0,6,75.06,62.79,3,3,2,7.17,80,44.7
4,4,40.56,45.19,3,1,0,5.31,101,28.85
10,2,5.43,30.64,2,1,2,4.76,117,22.81
17,3,10.95,32.85,1,0,3,5.09,87,37.2
10,3,29.64,27.95,1,1,1,5.28,33,25.79
0,1,90.85,70.16,0,2,1,5.78,133,36.3
5,3,40.44,31.2,1,3,2,4.82,50,26.2
23,4,71.98,69.49,1,2,3,6.75,12,53.97
23,1,89.25,77.11,2,2,0,6.66,15,54.54
9,4,35.75,35.94,0,1,1,4.15,119,22.97
19,4,55.52,61.41,0,1,1,2.51,64,44.7
17,3,81.71,79.86,2,3,0,4.96,13,54.49
22,2,60.33,45.81,0,2,0,5.22,124,29.72
21,3,15.1,23.27,1,3,2,4.64,52,14.76
15,5,74.26,76.49,2,2,3,6.84,147,66.18
9,1,86.37,88.72,3,0,2,2.06,134,80.79
15,4,74.19,64.74,2,1,0,3.22,16,56.58
7,4,72.73,73.97,3,1,1,6.69,107,66.16
8,2,73.01,71.07,1,1,3,7.14,95,62.83
14,2,60.13,58.88,2,3,3,4.06,34,59.56
13,6,27.3,30.76,3,1,0,2.66,58,19.73
13,2,86.98,68.26,0,0,2,4.02,79,46.76
9,4,16.6,47.76,2,2,2,4.24,30,42.41
9,1,79.46,78.15,1,1,1,4.62,111,56.05
0,6,37.34,34.95,3,0,1,3.15,49,20.25
14,4,65.64,57.3,1,3,2,3.38,142,46.46
13,5,77.46,85.08,3,3,3,5.43,123,53.99
22,4,76.87,87.94,3,3,1,5.23,99,64.83
12,2,19.5,41.62,2,1,3,5.47,26,37.54
11,2,59.98,43.15,0,3,3,3.76,13,38.13
1,4,24.31,15.55,0,1,0,3.52,30,0.0
4,6,15.09,22.15,2,3,1,3.61,80,15.31
8,0,51.22,66.27,1,3,1,7.21,120,48.33
9,5,93.88,81.85,1,0,2,3.87,31,72.01
8,5,93.35,86.18,3,1,0,5.14,109,66.97
9,0,56.61,57.91,1,2,1,4.64,16,46.56
18,0,74.5,60.29,1,0,0,6.76,47,42.54
3,4,27.47,10.8,1,3,0,3.71,94,15.14
7,5,25.19,42.93,3,2,1,4.1,126,42.67
3,2,68.59,43.58,1,0,2,6.56,119,27.74
7,4,75.74,59.31,1,3,1,2.47,85,62.71
16,6,71.77,76.38,2,0,1,5.07,15,58.85
1,2,14.41,9.86,0,1,1,3.9,51,0.0
8,1,37.06,58.43,2,0,2,7.41,120,44.02
0,6,8.98,17.71,2,0,2,5.83,21,9.17
22,1,75.75,62.62,0,2,2,1.56,109,49.25
17,3,33.06,54.82,3,0,0,6.54,109,41.78
5,3,43.68,20.49,0,2,0,5.72,116,0.0
4,3,57.1,49.78,3,0,1,4.87,40,34.58
2,1,5.05,10.18,3,3,0,2.92,44,7.64
11,4,36.87,37.7,0,3,2,2.4,37,27.96
18,4,70.46,70.26,1,1,2,5.27,65,57.07
14,1,30.75,15.74,0,1,1,4.14,83,3.54
21,3,56.34,52.7,2,2,1,6.67,26,48.83
8,0,92.95,76.7,1,2,0,3.07,90,62.3
6,1,15.63,21.06,1,0,1,5.33,43,5.37
11,6,29.14,34.84,3,3,1,2.99,89,25.09
4,3,66.56,53.46,2,3,0,5.32,52,30.76
23,4,58.85,54.1,3,1,2,1.79,144,54.74
4,6,93.02,73.88,2,2,1,3.85,55,48.77
11,4,8.11,31.39,1,0,2,2.54,132,36.92
12,5,84.02,62.25,0,2,2,5.14,34,33.38
1,4,48.97,27.66,0,2,0,3.4,21,12.18
11,3,25.42,38.57,2,1,3,6.13,36,34.38
10,4,50.3,49.61,2,1,0,2.19,69,43.37
6,2,42.1,41.11,2,0,2,4.84,137,22.24
3,6,21.14,46.16,3,3,3,5.06,34,39.01
1,1,24.75,20.52,0,0,2,1.63,120,12.81
0,6,30.93,25.58,2,2,2,1.72,108,30.63
11,6,54.7,45.89,2,3,1,3.35,58,43.43
2,0,12.48,11.42,2,0,0,5.15,57,7.22
23,4,13.0,2.18,0,0,2,7.28,143,0.0
5,6,34.86,39.47,1,3,3,2.04,110,31.95
15,4,68.66,57.84,0,3,3,5.72,43,60.95
16,2,93.05,76.72,0,0,0,5.66,138,52.58
11,6,6.08,20.43,3,1,0,5.52,67,2.44
21,3,92.51,95.36,2,2,3,4.6,21,80.21
2,0,66.74,66.5,3,2,2,7.3,124,41.34
5,1,86.09,73.19,2,2,1,4.51,132,47.73
6,4,53.27,45.49,0,1,0,6.53,72,28.69
3,3,46.66,42.29,3,2,1,3.08,109,43.24
7,1,75.66,84.54,2,0,0,6.34,43,46.27
7,5,54.6,44.78,0,3,0,7.48,129,15.09
18,0,85.76,68.55,0,2,0,6.96,61,43.19
7,1,85.38,87.58,3,1,3,3.32,47,85.86
21,3,52.74,46.52,2,1,0,6.58,80,29.57
18,0,56.64,58.59,0,1,2,2.07,47,47.26
21,2,46.06,42.83,1,1,1,5.57,97,23.71
2,6,67.05,78.07,3,0,3,3.55,115,55.31
23,6,66.41,58.09,3,2,0,5.45,67,40.3
14,6,63.55,75.51,3,0,3,3.97,120,67.32
23,2,10.61,4.76,1,1,0,1.55,70,8.06
8,0,91.72,98.32,0,3,3,2.89,146,74.18
22,5,35.2,19.99,1,2,0,1.75,47,23.76
14,2,27.16,44.07,2,3,0,4.06,109,34.98
1,5,23.99,21.33,3,2,0,6.54,85,8.46
9,0,11.24,19.45,2,3,3,5.93,143,29.58
3,4,46.13,38.68,0,0,1,6.23,40,21.73
22,4,8.74,20.87,2,2,1,6.34,37,24.54
7,6,19.48,25.85,0,1,3,3.73,132,14.74
5,0,5.47,14.43,2,0,1,4.54,137,11.07
13,2,20.72,32.57,1,0,2,4.55,115,31.4
10,6,94.57,87.99,2,0,1,2.18,76,75.45
2,2,53.73,48.63,2,0,0,5.09,67,22.11
19,4,11.04,38.72,2,1,3,5.82,103,37.35
20,1,55.77,48.7,0,0,1,5.17,115,34.3
17,5,59.07,70.88,3,3,3,5.98,48,75.51
14,1,54.3,58.45,2,2,1,2.21,10,54.21
9,4,35.24,48.75,2,3,3,6.07,20,65.72
13,6,64.15,41.32,1,0,0,2.75,58,21.06
12,4,17.83,19.4,0,0,2,6.76,106,4.18
3,3,24.76,21.9,2,3,1,2.97,72,22.2
1,1,94.52,83.55,1,1,3,4.45,97,59.35
6,2,42.4,39.36,3,3,1,4.42,76,29.62
10,5,18.3,45.83,2,0,3,3.11,45,51.02
3,1,24.53,14.3,1,0,1,3.67,115,0.69
2,4,70.17,29.27,0,1,1,2.61,112,15.78
20,3,15.46,20.68,2,2,2,4.92,145,19.64
8,2,36.86,52.39,3,0,2,6.98,126,43.59
14,5,34.56,34.99,1,0,1,3.4,63,20.36
12,2,25.52,27.44,2,0,0,4.55,109,21.44
17,2,47.92,33.03,0,0,0,6.67,59,24.26
17,3,14.91,25.29,1,3,2,4.21,133,28.41
7,5,46.09,42.84,3,3,0,6.49,96,32.83
20,6,7.94,18.53,1,0,2,4.18,127,8.96
8,4,92.33,97.84,3,1,3,4.14,49,86.14
20,4,59.44,64.09,1,1,3,2.44,12,56.75
9,5,11.76,22.07,3,0,2,2.25,29,30.62
2,1,22.17,18.22,2,2,1,5.17,84,25.04
18,1,71.28,95.52,3,3,2,6.46,145,78.94
0,3,70.85,57.5,2,2,0,2.31,98,37.69
18,4,37.85,49.18,1,3,3,6.96,124,48.68
1,4,18.36,3.31,1,2,0,3.65,76,0.0
4,1,53.23,56.08,2,2,2,4.05,145,36.99
14,5,29.88,49.24,3,3,1,6.87,142,34.43
22,2,13.71,1.83,0,2,0,6.88,40,0.0
9,6,36.14,36.64,3,3,0,4.65,131,40.99
2,5,72.59,67.22,3,3,2,3.16,12,43.3
5,6,36.87,42.15,3,0,2,2.53,93,40.7
21,4,8.67,19.62,2,2,0,3.13,71,12.31
17,3,15.84,46.31,3,2,0,6.18,52,29.17
2,1,58.67,40.44,1,1,2,3.45,141,20.03
9,2,51.99,60.71,2,2,2,5.67,103,49.58
6,6,65.74,69.38,3,3,1,2.67,29,70.2
4,2,56.46,52.62,3,0,0,4.37,29,41.06
20,0,49.75,41.29,2,2,0,3.61,26,44.0
14,1,47.76,35.13,1,3,0,4.52,52,23.81
4,4,91.54,69.69,3,1,0,4.92,19,51.67
15,4,82.61,89.4,2,1,2,7.45,47,52.01
9,6,39.46,43.56,3,0,1,6.9,117,24.79
1,6,63.81,43.67,2,1,0,5.68,133,19.82
10,3,6.84,38.35,3,1,2,2.42,120,35.6
4,3,6.89,2.34,1,3,2,7.01,79,0.0
5,5,33.67,26.05,2,0,0,6.86,108,3.15
21,0,72.93,62.21,3,2,2,6.82,143,61.46
17,4,88.29,81.92,2,0,0,4.37,17,64.23
3,3,66.47,48.22,0,3,2,2.52,137,26.91
20,5,68.58,67.52,3,1,1,6.03,111,37.16
13,5,7.89,2.6,1,1,0,3.83,64,0.0
20,4,88.71,77.47,0,3,3,3.57,73,58.99
17,4,12.81,20.95,1,2,0,3.84,71,19.22
8,4,90.22,91.05,0,0,3,4.85,32,67.8
12,4,17.75,36.25,3,1,1,3.5,42,33.13
12,1,8.0,18.62,3,1,2,5.64,51,31.19
17,1,55.72,54.29,1,2,2,5.39,10,56.83
5,5,15.23,15.65,3,3,1,4.55,80,17.28
7,4,7.59,29.73,2,2,2,1.82,77,33.43
5,1,65.1,56.69,3,1,1,7.12,56,35.41
7,6,71.44,61.23,0,2,2,3.97,34,53.64
3,6,31.36,32.31,0,3,0,4.2,146,11.2
0,4,53.02,45.58,3,0,1,4.24,105,27.24
22,1,57.74,56.31,1,2,0,3.69,76,44.58
1,6,19.48,16.99,2,2,1,5.55,111,1.95
21,1,44.61,31.87,3,2,0,1.58,62,42.13
0,3,62.33,47.21,1,0,1,6.74,40,39.64
18,6,84.71,85.83,0,0,3,2.11,104,59.25
7,3,42.7,59.18,3,1,1,7.5,118,47.76
12,1,67.94,59.71,1,1,1,5.27,101,36.7
6,0,50.15,48.27,0,3,3,1.9,89,47.59
11,2,68.64,50.96,1,2,0,4.87,10,31.01
10,4,76.01,84.0,2,3,2,3.49,99,59.73
12,5,52.75,55.94,3,0,2,7.22,97,36.3
9,1,10.5,12.08,0,3,1,6.03,68,10.6
12,1,83.79,77.2,2,0,1,4.54,44,64.7
19,4,59.09,55.44,0,2,2,4.08,148,48.13
10,1,59.06,65.49,1,1,1,7.48,62,50.42
8,0,50.85,53.88,1,3,1,5.5,48,39.57
3,3,20.66,19.43,2,2,2,4.58,109,14.66
8,3,48.76,46.09,2,1,1,3.89,77,46.15
3,1,53.31,38.37,0,2,3,3.45,88,28.34
4,1,39.54,40.83,0,2,1,5.73,101,19.85
22,1,18.42,29.6,2,2,2,5.03,61,19.64
2,2,73.6,63.3,1,2,2,6.59,31,45.92
11,0,46.09,46.05,2,2,3,4.82,33,54.76
20,0,68.06,45.42,0,3,1,4.99,142,31.89
22,2,9.23,15.33,2,0,0,4.36,81,13.42
3,0,50.39,59.19,3,1,1,6.08,68,34.48
3,2,11.64,4.35,1,3,2,3.99,55,3.36
8,4,71.02,65.73,2,1,1,6.61,111,52.73
13,0,57.29,64.56,1,3,3,3.46,138,49.89
23,4,45.63,49.0,1,2,0,5.66,118,25.97
4,4,92.56,65.7,0,1,1,6.86,85,33.98
3,4,34.34,38.46,1,1,3,6.11,77,24.28
6,4,43.06,51.72,3,1,3,3.56,132,55.19
20,5,71.38,40.13,0,0,0,5.74,130,18.2
0,0,52.25,38.6,1,1,3,2.74,65,35.98
9,1,64.27,64.16,3,2,1,1.85,145,62.17
2,2,92.87,73.44,1,3,2,6.25,126,54.24
3,4,67.61,47.14,3,3,0,6.35,129,34.79
22,6,18.56,18.12,1,1,0,1.64,17,14.55
0,6,23.84,22.96,2,3,2,7.19,28,18.6
7,4,83.29,80.03,3,1,1,4.18,52,72.66
21,2,9.32,22.9,2,3,0,6.93,117,7.03
14,2,50.83,52.88,3,3,2,6.23,21,46.97
1,0,86.54,74.36,2,1,0,6.9,21,41.4
11,3,74.86,71.72,0,2,3,6.5,14,53.58
23,3,15.41,4.16,0,3,0,7.34,37,0.0
9,1,71.64,75.0,2,0,0,5.27,139,51.27
12,5,39.39,27.6,1,0,1,2.86,111,21.2
12,5,86.12,78.05,1,2,1,3.84,111,45.24
15,2,56.55,56.05,1,0,2,6.01,51,34.76
4,6,54.39,33.11,3,3,0,2.44,98,34.62
20,0,5.78,22.1,3,1,3,7.08,119,20.06
23,6,27.47,33.94,3,1,1,2.73,85,33.29
3,5,42.15,34.42,0,3,2,6.76,130,11.84
19,1,70.15,78.32,2,2,3,4.4,90,73.91
19,4,51.8,64.93,2,3,3,6.54,55,66.5
17,2,81.73,89.13,3,2,2,7.25,100,77.14
8,5,8.09,0.0,1,2,0,4.03,142,0.0
11,1,34.06,48.29,2,2,2,5.68,126,39.57
20,1,58.78,60.7,1,3,1,2.86,80,42.68
3,2,64.29,56.81,1,3,2,6.3,94,28.25
19,1,50.22,40.19,0,0,0,6.42,147,23.58
22,2,40.9,41.25,2,2,2,3.27,115,33.55
16,4,11.44,19.66,0,3,3,1.64,80,31.15
8,4,67.66,63.78,2,2,2,4.09,49,64.39
13,3,86.34,100.0,3,1,3,2.52,137,85.45
1,1,77.8,47.46,0,3,0,6.41,147,14.8
22,1,68.11,63.37,0,1,2,3.07,19,40.59
8,6,62.07,63.64,2,0,0,7.16,14,34.84
1,1,74.48,61.63,3,1,0,7.33,26,31.77
19,0,74.91,66.41,0,0,3,6.95,64,50.97
15,3,5.62,12.68,1,2,0,5.1,32,0.0
14,0,37.21,23.21,0,3,1,3.1,134,9.36
1,2,83.12,71.07,3,1,0,6.34,138,41.83
18,5,81.57,75.47,3,2,1,5.71,35,63.16
15,1,68.9,46.55,0,3,0,7.36,126,22.16
19,4,32.82,31.56,0,1,1,3.76,29,28.98
19,3,76.81,80.1,0,3,2,1.85,121,75.26
5,2,25.84,16.57,3,0,2,7.49,61,19.28
5,4,25.17,53.44,3,2,3,6.53,15,35.46
22,4,53.22,37.67,1,0,0,2.83,70,12.55
12,2,56.42,43.76,0,3,1,5.85,126,15.72
10,1,36.62,52.26,2,0,2,1.5,141,48.03
6,6,59.34,58.02,3,3,0,4.85,27,35.02
15,1,68.82,70.46,3,1,0,3.68,127,48.45
18,6,21.22,33.55,1,0,1,3.79,51,25.55
0,3,30.98,55.56,3,2,3,2.97,75,47.17
13,6,67.99,75.07,3,3,2,3.15,25,69.28
23,2,88.45,85.86,3,0,2,4.23,147,66.28
6,3,84.6,70.04,1,1,2,2.99,121,51.7
6,4,16.67,24.95,1,2,3,4.3,100,36.1
21,2,56.28,62.57,1,0,2,4.96,112,40.81
1,1,77.02,72.74,1,3,2,5.77,133,46.92
9,3,26.36,50.01,3,2,1,5.56,30,50.15
10,4,62.89,50.13,2,3,3,2.95,44,70.19
19,1,43.49,37.58,3,1,0,1.74,15,45.89
3,5,64.65,55.49,3,3,1,6.5,78,45.2
10,4,7.89,18.51,1,1,1,6.73,79,8.62
3,1,33.17,31.02,3,1,0,7.37,14,22.19
18,6,32.66,55.28,2,1,2,7.26,103,32.78
15,0,42.68,61.14,2,2,3,5.3,11,50.72
11,4,15.31,17.25,1,0,0,6.87,121,0.0
9,3,44.3,38.23,0,2,3,4.19,109,40.96
3,4,53.73,34.08,0,3,3,6.22,124,18.33
22,5,7.4,20.8,1,0,3,7.23,26,1.49
15,4,32.08,41.02,3,3,0,6.28,132,31.25
7,4,20.96,38.57,3,3,3,3.99,87,51.33
9,5,92.49,78.22,0,0,1,3.77,131,48.71
17,4,16.72,24.77,2,2,2,3.25,108,46.83
17,5,61.47,49.61,3,1,1,3.7,102,51.03
11,2,41.17,46.51,3,2,2,6.42,14,40.93
7,1,30.86,54.83,2,1,2,5.71,107,33.09
15,1,81.87,91.6,2,0,3,3.0,73,68.38
15,4,64.77,44.47,1,1,1,5.77,129,34.91
14,3,60.83,48.17,3,0,0,3.78,106,35.4
1,0,13.43,15.0,0,1,2,4.85,20,7.49
11,1,28.31,44.3,3,3,3,3.72,135,41.8
14,6,29.88,44.08,3,3,0,4.63,18,27.54
22,5,44.09,51.96,1,0,3,5.88,52,29.86
12,5,87.93,89.73,2,2,3,5.89,40,72.81
8,1,41.33,52.0,3,0,2,6.02,147,46.16
13,0,34.52,44.96,1,0,3,3.85,31,31.42
4,2,11.38,23.31,1,2,1,5.64,129,8.56
2,5,39.65,19.54,0,1,0,2.93,41,5.32
16,3,9.71,26.68,1,2,2,4.36,101,30.36
23,5,37.87,35.22,1,0,2,5.0,22,26.22
20,3,92.1,82.1,3,0,3,5.62,65,68.05
14,3,55.05,46.94,3,2,0,6.97,97,41.67
0,4,23.8,7.89,1,0,0,3.33,110,0.0
23,6,31.93,17.48,0,0,2,6.57,133,5.51
10,3,56.4,43.8,1,3,1,3.37,125,44.63
6,4,6.74,0.0,1,2,0,4.81,83,0.0
21,6,85.96,72.41,2,3,2,6.47,52,68.53
17,2,57.03,52.79,0,2,0,5.84,46,32.63
17,5,49.31,65.28,3,1,3,6.68,149,59.04
6,3,69.46,61.83,2,2,1,6.39,95,42.04
23,6,23.02,27.94,0,3,2,3.16,138,25.03
10,3,6.95,34.83,1,2,2,7.46,71,30.19
12,4,60.37,77.38,2,1,2,7.12,78,52.22
18,2,19.4,35.98,2,3,1,4.08,126,27.65
15,4,6.1,12.42,2,2,0,1.78,111,12.94
4,2,88.6,60.9,0,3,2,3.32,38,45.81
7,4,75.96,72.83,1,2,1,6.52,83,48.93
8,5,15.28,34.91,2,1,3,7.21,40,26.41
22,3,85.67,82.61,2,3,3,6.49,117,58.37
17,3,11.08,19.37,1,2,0,3.88,14,27.63
8,2,77.27,68.04,2,3,1,1.84,126,70.6
17,5,42.3,23.13,0,3,1,4.61,140,21.01
17,4,51.64,58.49,3,1,1,3.76,13,55.45
9,3,65.15,80.11,2,0,2,2.24,98,70.91
9,0,13.89,38.87,2,0,1,2.14,21,38.01
21,0,86.7,79.0,2,2,0,2.42,60,57.89
13,0,17.93,28.45,3,3,1,2.73,57,36.98
3,5,89.74,76.08,3,3,3,6.02,83,67.35
17,5,13.23,44.9,3,0,1,3.79,139,41.21
14,0,20.48,16.16,1,0,1,4.12,75,5.73
12,0,10.18,19.61,0,2,3,5.09,66,18.32
17,5,40.8,46.2,0,1,0,7.26,23,26.31
21,3,58.18,61.76,3,1,1,6.04,135,47.43
7,2,61.26,62.05,3,0,0,5.37,54,63.24
10,4,79.57,88.41,2,0,2,5.96,75,66.86
4,1,52.55,52.34,2,2,3,5.82,23,33.39
15,1,50.91,42.03,0,2,1,5.64,50,18.61
9,2,34.35,62.34,2,3,3,4.48,88,55.01
8,6,63.6,52.98,2,1,3,4.9,136,57.05
16,5,86.77,77.98,0,2,2,4.27,56,65.41
9,1,36.98,41.26,3,3,0,3.87,89,43.41
11,3,37.07,30.24,1,1,0,3.12,133,19.79
10,6,35.9,29.64,0,0,0,3.63,60,26.21
6,6,25.47,25.61,2,3,1,4.07,51,18.9
3,5,56.0,40.92,1,0,1,4.98,16,19.78
19,0,14.5,30.14,2,1,0,4.5,138,20.93
2,1,80.13,73.12,2,0,3,2.15,25,56.74
7,1,17.4,36.31,2,2,2,3.54,40,28.81
16,1,20.65,34.05,1,1,2,3.76,29,43.33
3,1,11.17,22.36,3,1,2,5.74,109,14.02
15,2,39.32,51.87,3,2,2,3.5,61,49.6
17,3,73.19,70.1,1,1,3,1.55,109,73.22
15,2,86.91,75.46,0,1,1,2.01,95,44.25
7,2,44.09,41.1,1,1,0,4.48,12,25.74
0,1,26.16,27.01,3,0,1,2.63,53,25.62
21,1,70.31,58.39,1,3,0,4.47,10,37.98
7,6,66.93,77.39,3,3,3,4.95,19,68.38
19,4,66.35,81.47,2,2,2,7.1,76,68.1
4,1,44.91,39.6,1,0,1,5.43,47,15.55
3,5,55.88,30.88,0,1,0,1.69,22,14.87
18,5,10.58,37.19,2,1,2,3.78,67,36.4
22,6,27.5,37.45,2,0,2,6.26,73,30.27
20,1,88.43,67.59,0,3,3,3.06,149,59.89
18,4,8.76,34.54,3,1,0,7.05,103,19.76
5,6,32.14,7.84,0,2,2,4.67,65,9.76
21,5,25.4,0.67,1,2,1,2.05,76,7.37
16,1,16.72,33.93,2,1,0,2.95,22,27.17
4,6,88.19,66.6,2,1,0,6.94,64,29.12
3,2,16.33,10.4,0,3,1,7.45,91,0.0
20,3,49.04,58.04,1,3,2,6.68,12,37.01
6,3,80.56,72.83,3,2,0,3.42,139,60.0
18,5,5.35,23.2,1,2,3,6.11,82,16.31
3,0,14.77,30.21,2,0,3,2.83,120,37.11
6,3,35.77,37.76,1,0,3,3.81,48,21.56
6,5,18.28,21.49,0,0,3,5.68,127,4.86
6,3,21.44,31.2,2,3,1,7.31,61,12.0
16,1,58.2,60.23,1,3,1,4.14,140,55.09
21,0,20.36,17.33,1,0,0,4.48,83,9.44
21,3,62.5,68.56,3,1,3,2.82,99,65.9
17,4,87.4,89.09,3,1,3,3.92,38,80.91
4,3,25.65,9.96,1,3,0,1.88,150,0.0
23,6,24.11,50.09,2,1,3,6.65,37,37.03
13,4,6.03,12.48,2,0,0,1.64,14,9.61
13,3,6.32,17.88,0,2,3,5.6,72,9.47
16,0,40.7,25.86,0,0,0,3.14,127,18.2
18,3,49.01,78.23,2,2,2,4.36,139,61.09
22,1,21.45,36.42,3,3,3,3.19,130,35.46
13,5,34.07,41.3,3,0,3,3.9,87,34.94
14,1,17.63,17.26,1,3,0,4.78,139,0.0
17,6,66.31,56.5,2,2,0,5.35,79,40.37
6,2,40.36,36.62,1,0,0,7.14,77,13.07
7,3,71.09,72.6,3,0,3,3.49,35,76.58
15,1,54.53,57.22,2,0,0,5.01,121,40.65
1,1,38.96,45.63,3,3,1,6.91,54,23.13
7,6,61.37,55.36,1,2,1,3.24,37,48.15
17,1,5.65,18.48,3,1,1,6.69,62,19.57
23,3,67.13,56.65,2,2,1,7.25,95,51.76
12,6,38.39,45.08,3,1,1,6.58,48,31.45
9,4,51.22,33.41,0,1,0,4.92,60,18.12
10,0,52.11,54.18,3,2,1,5.83,56,53.16
16,2,55.26,66.13,0,0,3,4.39,94,53.16
13,2,68.21,65.2,3,3,0,5.08,110,47.87
0,1,14.96,15.63,0,3,3,7.35,105,8.27
12,1,49.01,57.98,3,3,1,3.01,29,63.34
9,3,12.48,26.84,2,0,1,6.26,58,26.93
16,2,26.07,34.36,1,1,1,4.54,101,27.52
21,2,22.03,46.06,3,1,3,2.56,40,61.44
23,2,58.88,65.06,1,2,3,5.36,19,54.99
14,2,59.55,58.36,0,1,3,6.25,55,33.0
8,1,79.78,72.66,0,1,0,4.91,105,43.77
10,3,51.97,69.59,3,0,3,6.52,103,60.96
4,6,72.02,45.42,1,2,2,3.7,28,33.05
22,3,85.02,83.83,3,2,0,6.98,105,58.17
20,4,17.02,14.54,0,2,1,5.39,37,0.0
20,6,69.89,54.94,0,1,3,6.32,114,45.51
7,4,34.51,57.84,3,3,2,3.14,89,64.27
7,1,30.03,37.21,0,2,2,4.18,27,21.12
20,2,91.67,71.05,2,0,1,6.96,59,53.74
13,3,23.58,26.67,1,1,0,1.81,125,19.18
16,3,87.31,100.0,2,2,3,3.92,71,97.97
11,1,79.13,71.24,0,0,3,6.18,107,57.2
10,0,84.08,72.74,1,1,1,5.96,115,63.76
15,2,57.74,44.89,3,3,0,6.61,14,36.57
19,6,57.62,78.85,2,1,2,5.94,141,61.02
8,5,41.23,51.07,2,2,3,7.18,57,43.33
19,5,41.08,39.72,3,2,0,4.49,121,44.1
5,1,81.56,64.5,1,1,2,5.25,75,30.45
9,2,39.9,67.78,3,3,3,6.59,91,55.72
21,4,48.8,57.79,2,0,1,5.71,60,34.83
22,3,94.68,68.46,1,1,0,2.11,130,49.28
22,2,36.89,30.87,1,2,0,3.7,26,22.14
7,2,79.03,66.91,1,0,0,4.82,136,51.92
20,0,29.95,55.4,3,3,3,6.03,39,48.01
22,6,7.26,16.37,1,0,1,4.76,134,0.0
23,6,58.41,51.95,2,2,0,6.17,13,30.03
0,0,48.14,45.07,0,2,3,6.53,11,23.72
17,2,75.8,69.04,1,3,3,3.09,23,75.88
23,3,5.37,21.82,3,0,0,5.2,87,22.43
18,5,11.35,32.72,2,0,2,4.84,47,39.64
5,6,82.37,67.96,3,2,1,2.86,94,60.88
18,2,48.27,45.01,1,3,0,4.44,125,32.2
2,5,50.57,42.35,3,3,0,4.79,13,29.59
11,6,25.26,35.2,3,0,2,6.4,84,30.46
15,5,88.33,100.0,3,1,3,4.27,114,75.45
10,2,87.3,94.37,1,1,3,1.99,69,78.04
16,5,51.5,67.73,2,3,2,4.42,140,60.32
5,2,24.6,33.01,3,2,3,6.53,103,22.89
14,0,93.45,75.58,3,1,0,4.93,14,66.6
15,5,85.32,72.95,3,0,0,3.41,86,51.7
15,5,51.93,36.19,0,2,0,7.03,64,13.32
6,2,61.38,44.05,2,1,0,2.43,28,40.31
7,3,44.57,67.45,3,0,3,3.46,144,72.89
6,2,23.55,34.53,2,0,0,4.12,41,8.06
11,0,66.33,36.11,0,2,1,5.93,21,32.41
14,6,65.22,60.66,2,2,3,6.51,41,58.56
8,0,54.26,64.66,0,1,3,1.85,126,57.1
9,3,78.3,63.99,0,3,0,6.25,94,42.91
6,0,45.67,26.81,0,2,0,5.82,125,12.41
5,4,82.48,71.53,3,2,0,6.87,75,40.12
15,6,24.53,16.5,1,0,0,6.9,26,0.0
19,4,91.56,80.27,1,1,1,6.17,64,65.44
6,4,23.46,17.92,1,3,1,2.64,38,10.44
20,5,19.41,39.09,3,1,3,3.38,88,44.07
13,6,59.31,66.83,3,2,1,7.12,47,46.89
4,6,13.38,10.29,2,3,1,5.09,146,7.81
8,1,20.11,43.0,3,2,1,4.73,63,34.07
0,3,70.61,50.49,0,2,2,6.99,54,23.26
0,5,32.73,40.12,3,0,1,6.75,148,9.95
8,2,77.01,62.21,1,1,0,5.86,83,33.93
10,4,19.0,38.56,1,0,1,6.79,34,26.76
19,0,39.68,48.34,0,0,2,2.18,77,37.67
3,6,39.77,39.34,3,2,1,6.05,45,22.76
20,4,48.24,44.69,0,0,2,7.29,111,27.6
5,5,41.94,35.94,3,1,1,1.79,90,30.49
3,5,39.81,36.96,2,1,3,2.84,112,39.91
16,1,34.56,60.72,3,1,3,6.26,142,51.33
18,3,6.36,11.19,0,2,2,4.62,112,12.62
14,6,60.49,59.34,2,1,3,2.02,58,52.01
2,1,47.61,34.72,3,3,0,3.11,38,36.03
2,5,38.6,34.79,1,1,2,3.44,84,20.58
9,2,24.03,35.41,1,3,1,3.43,73,36.91
10,4,85.23,87.24,0,3,3,6.77,54,66.91
23,3,26.41,21.67,1,1,0,5.47,124,0.0
6,4,87.88,67.62,2,3,0,5.91,138,46.08
4,5,24.55,2.39,1,1,0,1.58,63,0.0
22,2,92.43,86.45,2,3,2,4.07,106,73.54
3,1,42.79,44.58,0,3,3,3.41,148,34.2
0,2,52.94,51.6,2,1,3,6.61,11,44.48
10,4,31.89,42.15,2,1,1,7.22,61,30.89
9,5,89.53,67.42,0,3,0,4.04,114,35.37
14,5,30.43,38.69,1,2,3,7.34,80,26.86
21,2,70.72,65.9,0,2,2,1.59,121,52.86
22,6,6.84,26.36,2,2,0,3.45,76,13.06
6,0,55.28,61.29,2,0,2,6.15,19,45.97
23,0,71.74,77.6,2,0,3,3.66,71,53.94
15,0,47.38,44.44,0,3,3,7.03,67,32.32
1,6,62.9,46.53,0,1,3,2.81,129,31.45
22,1,74.13,79.52,3,3,3,6.27,30,64.63
3,4,50.02,38.45,1,1,2,2.71,31,35.09
14,5,24.63,29.63,1,3,2,2.68,29,25.52
18,5,40.71,43.68,1,2,0,4.17,90,31.66
5,6,70.77,64.4,3,0,2,7.17,150,44.23
6,0,29.4,31.2,0,1,3,5.01,97,24.89
11,2,61.88,72.44,3,3,3,5.31,125,57.81
21,3,18.35,33.49,3,0,3,1.56,130,40.8
5,4,88.73,61.51,0,0,0,1.84,94,46.62
15,4,59.27,39.78,0,0,0,1.9,95,32.16
10,3,47.14,42.86,0,2,3,6.42,44,43.13
2,2,78.04,68.42,1,3,3,2.92,145,57.28
17,0,76.75,83.84,2,3,2,3.47,121,70.28
19,3,13.76,32.89,2,3,3,5.16,132,40.35
13,1,32.64,40.86,1,3,2,5.0,148,27.43
4,3,46.27,34.75,1,3,0,3.96,59,18.54
3,5,35.65,52.49,3,2,2,1.53,30,37.95
10,3,33.56,46.52,3,3,1,4.2,131,52.97
12,4,36.7,38.04,0,2,3,5.93,76,11.35
13,0,17.78,27.56,3,0,1,2.91,145,32.28
5,4,15.75,11.79,1,0,0,5.75,107,0.0
12,3,28.43,39.44,3,0,1,1.59,46,53.91
7,0,11.31,39.06,3,1,1,6.95,60,30.22
16,1,50.92,62.62,2,1,3,7.2,96,52.65
19,5,18.78,31.83,2,2,0,1.51,65,32.96
15,6,11.08,21.31,1,2,3,4.25,49,24.78
0,3,80.34,36.95,0,1,0,3.98,39,19.23
23,6,57.88,44.07,0,2,0,6.55,101,7.79
0,1,85.85,50.58,1,3,1,4.74,14,42.56
23,2,93.51,89.21,3,0,2,5.17,23,73.52
0,6,58.42,48.05,1,1,3,2.72,15,34.21
12,1,76.64,68.12,1,3,2,1.96,113,49.35
2,4,19.36,16.27,2,3,0,5.65,14,22.82
2,1,67.85,50.12,1,1,1,5.22,69,34.44
16,2,54.46,65.75,1,2,3,6.49,27,60.55
17,3,65.88,71.67,2,2,2,6.57,92,60.31
2,2,14.43,35.7,3,2,0,5.29,14,23.96
23,6,89.22,82.84,3,3,2,4.73,13,66.27
7,6,42.57,48.09,3,0,2,6.98,67,44.16
7,3,74.82,63.0,2,2,1,6.31,108,54.05
7,3,94.16,95.4,2,0,2,6.79,25,67.5
11,0,83.6,53.05,0,3,1,7.48,79,31.95
4,1,33.05,7.33,0,2,0,3.92,124,0.0
10,0,41.18,52.17,3,2,3,5.8,98,52.59
5,5,63.38,52.83,2,3,1,5.63,115,29.77
1,1,53.42,43.78,0,3,1,2.54,54,17.0
8,2,41.93,33.58,1,3,0,5.32,142,31.37
16,5,63.8,72.89,3,3,1,4.07,30,76.46
18,4,86.86,59.08,0,2,2,4.2,95,49.12
8,4,32.85,40.44,1,1,3,2.58,71,52.25
7,0,16.55,48.13,3,1,3,5.97,14,49.85
18,3,65.82,79.2,3,1,3,5.69,143,73.75
16,3,58.06,72.76,1,2,3,4.69,109,55.1
19,2,86.5,76.65,3,3,2,2.44,42,81.82
21,5,71.84,66.58,2,1,3,4.84,17,61.11
19,6,40.74,46.5,1,2,1,2.1,105,34.8
22,1,62.0,70.72,3,1,2,3.54,86,57.57
9,2,82.61,91.1,3,2,2,3.73,17,81.58
9,2,36.27,41.57,1,3,1,6.8,149,8.17
7,5,6.24,7.49,0,1,2,3.99,111,10.0
5,0,61.37,53.73,3,1,2,5.09,75,49.43
17,6,7.33,30.49,0,0,1,6.75,43,11.26
17,5,89.37,87.53,3,1,3,4.05,48,91.37
19,3,20.14,16.59,1,1,0,6.8,73,7.65
4,4,38.68,38.61,2,0,1,2.32,18,40.43
11,6,90.17,69.5,2,3,1,3.69,61,52.72
5,5,12.19,23.32,0,3,3,2.07,40,16.2
21,1,5.39,31.02,0,1,2,4.87,25,12.49
6,0,14.33,30.63,2,3,3,7.24,27,31.17
3,4,93.74,83.66,2,1,3,5.44,58,63.34
13,1,92.46,57.8,0,1,1,5.26,63,38.27
21,0,39.61,58.74,3,0,2,3.17,59,47.76
21,6,71.86,34.07,0,2,0,7.09,107,9.93
2,3,71.23,48.91,3,1,0,4.33,83,23.92
7,4,13.98,19.9,0,1,1,3.1,37,21.64
3,1,26.16,18.67,0,1,1,7.43,147,0.0
7,0,85.01,73.82,2,3,2,4.04,112,67.92
12,0,19.91,28.54,2,2,2,3.73,76,24.1
6,2,51.88,35.72,2,0,0,1.71,16,37.19
1,0,26.97,13.2,0,0,1,2.57,138,0.0
12,2,55.19,43.13,1,0,1,6.36,114,9.81
1,2,22.69,8.89,1,0,0,4.4,75,0.0
5,3,24.42,27.14,1,2,2,7.23,32,8.32
0,4,9.21,27.6,3,0,3,2.0,25,34.05
2,2,94.12,80.69,1,0,3,5.2,50,62.34
10,3,15.18,42.02,3,0,3,5.82,42,39.36
20,0,42.41,52.55,1,2,3,5.23,39,42.54
18,2,42.58,49.41,0,3,3,4.68,67,41.95
2,6,32.33,9.84,0,2,0,4.97,16,0.15
0,6,76.46,53.04,0,3,1,5.64,55,27.06
8,3,35.39,40.52,1,2,2,6.68,132,32.02
15,6,61.29,56.82,1,3,3,3.52,132,41.47
17,3,53.87,67.26,2,1,1,4.26,11,61.5
19,0,82.76,86.41,1,3,2,5.32,105,74.76
8,6,78.75,79.62,2,2,3,3.39,149,68.27
4,2,24.62,23.83,0,0,2,2.57,91,12.67
0,4,72.51,50.26,3,0,0,7.3,65,34.13
3,4,76.33,44.92,0,3,0,2.67,79,40.38
1,2,87.73,53.9,0,1,1,2.9,40,38.28
20,5,91.69,69.0,1,1,0,5.21,66,40.96
6,3,71.33,74.5,2,3,2,1.96,142,64.4
19,2,45.49,43.65,0,3,0,1.7,96,35.08
13,2,31.37,37.52,0,0,3,1.88,70,36.69
12,5,82.82,85.59,3,2,3,2.24,27,75.6
10,1,87.4,93.81,3,3,3,4.08,137,95.2
19,0,13.78,48.33,3,1,2,6.48,32,35.66
1,6,54.89,18.69,0,2,0,3.55,111,7.89
2,2,16.63,21.3,2,1,3,4.07,52,29.69
10,4,27.64,37.78,2,2,0,5.1,49,35.12
9,5,39.49,55.13,1,0,2,3.31,34,44.73
13,5,33.0,31.34,0,2,3,4.1,62,27.55
17,4,69.44,70.17,3,1,0,3.82,105,58.51
14,4,12.11,18.69,3,2,1,3.55,68,18.87
6,5,60.24,41.58,0,1,1,3.83,13,27.57
7,6,57.33,59.23,2,3,0,1.57,47,52.85
18,0,75.85,87.67,3,3,0,6.82,32,73.5
4,5,13.7,19.81,2,1,3,7.36,66,11.28
12,1,34.93,31.56,0,0,3,6.67,137,19.14
12,6,67.74,57.26,2,1,0,1.53,145,43.86
18,0,69.05,64.41,3,2,1,6.01,150,62.4
17,1,45.47,57.38,1,3,1,4.94,25,52.26
11,1,46.56,24.91,0,2,0,2.07,78,11.94
7,4,91.85,78.33,1,2,0,7.1,16,57.21
8,0,34.36,54.83,3,0,2,6.16,79,47.32
9,0,18.51,36.72,2,3,1,2.37,91,43.05
5,3,90.76,71.13,0,1,3,7.28,119,51.13
15,6,77.86,68.08,2,1,1,2.26,57,41.96
5,3,26.34,36.96,3,1,2,4.23,15,41.19
15,3,82.15,68.99,0,0,1,2.45,74,44.92
18,4,27.71,49.52,2,1,0,2.4,70,36.01
23,3,79.47,57.5,0,1,2,7.31,98,32.77
2,2,61.57,31.46,0,0,2,4.93,24,13.74
18,4,48.43,44.04,1,0,2,3.06,96,47.55
2,0,88.53,58.05,3,0,0,6.16,66,33.83
8,1,77.84,70.65,2,3,2,6.75,114,69.1
4,4,16.69,2.73,0,1,2,7.01,148,0.0
3,2,68.5,42.41,0,3,1,7.1,42,21.76
4,0,76.06,70.75,2,3,2,6.93,116,36.34
1,0,53.7,40.05,1,1,0,5.33,28,9.81
19,6,29.85,27.13,1,3,0,3.55,148,21.77
1,2,26.1,12.04,1,0,0,7.05,77,0.0
9,0,92.67,100.0,3,0,1,2.23,115,89.17
16,5,44.31,63.07,2,3,3,2.51,119,46.71
23,3,51.69,53.43,3,2,0,4.1,95,37.88
20,3,58.83,47.21,0,2,1,3.2,64,37.74
3,6,14.06,7.1,1,3,1,5.19,116,0.0
23,2,12.32,44.89,2,0,3,6.93,77,27.71
15,4,22.83,38.11,3,0,2,4.45,102,25.74
4,5,10.88,8.88,2,3,0,4.82,96,6.08
10,4,85.86,74.28,3,0,1,4.04,75,65.27
22,1,18.32,31.74,3,1,2,5.75,26,38.81
9,4,25.39,29.43,2,0,0,2.1,51,38.6
4,5,53.36,36.82,1,1,0,1.79,142,26.15
21,0,85.66,69.25,1,0,2,5.35,83,50.25
22,1,9.41,29.12,2,1,3,4.71,99,26.15
23,4,24.44,26.35,1,3,2,3.94,46,23.56
22,0,69.56,42.38,0,1,0,3.5,109,36.68
20,6,51.73,39.25,0,3,3,1.81,78,37.68
10,0,58.51,60.91,3,3,0,5.58,40,59.58
4,6,6.53,12.42,1,2,3,4.03,30,14.5
14,4,83.01,77.41,3,2,1,4.17,65,62.84
5,3,57.09,31.27,0,1,1,6.86,89,7.93
11,1,80.09,83.7,3,2,3,5.93,49,80.91
15,2,91.74,82.79,3,3,1,2.82,44,74.76
22,5,70.89,54.75,1,3,2,5.44,48,40.41
6,5,7.79,22.19,2,0,2,2.29,51,17.96
6,1,69.04,77.38,3,2,0,2.66,114,61.1
17,3,55.71,68.07,2,0,3,5.78,80,58.09
0,6,14.32,9.08,3,1,1,2.26,76,17.8
13,1,29.34,35.4,0,0,1,3.18,32,34.09
17,4,20.2,34.34,0,2,1,6.89,86,21.37
13,1,88.24,85.56,0,3,3,5.93,145,69.88
9,5,76.58,70.84,1,3,2,7.08,115,48.12
19,1,68.08,73.53,3,2,2,6.79,73,71.88
8,2,73.7,74.81,3,2,2,3.38,53,83.14
17,3,59.11,71.55,2,2,1,5.29,59,66.31
11,2,81.97,83.26,1,0,2,3.77,13,68.38
0,1,25.57,30.97,3,2,3,5.68,14,34.64
12,4,27.55,12.19,2,2,0,3.59,119,19.92
1,0,58.26,43.82,2,0,0,1.51,128,24.18
22,6,77.91,47.77,0,2,0,2.06,146,39.44
14,0,80.22,64.81,0,1,3,6.13,98,40.52
8,2,92.86,88.19,2,2,2,2.0,141,88.5
11,6,73.61,67.87,2,3,1,5.1,68,56.27
14,1,25.95,18.21,1,1,0,6.65,45,11.09
6,0,25.76,37.5,2,3,2,5.95,44,45.38
6,5,45.1,47.59,2,1,2,3.98,43,46.35
10,0,63.51,42.59,0,2,2,2.75,115,35.11
6,6,51.17,61.66,3,0,2,7.04,11,48.94
18,3,11.07,21.82,2,0,0,4.9,143,5.52
2,6,48.37,23.98,0,1,2,3.93,119,11.53
19,1,78.54,66.47,0,3,2,7.15,63,49.14
8,0,26.63,44.59,3,1,1,2.79,108,49.34
13,6,62.15,52.07,1,1,1,4.15,29,30.37
3,5,29.27,23.59,0,3,2,2.15,70,10.9
9,6,55.01,49.66,0,1,1,2.25,25,40.94
18,2,68.09,59.82,0,3,3,3.89,25,66.65
6,2,23.65,6.35,2,0,0,5.7,10,6.33
3,4,71.56,49.37,1,0,0,3.53,122,39.82
12,3,65.89,73.86,2,0,3,5.64,114,54.86
3,1,33.15,22.45,0,0,2,6.33,135,7.83
7,2,85.55,83.22,0,2,3,6.77,148,62.58
10,4,75.25,57.17,1,0,0,1.77,146,43.72
13,0,51.9,49.95,3,2,0,6.14,149,43.05
15,2,12.44,24.51,2,2,3,2.38,12,31.28
16,2,44.66,71.03,3,0,3,5.69,120,52.13
20,0,34.69,30.6,0,0,3,3.73,111,24.09
1,0,28.62,44.03,1,0,3,5.75,32,24.58
8,3,62.92,51.79,1,0,0,2.78,29,47.76
0,0,87.96,60.92,0,2,0,5.37,147,19.83
0,2,18.19,10.67,1,3,1,2.25,134,12.51
5,3,71.75,70.02,1,1,3,2.52,56,57.38
14,6,60.95,63.98,1,2,2,5.19,20,46.41
21,0,65.03,44.56,0,1,0,3.52,57,32.27
18,3,81.07,80.29,1,0,2,5.72,10,63.39
15,0,38.79,63.85,3,0,3,5.61,106,52.56
18,3,57.16,50.29,0,1,0,5.23,63,33.89
4,3,29.91,30.09,3,3,2,5.88,16,30.57
20,5,30.58,38.51,2,0,2,6.26,148,15.61
21,3,51.2,43.62,0,3,3,6.97,126,28.65
2,6,5.66,8.13,1,2,2,1.98,137,4.88
11,0,27.33,28.17,2,1,1,4.93,150,17.65
19,0,18.65,40.04,1,2,3,5.99,11,37.75
11,0,15.79,7.85,1,2,1,2.8,119,12.37
20,2,39.62,38.67,2,2,2,3.08,121,37.91
22,1,14.39,16.81,0,3,3,3.1,120,25.17
11,0,18.89,35.48,3,2,2,4.93,47,41.94
1,1,65.18,41.35,1,0,2,3.7,65,17.82
8,6,63.62,59.62,1,1,3,5.5,141,40.95
5,5,90.05,68.28,0,3,2,5.16,19,28.64
11,0,87.82,88.51,3,0,1,5.44,100,62.76
14,6,83.65,48.5,0,1,2,3.01,121,36.45
11,1,67.19,63.27,3,2,1,6.1,122,50.96
4,2,28.99,34.8,1,2,2,5.48,94,24.43
7,2,21.03,22.85,0,3,0,2.28,118,17.21
16,2,90.45,79.97,1,2,0,2.7,138,58.38
0,5,91.37,73.73,2,0,1,3.31,117,48.75
5,4,50.4,26.57,1,0,0,7.12,26,2.98
21,4,54.36,63.64,3,2,2,3.46,44,51.15
2,4,5.48,9.25,2,3,0,1.62,53,15.5
9,5,18.37,35.98,3,2,1,2.35,58,43.26
4,1,54.14,33.22,1,2,0,1.69,60,32.38
2,2,21.36,19.04,0,0,3,3.92,41,4.84
10,0,48.09,48.64,1,0,3,6.28,106,32.33
12,4,76.54,69.41,2,3,0,4.2,25,46.78
4,3,77.07,46.44,1,2,1,6.53,121,29.73
1,4,82.55,72.72,3,2,3,1.79,102,76.7
3,3,26.21,34.65,3,3,1,4.32,145,29.17
15,1,43.87,45.62,0,0,3,6.22,10,31.18
20,0,61.42,40.83,0,3,0,5.55,51,27.42
4,6,57.3,28.27,1,1,1,6.62,136,7.33
7,2,94.92,95.02,2,2,3,3.14,79,94.69
8,0,29.87,22.09,0,1,0,4.51,89,23.91
8,2,11.42,16.59,0,0,0,5.56,14,0.0
5,6,39.91,28.12,1,3,2,2.51,117,22.02
1,1,51.62,21.91,1,1,0,6.39,45,0.0
12,6,39.85,36.01,3,0,1,3.37,145,25.96
8,3,33.74,48.31,2,0,3,2.06,62,56.82
8,6,28.15,51.03,3,3,3,6.09,36,43.0
6,4,43.47,38.15,3,3,0,5.73,93,27.41
22,0,67.03,51.95,1,2,1,6.8,77,40.17
14,3,18.4,45.79,3,3,3,6.85,76,43.84
10,2,82.9,91.45,3,2,1,3.17,143,82.54
4,1,62.7,48.08,1,3,1,5.35,61,22.56
19,3,14.66,38.56,3,0,2,7.49,66,36.85
21,0,7.12,17.77,1,0,3,2.96,97,31.99
0,4,9.62,2.7,0,2,0,4.34,34,0.0
22,5,13.13,20.24,3,3,0,6.96,126,8.13
16,0,62.92,73.74,3,2,0,2.12,42,71.22
2,3,89.68,67.38,0,3,1,7.07,44,30.37
18,4,17.0,41.11,3,1,1,4.43,11,46.96
2,0,30.59,24.54,2,2,1,6.86,58,3.02
1,2,82.93,62.76,2,2,1,5.23,92,30.07
2,1,50.51,39.86,3,3,2,5.53,109,40.35
11,0,43.44,34.91,0,2,1,6.14,136,9.87
14,5,47.59,48.68,1,1,3,1.9,119,39.84
9,3,14.1,14.51,1,0,1,5.27,55,18.63
2,5,24.76,34.38,2,1,0,7.04,126,8.74
4,4,91.58,73.83,0,0,3,7.24,37,36.86
20,6,62.91,45.41,0,0,2,7.31,39,26.6
23,6,30.77,44.53,2,2,0,5.37,60,21.66
18,4,90.23,68.49,0,0,0,5.3,86,46.71
2,2,40.77,32.17,1,1,0,4.81,38,12.24
19,2,17.68,47.34,3,0,3,5.15,136,40.2
16,5,91.88,90.92,3,0,2,5.17,48,74.47
12,2,64.93,56.39,0,2,3,1.75,65,36.67
3,3,72.75,73.44,3,0,1,2.03,95,57.35
23,1,7.03,16.19,1,1,0,5.22,70,4.56
10,6,30.48,28.09,0,0,1,3.39,66,13.97
1,4,90.09,52.51,2,0,0,3.31,148,36.1
5,2,19.0,12.81,1,0,0,2.66,71,0.0
9,4,83.61,73.48,1,0,3,6.31,25,70.12
1,2,74.34,58.3,1,0,1,7.29,112,19.53
7,1,39.07,40.13,0,2,3,5.27,109,34.15
11,6,84.81,67.79,1,0,2,7.17,40,35.91
22,6,88.04,64.92,0,3,2,6.8,129,42.24
2,5,83.02,83.92,3,1,3,2.81,65,76.76
13,2,41.67,26.64,1,1,1,2.42,31,14.22
21,1,57.84,60.81,2,3,1,2.77,34,56.32
19,0,32.55,49.83,1,3,3,2.08,110,64.38
22,5,16.7,36.51,3,1,3,5.0,40,37.95
4,2,86.19,69.92,3,3,1,3.2,76,56.2
19,6,93.3,97.58,2,2,3,6.98,113,78.54
23,6,10.27,19.32,1,2,3,5.18,130,13.06
7,0,66.9,55.02,1,3,0,3.66,79,56.75
11,6,90.43,90.56,3,2,3,7.41,137,75.62
12,0,59.71,70.03,3,2,0,7.22,52,50.87
11,3,9.24,13.06,1,2,3,6.17,133,27.14
6,3,6.34,25.07,1,2,3,6.25,45,28.68
23,6,50.37,50.26,1,3,3,7.36,19,37.3
22,4,89.6,81.96,3,2,1,5.1,112,65.66
9,6,30.1,40.98,3,1,3,6.78,116,56.98
19,4,36.53,44.01,3,0,2,1.89,140,49.79
9,5,76.64,75.56,3,3,0,4.82,139,58.75
19,5,77.15,68.66,1,1,3,4.52,24,57.46
14,6,89.93,86.86,1,1,3,1.73,97,59.03
11,2,80.48,69.83,3,3,1,2.02,109,61.39
3,2,58.45,42.94,1,0,0,1.63,94,19.88
15,6,89.49,66.4,0,0,2,3.26,12,44.25
7,5,60.3,61.05,3,2,1,1.82,16,66.78
5,6,59.14,39.19,1,3,2,4.04,104,29.5
4,4,6.4,3.66,0,3,1,6.38,130,0.0
23,6,45.99,51.12,3,3,0,5.18,35,38.68
2,5,8.87,0.0,1,3,0,5.54,16,0.0
19,5,85.89,83.98,1,2,2,1.69,66,71.91
20,1,5.94,18.37,2,3,1,6.54,54,25.52
0,3,32.63,11.15,1,1,0,2.38,148,1.71
14,5,94.56,91.73,3,2,2,3.32,140,81.47
13,5,76.56,73.02,2,0,3,4.6,88,51.86
8,6,73.19,47.4,2,2,0,7.08,143,33.63
16,2,69.16,54.06,0,1,0,7.49,42,43.13
9,2,9.61,9.07,1,3,1,6.2,149,14.26
10,6,30.94,33.65,1,1,3,5.88,73,23.59
10,6,76.86,75.6,3,0,1,4.67,77,56.04
19,1,85.6,95.11,3,2,3,5.49,17,99.74
15,2,36.51,28.44,0,0,2,2.37,35,24.78
9,6,28.35,49.1,2,0,3,3.12,37,47.2
22,1,26.23,41.08,3,1,2,7.41,78,28.36
19,5,54.33,55.15,2,2,1,7.38,36,41.12
22,0,31.23,30.79,0,2,2,3.44,24,33.43
17,1,6.92,20.42,0,0,0,2.95,95,5.6
9,5,40.17,38.87,2,2,3,2.88,133,44.79
18,4,54.84,65.58,2,0,0,4.41,19,53.08
7,3,62.08,63.38,2,3,2,2.84,89,58.19
6,5,35.87,31.37,1,0,2,5.39,145,12.83
10,2,33.25,31.12,1,0,0,1.95,67,26.79
23,3,30.55,24.79,1,2,1,2.12,35,25.59
13,4,61.1,54.71,2,3,2,3.16,21,50.2
9,5,30.53,47.91,1,3,3,6.16,142,41.38
11,2,87.52,83.13,3,2,1,3.44,67,71.61
6,4,30.35,8.43,0,0,0,4.32,24,0.0
15,3,76.18,64.57,1,3,0,5.44,132,44.06
8,3,33.78,41.02,0,0,2,6.23,123,21.3
13,6,62.13,44.34,0,1,3,3.34,109,41.17
8,2,67.91,64.16,1,3,1,5.89,21,63.06
7,4,20.69,24.24,0,2,0,3.22,21,16.43
23,6,39.2,19.99,1,3,0,5.37,40,7.73
8,5,16.48,38.86,2,3,3,4.21,32,52.32
1,6,50.96,34.96,1,3,2,7.06,84,14.74
9,4,86.85,81.33,2,2,0,7.39,65,68.1
12,1,58.66,44.7,1,3,1,6.14,117,28.05
2,6,68.15,59.36,1,0,2,6.99,24,27.37
7,4,30.47,48.24,3,0,2,2.32,112,66.56
3,1,47.14,25.64,0,0,1,5.43,141,7.32
12,2,71.67,64.54,2,0,2,2.69,28,67.71
17,1,16.82,47.23,2,0,3,3.16,101,48.57
23,5,15.95,21.42,1,3,3,4.64,81,21.85
9,0,25.2,47.57,1,1,3,5.95,23,23.06
20,5,26.31,32.44,2,1,1,5.83,51,26.15
5,3,91.62,48.26,0,2,0,6.72,121,22.85
18,0,19.27,30.06,1,1,1,4.86,132,22.9
13,4,14.46,15.74,1,2,0,7.06,61,4.93
18,5,17.39,15.59,0,0,2,6.83,25,10.63
18,5,23.26,39.81,2,2,2,6.59,44,30.31
12,3,38.18,45.29,2,3,1,2.88,128,40.94
6,2,22.74,39.27,3,0,0,4.69,90,24.51
12,1,12.9,34.88,2,0,2,5.92,70,28.29
19,0,17.3,46.18,2,0,0,7.36,11,24.72
23,2,76.07,68.77,2,2,1,1.57,120,56.12
22,4,51.81,53.18,0,3,3,3.46,75,41.0
4,0,72.13,56.69,1,3,3,3.55,86,44.14
14,6,20.9,49.24,3,3,2,3.23,128,40.05
2,4,32.47,13.14,0,2,1,6.4,89,1.27
16,2,93.41,92.13,1,2,0,1.77,140,65.29
23,6,12.71,27.13,0,1,2,3.66,88,5.51
1,1,44.48,37.53,3,2,1,5.77,58,35.09
15,6,31.62,41.02,1,0,2,3.94,140,24.0
22,1,5.66,12.27,1,3,0,2.36,100,13.37
20,2,54.72,63.51,3,0,3,5.17,117,55.14
9,2,54.5,70.29,3,3,3,4.64,41,69.89
2,6,33.84,20.22,0,1,1,7.39,104,0.0
22,1,47.5,51.73,3,2,0,5.99,88,29.99
22,6,40.28,51.46,2,0,1,7.42,24,21.72
13,2,46.78,56.68,3,1,1,2.62,45,52.36
23,1,81.32,65.16,0,3,3,6.07,138,48.12
0,4,69.26,47.07,0,0,0,4.81,90,10.71
14,4,30.22,14.53,1,0,0,5.78,119,0.0
0,2,26.56,35.42,3,2,3,4.31,34,41.93
22,0,70.27,53.56,1,3,0,2.77,40,46.83
16,2,25.21,39.76,2,1,0,1.77,142,41.84
21,3,86.68,86.81,0,0,3,6.53,69,49.52
13,0,79.95,72.09,1,0,2,6.39,135,52.9
1,0,27.73,28.43,3,3,1,2.48,123,33.18
0,6,77.14,49.65,1,0,1,5.37,57,30.22
8,0,22.22,49.84,3,2,2,5.93,143,41.77
17,2,7.24,32.85,2,3,3,4.85,119,40.02
3,5,91.5,56.36,0,1,1,3.4,28,45.02
20,2,73.52,74.59,3,0,0,6.79,23,59.29
5,3,49.01,50.47,3,3,0,5.35,27,34.74
11,0,80.89,78.52,3,3,3,5.82,114,73.08
4,5,11.82,5.04,1,2,3,5.41,30,0.0
11,4,71.57,67.85,1,3,3,5.83,49,63.13
10,5,91.07,73.59,1,3,2,2.37,71,72.84
0,6,78.67,47.71,2,2,0,7.04,29,28.99
13,2,43.85,29.29,1,1,0,3.21,56,17.31
18,0,36.17,40.37,0,0,0,6.52,105,17.2
22,2,85.32,69.98,0,2,1,6.86,147,47.04
7,1,31.24,61.69,1,3,3,5.41,76,52.96
21,3,89.37,82.85,3,2,2,5.09,115,86.57
21,1,33.79,52.64,3,2,1,2.15,84,52.42
23,6,16.25,36.16,3,2,2,4.12,75,28.97
8,4,26.23,41.99,2,1,3,5.17,83,41.76
20,1,51.75,55.24,3,0,1,1.99,145,44.34
13,6,16.8,33.17,3,2,3,2.17,18,49.22
1,5,39.2,35.03,3,3,0,7.46,82,24.19
6,3,86.53,83.21,2,0,1,3.49,17,73.04
16,1,13.45,14.1,0,0,0,3.6,133,4.28
3,2,60.31,46.36,1,2,0,3.01,94,29.68
10,4,41.34,58.66,3,1,0,5.38,16,54.09
18,5,63.27,75.01,2,3,1,4.34,97,69.38
3,1,49.06,27.12,0,1,2,6.24,71,5.29
11,5,83.9,66.07,0,2,2,4.57,16,50.31
5,1,41.22,40.65,2,0,1,1.59,147,22.22
12,1,50.76,47.94,3,3,1,4.4,63,42.94
5,3,16.71,4.87,2,1,0,1.83,13,0.2
23,1,49.13,58.19,3,1,2,6.46,96,43.4
1,2,15.33,12.14,0,2,3,2.18,62,5.58
23,2,57.48,63.18,3,3,2,2.8,102,54.95
19,1,43.47,47.0,0,3,3,4.26,32,42.14
20,5,75.5,94.48,3,3,3,2.67,126,82.84
20,2,42.66,54.49,3,0,3,4.74,69,52.25
4,4,61.75,50.56,2,0,0,4.26,69,19.48
22,5,10.31,19.05,2,3,0,7.22,123,20.36
14,4,68.9,46.79,1,3,1,2.03,87,40.93
23,1,91.17,85.9,2,2,0,4.96,10,51.91
21,5,45.3,50.0,3,3,0,5.82,91,37.83
13,1,5.89,10.34,1,1,0,2.27,101,5.15
8,1,59.33,60.12,1,1,0,5.32,53,34.49
2,6,18.07,21.67,3,0,1,6.69,35,12.51
2,2,47.12,51.1,3,3,1,6.23,17,34.13
9,4,7.92,19.57,2,2,3,7.11,129,24.9
19,0,44.85,57.02,0,0,3,5.82,10,53.5
12,4,83.7,76.55,3,3,0,3.86,92,62.35
11,6,17.18,30.77,3,0,1,7.02,127,20.44
5,4,49.85,35.0,1,3,2,2.85,59,29.29
13,4,27.85,32.52,2,0,1,5.0,38,25.03
15,5,28.49,25.78,1,3,1,6.09,110,8.61
23,2,62.9,60.31,3,1,2,6.73,98,45.65
17,2,72.34,75.6,2,0,1,7.0,12,54.72
14,0,83.6,84.2,1,0,2,2.01,91,59.23
21,4,30.04,26.68,3,2,0,5.86,10,30.7
10,5,11.37,28.62,2,0,1,2.72,66,29.98
22,5,44.81,36.32,1,1,1,6.17,52,5.93
8,5,57.61,59.73,3,3,1,5.7,127,62.47
3,0,71.56,53.05,1,3,1,2.59,147,42.21
10,4,73.05,67.22,1,1,1,6.5,108,53.4
3,5,82.73,67.86,1,2,3,4.27,113,48.78
2,1,7.8,0.0,0,3,0,4.76,13,0.0
21,3,93.29,91.8,1,2,3,7.33,19,58.97
19,6,92.01,75.82,0,0,1,5.44,119,58.81
5,2,8.2,20.06,2,3,2,5.03,70,7.23
20,5,33.2,40.4,2,0,0,1.6,81,18.39
1,3,73.9,58.76,3,2,3,2.7,107,58.96
6,4,48.07,57.02,2,3,2,1.66,58,47.09
16,4,5.42,21.75,0,2,3,3.5,106,29.73
7,4,36.92,60.72,2,1,3,3.57,112,61.0
17,5,57.1,52.51,0,1,3,4.68,43,48.3
20,6,84.16,69.14,0,1,1,5.64,106,33.15
1,2,79.63,55.95,2,2,1,2.58,33,50.05
0,6,90.17,57.74,0,3,0,5.11,53,38.62
22,4,47.11,48.91,1,3,2,7.0,120,24.38
12,4,76.84,81.24,3,1,3,2.61,148,82.05
12,2,14.07,15.9,1,0,2,5.45,19,17.8
11,2,51.66,52.62,2,1,2,1.77,101,49.43
10,4,87.49,83.45,1,3,1,4.69,90,65.1
16,2,80.5,83.37,0,2,2,5.95,95,61.71
13,2,64.0,63.76,0,1,1,1.7,120,35.4
3,5,18.43,18.96,0,0,3,3.5,19,0.23
15,2,21.39,25.16,0,1,2,6.77,114,14.68
16,4,66.08,65.72,0,2,2,2.85,49,49.34
2,0,34.3,53.2,3,2,2,5.84,31,33.55
9,0,34.65,56.59,3,1,2,5.17,73,49.95
18,5,81.29,73.14,1,1,1,2.48,13,62.84
14,0,6.84,17.0,2,0,1,5.95,98,6.18
3,5,40.33,21.92,0,3,1,4.69,89,2.09
0,6,26.44,33.74,2,1,3,2.17,82,37.65
13,3,7.44,0.1,0,3,0,7.2,14,0.0
11,6,24.49,29.25,2,1,2,4.45,117,19.91
23,2,21.58,32.09,1,2,3,5.97,14,30.83
12,6,50.4,46.13,3,2,0,2.81,47,40.46
22,1,44.17,58.98,3,1,2,2.32,65,56.37
5,2,47.45,43.88,1,3,2,5.95,109,30.19
10,2,84.01,71.33,0,1,1,5.54,67,47.59
3,5,49.5,34.07,1,3,0,3.14,125,21.73
13,0,62.51,58.83,1,3,2,5.98,141,33.83
4,5,63.27,22.01,1,1,2,4.53,117,26.35
11,0,51.52,52.96,2,0,3,3.59,15,46.34
8,2,32.43,48.3,3,3,0,6.22,118,28.79
4,4,86.28,60.25,0,3,3,5.2,39,41.51
2,1,44.44,47.98,2,3,2,4.54,135,34.41
12,3,56.4,50.99,0,3,1,6.14,147,22.3
22,6,55.32,49.97,2,0,1,4.77,21,29.9
4,5,79.49,65.1,2,3,3,7.13,23,56.93
9,0,53.12,66.31,3,0,2,6.41,108,51.04
5,4,46.12,42.9,2,0,2,3.65,30,21.3
19,4,46.41,52.8,0,0,2,4.29,146,36.16
9,0,75.2,61.75,3,0,1,7.24,86,65.43
23,4,34.7,28.84,1,0,1,6.87,90,6.85
5,3,89.14,66.09,1,0,3,2.65,131,48.26
1,4,81.19,46.83,2,1,1,3.15,40,39.49
13,2,17.45,14.1,1,1,0,3.69,88,15.88
15,1,33.55,32.66,3,1,1,6.78,150,23.61
23,5,86.51,57.57,0,0,0,7.06,13,19.08
20,5,30.05,24.22,0,3,2,6.31,34,16.03
21,1,33.59,50.36,3,1,2,3.15,30,50.93
15,1,24.57,32.94,1,1,3,6.82,57,27.98
8,4,9.9,23.28,3,0,2,1.7,28,34.24
10,5,48.06,59.03,3,0,1,4.04,34,47.72
3,1,72.94,84.45,3,0,2,3.77,130,67.96
10,1,64.4,76.89,2,3,2,4.71,75,69.32
8,5,7.49,31.14,2,0,2,4.86,60,31.96
0,4,52.1,50.15,2,2,3,2.85,69,47.73
4,6,34.73,21.57,2,2,0,2.73,146,18.73
12,5,62.76,52.27,1,0,2,6.32,79,34.77
8,6,41.46,61.54,3,1,3,1.96,76,62.53
23,1,93.25,63.19,0,0,1,4.46,140,44.15
11,1,79.56,67.83,1,0,1,2.65,15,45.83
23,1,68.03,53.34,1,2,1,3.42,77,51.36
15,0,51.41,44.01,3,2,1,3.16,115,51.03
0,5,58.2,44.16,1,1,3,5.75,82,28.48
4,4,44.79,37.01,0,0,1,4.24,132,11.11
16,0,76.52,82.06,3,2,1,3.3,135,75.22
13,1,86.74,50.59,1,3,2,6.49,57,44.46
7,1,94.92,82.63,2,3,1,2.01,125,83.9
12,2,58.89,71.73,3,0,2,6.1,44,52.42
21,3,66.37,68.7,3,2,2,2.99,43,56.95
9,2,40.99,43.18,1,0,0,7.01,147,18.91
1,6,5.76,0.0,0,3,0,1.53,11,0.0
7,1,68.29,70.46,3,1,0,4.84,59,63.76
22,3,89.06,77.37,1,2,2,5.23,98,58.21
18,3,82.37,88.78,3,2,3,4.96,68,82.82
20,2,84.08,91.53,3,2,3,6.39,129,74.73
21,5,41.19,51.38,1,3,2,2.17,45,38.22
2,6,69.22,54.53,0,0,3,3.99,87,20.04
6,0,62.46,62.7,1,3,3,6.68,27,45.22
1,3,53.68,32.75,0,1,2,6.83,39,18.66
0,0,18.65,20.99,1,0,1,4.49,34,5.25
20,3,56.79,54.31,1,1,3,4.85,114,42.5
22,4,31.87,44.87,2,0,2,6.08,38,39.49
3,2,68.32,58.52,0,2,3,6.18,104,30.31
17,2,90.04,93.74,3,1,0,6.83,58,64.91
12,2,70.49,69.8,0,1,3,6.56,89,47.36
1,2,28.36,38.21,3,1,1,3.99,133,23.2
21,2,46.87,41.95,1,2,3,5.4,131,32.45
20,2,55.84,43.19,1,3,1,4.4,11,45.32
13,4,70.35,68.05,3,1,3,2.21,120,63.47
16,0,18.31,28.1,2,0,2,6.43,144,23.37
9,0,52.3,53.34,0,2,0,5.11,104,32.72
19,3,82.41,69.44,2,3,0,1.85,36,66.85
10,4,7.48,12.5,2,1,0,5.56,103,2.92
23,1,70.48,69.36,3,0,1,3.2,99,68.03
1,1,84.24,57.43,2,3,0,1.92,103,41.43
4,4,76.62,86.0,3,1,2,5.14,70,61.21
23,2,88.87,80.07,2,1,2,5.89,84,64.13
6,5,75.44,63.44,0,1,2,4.6,101,52.82
7,1,51.62,58.7,2,2,3,1.53,75,64.33
18,0,47.92,56.87,3,0,3,4.96,119,55.5
4,3,7.87,4.56,0,2,3,1.54,110,12.57
12,2,6.67,12.78,1,1,2,7.06,52,19.6
6,5,62.55,49.96,0,1,3,3.1,96,40.47
4,3,29.79,29.25,3,0,3,6.73,116,25.22
23,2,32.64,46.45,2,3,3,1.57,79,54.44
4,1,77.64,59.54,2,1,1,2.08,110,34.58
2,1,15.01,15.02,3,3,2,4.21,27,21.13
16,5,30.55,54.74,3,3,3,6.05,64,45.65
20,1,66.65,62.33,1,3,1,7.16,108,35.9
3,3,7.75,28.96,3,1,2,4.63,136,19.28
16,5,51.78,38.34,1,3,2,3.63,101,27.18
12,6,12.69,17.02,3,2,0,1.77,103,21.17
19,1,73.55,65.36,3,1,0,5.0,58,62.13
3,0,62.11,40.15,0,1,2,3.78,108,24.47
23,5,59.77,77.75,3,3,3,6.95,60,53.44
14,4,24.92,30.85,2,1,2,4.38,17,38.72
20,2,70.22,70.24,3,3,2,6.09,44,73.53
8,4,32.15,22.35,0,0,0,6.59,96,8.78
22,1,56.37,61.97,2,3,0,2.09,145,44.15
15,4,13.28,1.47,0,1,2,4.15,79,2.02
3,5,13.65,18.93,3,3,2,6.86,131,17.32
22,2,22.46,25.11,3,3,0,4.05,119,25.37
19,3,24.44,30.55,2,2,2,4.89,89,40.58
7,2,16.38,24.51,0,3,0,6.74,123,9.86
13,0,15.64,20.64,2,2,3,2.9,66,28.81
9,0,84.11,67.35,1,3,0,6.87,72,42.28
13,6,54.92,63.99,3,2,3,3.88,113,57.96
23,3,61.0,38.66,0,0,0,5.06,100,19.44
21,1,30.9,19.11,1,1,1,3.47,84,8.04
5,0,9.99,15.02,1,0,3,4.66,71,9.71
23,2,92.14,88.01,3,2,3,1.8,147,84.81
10,6,9.86,24.76,1,0,1,1.89,19,19.11
16,2,79.04,82.52,3,1,0,3.99,17,78.55
18,6,64.86,80.31,3,3,0,3.51,77,72.89
11,3,41.68,44.78,2,2,1,5.19,14,38.12
10,5,72.19,67.1,0,1,2,1.73,58,65.15
10,5,73.83,57.64,0,2,1,2.51,90,50.19
20,0,84.05,84.5,0,2,3,2.76,67,65.88
9,0,54.04,70.98,3,1,3,4.14,38,68.82
6,6,24.23,28.73,2,2,1,2.98,50,23.46
8,6,56.53,64.49,1,0,3,2.33,95,58.87
4,0,13.94,11.52,2,1,1,5.09,144,2.52
9,4,38.86,39.48,2,1,0,5.96,120,19.31
2,6,59.93,63.93,3,2,3,5.61,87,49.33
2,6,27.67,23.05,0,2,2,3.16,29,18.53
17,2,82.86,74.84,0,3,1,6.63,44,37.36
1,5,92.84,83.29,3,1,3,5.17,72,75.58
13,4,11.83,27.41,1,0,3,5.19,44,25.66
18,6,23.53,55.66,3,0,3,2.78,107,55.59
17,1,47.57,60.59,3,3,3,2.95,61,74.6
10,4,8.41,15.07,0,1,1,4.35,127,14.29
4,0,13.36,0.0,1,3,2,2.93,47,9.65
22,2,86.06,77.14,2,1,0,5.63,79,56.02
20,0,9.1,9.07,0,1,2,3.35,110,12.39
14,3,27.27,33.34,3,0,1,2.41,39,36.55
2,5,43.13,32.2,0,3,3,2.41,117,19.05
0,4,6.84,13.26,0,1,3,2.26,92,9.78
7,2,77.95,91.87,2,1,1,4.14,101,56.63
3,2,79.7,42.51,0,2,1,1.52,74,35.67
20,2,40.52,33.23,2,2,0,4.75,141,20.78
4,5,23.16,21.28,1,2,2,3.29,118,9.88
6,1,85.31,65.34,1,0,1,4.81,37,49.99
23,0,66.07,80.42,3,3,3,7.11,88,59.51
19,3,52.15,55.37,0,0,3,6.71,137,41.24
5,5,40.32,34.22,1,0,1,4.96,49,10.97
9,3,53.53,49.81,0,0,2,4.01,85,37.7
12,1,27.46,31.58,0,1,2,5.69,116,17.37
15,0,45.46,38.03,0,1,3,7.04,48,37.18
22,6,66.73,76.61,1,0,3,4.44,83,55.57
20,5,42.02,25.36,1,2,1,2.1,87,32.17
23,1,66.65,52.03,1,2,1,6.1,35,44.76
0,0,71.49,41.53,0,3,2,1.56,35,42.69
5,0,72.83,54.04,0,0,1,6.09,89,11.76
13,2,56.23,44.26,0,0,0,2.01,35,24.79
1,5,21.59,11.02,2,0,1,2.14,143,1.77
8,1,68.05,79.98,3,1,1,6.19,83,80.23
3,5,78.74,49.8,0,2,2,5.64,109,21.87
22,0,13.49,20.42,0,0,2,4.87,65,0.36
1,5,85.64,71.01,3,1,0,6.42,52,26.48
3,1,89.72,64.88,2,2,0,6.61,78,33.18
4,6,65.14,53.27,2,2,0,4.25,110,30.99
3,3,15.0,13.79,0,2,3,7.48,66,9.66
13,1,63.83,67.33,3,2,1,3.65,49,51.78
8,1,37.05,47.75,2,3,2,2.53,30,61.29
21,5,32.33,16.2,0,3,2,6.58,86,8.73
6,2,8.31,9.12,0,3,1,3.99,105,0.92
12,2,70.24,66.45,2,1,3,6.75,84,55.65
15,5,56.0,63.07,3,1,0,1.87,45,57.63
15,3,45.57,46.26,3,1,2,2.17,44,52.34
19,4,39.98,58.36,2,1,1,1.74,63,47.66
4,3,42.07,43.04,2,2,3,5.11,59,40.58
12,0,45.78,45.8,2,2,0,6.49,38,30.99
19,0,47.97,43.88,0,0,3,3.92,142,39.65
20,0,13.79,24.77,1,3,3,2.04,56,38.82
14,4,39.23,31.59,0,0,2,3.74,45,9.2
15,3,10.76,41.47,3,1,1,3.59,95,34.76
20,5,74.83,65.05,2,1,2,5.36,122,53.9
14,6,52.0,58.51,3,1,0,5.41,75,29.07
22,1,76.96,68.58,1,0,0,2.12,104,35.84
3,6,43.64,52.39,3,2,2,4.02,23,49.11
8,6,18.78,31.36,3,0,1,5.36,85,35.62
2,4,31.96,41.65,2,2,1,3.05,19,38.82
2,3,26.05,43.84,3,2,1,3.94,29,29.35
11,1,44.59,52.68,2,3,2,5.18,93,45.37
5,1,76.0,61.46,2,3,2,3.92,38,55.22
9,0,15.5,18.13,0,3,2,1.69,15,17.84
10,4,41.01,64.83,3,0,3,2.84,35,68.48
14,3,13.26,22.0,0,3,3,6.16,118,16.12
22,1,40.23,44.25,2,2,1,2.99,92,42.43
20,0,57.43,41.91,2,0,0,6.41,63,22.71
9,0,11.21,13.3,0,3,0,4.3,147,13.53
7,4,11.0,43.93,3,3,2,4.34,64,47.81
18,4,70.75,75.64,0,1,3,6.12,133,66.51
2,4,41.67,33.11,2,3,1,3.8,58,32.66
12,0,36.62,52.61,3,2,3,2.93,13,59.91
10,0,66.77,46.8,0,1,1,2.13,25,35.61
4,0,12.63,13.44,1,0,3,5.53,48,1.76
14,5,82.37,68.93,2,2,1,4.32,36,63.1
7,5,74.79,76.28,3,3,0,6.36,32,64.21
4,2,40.07,28.9,1,0,2,4.25,64,18.2
15,0,47.18,34.72,0,0,2,3.99,147,20.48
4,2,40.79,30.68,0,0,1,3.29,38,14.41
16,5,75.67,60.52,0,1,1,2.7,43,39.74
3,1,7.61,14.61,3,1,2,6.48,150,9.07
10,5,65.42,78.79,3,3,2,2.07,38,80.81
19,3,32.23,38.42,1,3,0,6.91,127,28.15
5,0,75.16,67.66,3,2,2,1.66,97,60.92
18,6,93.55,88.9,3,0,1,4.63,140,81.77
17,3,30.11,58.33,3,0,3,1.85,88,71.43
21,4,45.13,40.26,0,0,1,6.18,93,11.76
4,0,54.28,32.55,0,3,0,2.77,41,9.88
17,2,54.59,57.15,2,0,0,4.9,91,46.57
22,4,19.09,26.5,1,3,3,7.0,104,19.82
18,4,57.49,52.57,0,2,2,5.4,149,37.36
4,0,70.15,51.31,2,1,0,2.57,23,39.29
19,4,89.96,78.05,1,3,2,6.28,32,71.67
2,6,70.28,48.06,3,0,0,4.15,12,39.17
14,5,59.3,62.07,2,1,3,1.58,121,58.04
11,1,25.99,37.64,0,1,3,4.42,21,14.27
12,6,13.81,20.43,3,0,3,6.37,139,28.5
12,4,62.09,55.96,2,3,1,4.08,61,42.95
0,0,61.27,43.02,1,2,0,6.05,50,21.95
12,0,80.54,69.5,0,0,1,5.73,147,35.7
22,6,45.15,61.11,2,0,2,4.24,111,55.41
10,1,20.48,31.94,2,1,1,3.44,87,44.73
6,0,25.23,50.97,3,3,1,5.86,135,34.19
23,3,47.88,37.66,0,0,0,3.71,116,7.7
2,3,33.08,34.52,1,2,2,2.52,99,18.99
11,4,21.22,22.82,3,0,0,3.43,55,23.68
12,4,14.71,35.76,2,1,3,6.76,149,24.07
11,6,42.11,46.62,0,2,3,3.2,111,27.79
22,5,35.38,41.65,3,0,2,2.91,143,36.01
10,0,91.87,62.91,2,1,0,2.3,146,60.55
23,0,82.08,73.14,1,1,2,1.83,87,59.93
1,0,21.51,32.99,3,0,3,7.36,60,23.72
17,2,72.8,86.83,2,0,2,4.72,143,66.61
14,2,48.22,47.95,1,0,3,5.88,150,34.07
5,6,88.35,75.68,3,2,3,6.14,27,64.76
5,2,59.74,43.81,1,0,3,3.61,100,37.89
17,0,23.36,19.41,0,2,0,6.29,94,0.0
15,6,22.64,54.97,2,0,3,7.27,115,33.42
14,1,92.06,67.17,0,0,3,5.95,147,45.45
1,6,87.64,61.76,2,0,2,5.77,45,38.19
14,5,48.46,42.51,2,1,0,4.09,147,23.59
23,6,55.75,65.97,2,2,1,6.55,100,46.56
0,5,54.24,46.24,0,1,3,2.03,21,39.26
11,1,73.71,85.94,2,0,3,6.0,82,64.38
11,4,47.7,36.65,1,0,0,3.67,28,17.71
21,2,16.04,5.82,0,1,1,4.9,144,0.0
6,4,34.19,34.47,1,1,2,6.86,117,15.67
11,5,56.14,52.55,3,2,0,5.13,137,36.85
17,3,36.6,48.43,3,1,0,1.65,94,49.48
1,2,78.22,54.82,0,2,2,5.84,65,29.63
19,6,90.31,97.16,3,1,2,7.07,70,83.04
19,4,26.78,31.3,2,2,0,5.35,143,28.77
17,6,85.02,63.73,0,0,1,6.67,31,25.46
15,1,69.41,64.55,3,3,2,6.45,134,57.19
17,5,57.83,70.07,2,3,3,6.67,69,66.86
18,2,16.74,46.79,3,1,3,3.56,93,56.06
21,3,41.99,41.87,0,0,1,4.34,104,23.58
10,6,94.58,89.93,0,0,2,6.59,21,56.42
10,2,63.35,65.16,3,3,2,6.96,30,62.99
15,1,58.25,42.11,0,0,0,2.38,32,24.78
4,6,8.21,12.47,2,0,2,2.59,119,11.56
20,6,33.88,21.64,2,0,0,3.58,20,13.03
18,2,48.93,53.54,3,1,0,6.12,96,50.93
15,2,62.75,65.15,1,3,1,6.75,25,49.86
7,1,82.14,78.71,3,0,1,4.98,118,62.86
8,0,46.23,42.69,2,2,0,2.18,147,33.58
10,3,29.7,36.02,2,2,0,3.32,68,25.38
15,1,30.32,46.21,2,3,2,6.64,39,38.73
18,5,17.4,15.4,0,2,0,3.59,72,12.8
16,1,18.1,37.92,1,3,3,2.12,107,48.71
22,4,32.48,17.39,2,2,0,3.31,112,21.66
23,3,73.99,70.28,1,3,2,6.34,99,46.7
16,4,42.19,38.92,0,1,0,4.46,92,12.0
8,0,82.36,88.49,2,1,2,2.53,98,74.11
14,3,90.42,57.03,1,2,0,3.38,40,54.74
10,4,11.79,30.37,3,3,1,7.22,39,32.7
15,2,68.97,74.41,2,0,2,4.09,141,58.14
19,6,12.67,15.23,1,1,0,4.15,91,15.83
8,3,11.46,13.61,0,3,0,2.42,131,5.71
12,2,29.82,26.6,0,0,2,3.33,98,19.6
1,0,14.14,17.49,2,1,2,6.39,74,14.26
17,1,64.67,70.73,1,2,1,6.22,90,45.05
11,3,69.45,50.04,2,0,0,4.11,107,38.46
11,2,62.53,58.67,2,3,1,6.86,36,51.31
12,6,56.78,45.65,1,1,0,3.78,75,23.64
5,5,75.31,73.79,3,3,2,6.69,111,42.49
14,1,74.53,66.81,2,1,1,1.69,22,59.47
17,4,83.32,92.77,3,1,1,3.58,20,77.31
8,3,67.39,72.14,3,3,1,6.63,32,64.0
3,0,37.03,34.5,3,3,0,6.91,93,15.43
9,4,52.22,55.17,0,2,3,6.04,43,45.68
4,3,49.15,45.98,2,1,1,5.52,71,35.56
8,0,14.71,27.38,0,3,2,6.39,28,20.96
15,3,78.06,67.41,3,2,1,5.75,45,47.1
2,5,87.16,64.27,2,3,0,3.03,12,48.83
17,2,93.6,91.17,1,1,2,4.3,123,72.9
5,2,27.32,39.9,2,0,2,5.46,75,25.43
21,0,13.61,12.74,2,0,0,5.03,34,13.4
17,1,14.99,43.56,2,2,3,6.81,84,39.01
6,6,77.39,73.28,2,1,3,4.34,141,58.28
13,4,61.86,72.88,3,3,3,2.57,126,65.86
2,1,73.05,56.08,3,3,1,2.79,134,52.03
2,3,86.47,67.16,1,0,2,6.58,67,42.45
22,1,25.36,35.49,3,3,0,1.55,60,35.27
19,3,37.77,35.4,0,2,2,6.71,54,33.43
3,1,76.31,62.09,1,1,0,1.83,53,33.06
6,4,28.35,21.6,0,0,3,3.85,139,19.41
4,3,50.54,59.15,3,0,3,6.3,29,50.99
9,4,44.91,20.34,0,1,0,3.95,130,11.68
6,3,58.58,63.39,3,0,2,6.43,139,40.73
7,2,93.94,98.99,3,0,2,2.1,129,78.17
12,1,14.33,42.31,3,3,3,4.57,98,45.49
4,1,48.62,45.27,3,1,1,4.99,130,43.13
21,3,91.31,81.05,1,2,3,6.85,14,59.46
17,3,36.31,56.11,3,1,1,2.06,125,58.47
18,4,71.65,84.25,3,2,1,3.53,82,60.5
4,0,88.63,88.47,3,1,2,5.46,145,66.15
16,1,26.65,40.16,3,0,2,7.38,22,34.68
20,5,12.32,20.47,3,2,0,6.59,141,7.55
4,6,11.81,1.15,2,0,2,6.58,90,0.0
18,6,11.57,22.76,3,2,1,4.6,24,21.53
8,2,36.55,43.38,1,3,3,4.89,81,64.22
18,0,16.36,46.83,2,2,3,6.65,15,42.3
11,1,41.45,45.48,3,2,1,6.72,21,41.47
19,0,72.87,74.44,1,3,3,6.31,84,74.5
3,6,31.84,42.03,3,0,3,6.41,125,32.01
9,6,48.15,40.97,0,3,2,6.78,25,23.38
6,5,16.46,13.89,2,0,2,2.18,46,22.29
5,5,67.85,45.63,0,0,3,3.26,65,20.95
7,2,33.59,55.34,3,0,3,7.36,86,48.64
9,3,17.17,39.64,3,2,1,4.77,10,50.92
3,5,90.92,54.02,0,0,0,2.56,100,18.0
16,5,74.27,69.63,0,1,2,4.52,80,46.44
13,3,63.71,66.34,2,0,1,5.37,145,54.2
19,5,70.07,82.29,3,0,1,6.47,52,61.1
16,2,43.29,44.38,1,2,0,6.37,79,24.25
3,2,31.85,29.97,3,0,2,1.8,21,38.26
1,5,50.0,34.28,1,1,3,4.22,139,23.33
10,2,79.27,67.01,1,0,2,1.62,127,45.34
11,5,91.74,61.53,1,1,0,6.83,60,26.25
5,3,59.48,40.52,1,3,0,2.54,74,39.6
18,2,38.87,61.2,1,2,2,5.25,130,48.81
13,1,69.64,51.62,0,0,0,4.92,51,34.38
17,4,67.74,60.18,1,1,0,5.25,43,37.56
2,3,27.27,23.37,1,2,0,4.88,44,6.42
19,2,44.2,33.02,0,1,0,5.79,109,17.56
4,5,17.06,18.58,1,1,1,5.26,39,0.0
10,0,41.21,45.44,0,3,1,2.04,22,40.79
10,0,73.65,58.44,0,3,0,3.7,33,36.83
19,6,33.25,65.6,2,0,3,4.78,149,59.71
6,4,61.97,64.43,0,2,3,3.45,133,51.2
5,3,34.49,26.15,1,3,1,6.06,144,9.94
8,0,18.24,31.13,2,3,1,3.41,49,36.34
8,4,71.72,65.62,0,1,3,6.47,72,49.21
4,3,58.04,54.87,2,2,3,2.38,79,41.84
4,4,79.29,60.38,0,0,3,6.12,83,31.11
5,0,66.11,45.36,0,1,2,2.6,13,32.63
11,3,78.55,67.06,0,0,3,4.67,94,46.49
8,4,18.95,33.29,3,2,2,3.42,15,50.33
9,2,60.31,52.45,0,2,2,5.32,48,45.86
17,0,38.06,23.23,0,1,0,2.78,51,17.76
5,6,72.19,67.87,3,1,2,6.27,105,41.95
21,4,57.21,55.75,2,0,1,4.94,136,42.83
18,4,9.88,31.25,2,3,2,7.24,108,31.91
4,5,53.02,42.38,0,3,2,5.77,71,17.29
7,4,71.99,55.79,1,0,0,5.14,84,31.73
4,0,28.65,21.65,2,1,1,6.47,82,6.84
6,3,63.91,53.64,2,2,2,2.82,30,56.63
8,6,80.68,78.25,2,1,0,5.3,144,62.28
3,2,10.87,16.06,0,0,3,3.84,139,5.05
0,6,57.02,67.36,3,0,3,5.96,43,44.72
10,0,84.88,87.19,2,0,0,1.65,26,82.31
16,2,16.38,15.82,0,3,0,4.07,33,11.4
7,2,29.23,36.07,3,2,0,5.41,98,28.76
20,4,61.33,40.59,1,1,1,4.26,14,30.99
8,1,57.67,46.83,0,0,2,2.93,24,39.64
21,1,76.41,67.74,3,3,0,4.29,101,62.68
5,4,61.61,33.94,0,1,3,6.6,30,13.61
12,1,56.83,37.37,0,1,1,2.74,19,32.33
18,6,45.67,51.3,2,2,1,3.7,12,48.04
1,6,12.04,17.92,1,0,2,7.44,109,0.0
22,2,58.2,48.88,0,2,3,6.98,61,33.02
8,3,19.1,19.65,0,1,0,1.7,50,14.15
11,2,94.63,85.18,0,2,1,4.68,100,53.27
15,2,12.07,15.04,3,2,1,1.89,34,25.88
15,4,11.81,30.11,2,0,1,7.04,83,13.41
0,2,75.86,68.28,3,2,1,4.15,78,48.88
20,1,14.1,41.02,2,0,3,4.01,105,48.12
14,1,41.46,46.62,2,2,0,3.14,97,39.84
23,6,88.47,61.06,0,1,1,4.91,105,39.0
11,1,75.91,73.67,3,2,1,2.37,40,64.02
14,2,25.96,31.46,3,0,2,6.29,29,36.05
10,4,27.59,43.21,2,1,3,4.45,85,48.37
21,0,58.3,54.18,0,1,3,4.9,18,42.15
19,1,48.78,63.25,3,1,1,6.54,74,49.85
21,1,15.51,25.69,1,1,1,2.61,98,19.81
12,6,19.28,34.96,0,0,3,2.55,125,32.48
18,6,77.26,67.58,2,1,0,4.02,102,53.24
8,5,36.03,51.96,3,0,0,6.22,150,31.09
11,1,76.91,79.25,2,2,3,1.85,88,74.3
18,4,22.08,25.75,0,0,3,6.27,72,24.06
1,4,58.95,51.39,2,0,2,4.5,44,35.86
17,6,50.46,61.14,3,1,1,4.87,104,48.02
0,1,34.37,32.89,2,1,3,4.89,124,34.12
13,5,59.77,50.75,1,3,3,1.84,55,58.87
11,1,16.21,26.15,2,1,3,3.0,20,48.71
11,3,82.08,67.29,0,1,3,6.03,11,52.85
11,6,71.9,66.72,3,0,2,3.97,99,57.55
11,0,30.83,49.81,3,3,1,4.86,103,46.15
9,1,57.21,43.04,2,3,1,7.17,26,36.36
10,5,86.2,73.84,0,0,2,1.78,13,63.95
13,0,43.01,43.66,1,1,1,4.2,102,34.67
18,4,37.7,39.4,0,0,3,3.67,66,45.14
13,3,76.91,68.75,3,0,0,2.14,68,66.66
15,2,5.11,11.28,2,0,0,7.2,47,0.0
20,6,66.77,54.54,1,3,1,7.27,111,28.54
23,5,24.42,35.22,3,1,0,3.37,114,23.86
2,2,67.48,71.6,3,1,3,7.18,17,49.68
17,0,44.41,61.78,3,0,3,1.71,22,75.08
5,0,6.83,3.38,1,0,3,7.39,88,3.08
4,0,83.68,57.41,0,2,1,6.52,95,32.01
19,6,54.19,56.42,1,3,3,2.79,30,60.67
1,4,33.22,17.23,1,2,0,5.1,32,11.39
20,4,68.3,72.74,2,2,3,6.29,106,62.23
18,1,49.63,44.69,1,1,0,3.42,74,32.7
23,5,8.15,16.01,2,3,0,3.62,26,0.0
16,5,63.52,80.33,0,3,3,5.27,95,57.39
20,5,92.26,77.23,0,3,2,2.38,20,59.65
2,3,24.98,38.4,3,2,1,2.21,42,34.74
21,4,82.66,68.09,1,2,0,3.0,110,45.69
3,3,60.89,40.38,0,0,1,5.95,41,12.63
7,2,12.01,40.33,3,0,2,3.7,18,39.03
3,4,70.7,46.24,0,0,0,4.54,145,9.87
9,2,44.73,70.25,3,1,3,2.67,41,75.0
17,6,76.44,73.45,1,2,2,2.66,82,71.06
6,5,62.22,50.64,1,0,3,5.4,126,30.54
19,5,5.25,3.5,1,3,0,2.15,149,9.36
14,5,16.37,25.01,0,2,3,5.51,124,18.78
15,3,36.72,35.55,1,2,3,3.9,57,35.74
22,6,48.37,46.63,1,3,1,5.53,130,31.59
10,1,88.89,91.37,1,2,2,3.79,11,81.68
8,3,78.98,73.32,1,0,2,6.58,55,57.47
23,0,77.15,86.02,2,3,3,1.83,38,76.42
13,2,53.56,44.38,0,3,1,6.86,84,31.16
14,4,13.36,26.8,1,0,3,3.11,135,23.01
7,3,72.12,80.44,3,2,2,1.76,119,77.92
5,6,12.79,8.39,3,1,0,4.87,150,4.09
4,4,13.23,8.82,2,0,1,2.85,29,7.94
5,2,27.96,5.62,1,1,0,4.26,116,0.0
4,2,88.03,67.25,1,3,3,6.31,112,48.57
17,4,72.49,93.17,3,1,1,6.25,74,70.62
1,5,11.9,0.0,1,2,1,5.1,23,0.0
15,1,87.7,73.91,3,3,1,7.37,24,48.56
22,4,75.5,56.72,0,1,2,4.28,138,39.24
18,4,59.33,66.41,2,3,3,1.74,51,64.84
9,0,16.43,40.71,2,1,3,6.42,99,35.84
1,6,33.81,27.06,1,3,3,2.83,143,27.37
20,3,32.06,30.69,1,0,1,2.56,79,21.19
0,1,62.6,39.13,0,3,2,1.92,39,38.35
16,4,57.91,58.37,1,0,2,3.47,78,54.33
16,4,29.95,37.15,1,3,1,3.46,42,24.39
4,6,33.0,34.82,2,2,3,3.32,35,41.22
17,0,51.66,80.06,2,2,3,5.06,124,70.27
4,2,81.09,67.19,1,3,3,6.01,58,47.78
5,1,16.36,24.31,2,2,3,7.13,106,15.82
19,4,70.32,50.15,2,2,0,2.06,112,39.9
23,3,94.61,69.8,0,3,0,2.4,87,49.43
6,3,72.48,61.36,3,3,2,5.04,86,64.11
22,6,44.74,57.08,3,0,2,2.09,35,48.21
21,3,70.85,61.01,1,3,1,3.72,84,41.21
18,2,82.46,86.96,3,2,0,5.25,115,69.91
3,0,74.17,49.96,1,0,1,6.18,37,35.19
7,2,6.15,9.62,0,3,0,2.81,42,15.77
16,6,16.83,36.85,3,3,0,5.51,107,36.03
23,3,14.64,9.04,1,3,0,5.38,148,13.75
19,6,7.86,27.93,1,3,2,6.66,65,28.31
10,3,69.31,76.85,2,1,2,3.38,126,73.57
5,3,29.06,20.98,1,1,1,6.0,35,7.94
23,3,69.98,74.43,1,1,2,6.01,90,46.8
6,3,64.95,73.37,3,1,2,2.94,143,70.52
8,0,52.13,35.81,1,0,0,5.23,72,19.84
23,0,10.37,28.39,2,2,1,5.55,81,21.62
13,3,32.48,28.78,2,3,0,3.15,31,23.7
6,4,7.44,25.94,3,3,0,4.21,84,24.28
0,3,86.9,61.64,1,2,0,4.11,92,38.64
10,3,32.78,27.11,1,3,3,6.14,148,34.19
23,2,13.55,40.99,3,0,3,1.5,38,47.47
10,4,5.23,12.21,1,1,0,4.51,61,11.58
16,4,60.04,64.01,1,3,3,2.61,101,70.08
6,0,60.89,44.88,0,3,1,5.38,142,18.58
18,3,94.54,85.59,1,3,0,5.58,43,62.57
18,4,30.97,22.85,0,1,0,4.51,107,11.62
14,5,9.19,29.41,1,0,3,4.75,133,19.35
18,2,75.14,64.47,2,3,1,3.39,99,60.93
13,6,32.41,41.41,2,1,2,3.38,70,42.81
9,4,34.76,39.43,0,2,1,5.97,43,24.44
17,3,86.7,83.66,1,0,1,2.29,50,73.71
20,4,56.78,59.17,1,3,3,6.13,17,43.29
20,6,41.03,38.1,0,1,3,5.43,31,24.53
5,1,90.55,66.35,1,3,2,6.81,71,42.25
16,1,28.88,41.23,2,2,3,3.06,29,56.36
0,3,6.93,0.0,0,1,0,4.54,11,0.0
13,0,25.78,28.83,1,1,3,1.73,107,23.3
13,5,8.97,1.58,1,3,0,6.98,20,0.0
8,6,41.7,45.65,0,2,0,5.55,29,25.69
23,4,79.8,67.42,2,2,3,5.24,93,56.96
21,6,92.77,86.67,2,2,1,5.9,139,58.88
0,0,68.03,37.33,1,0,0,3.21,112,17.08
5,4,88.35,48.46,0,0,0,5.12,14,12.54
4,3,41.77,29.8,3,0,0,6.31,33,23.03
21,1,32.24,27.44,0,1,3,2.04,114,32.0
12,2,18.88,20.05,0,2,0,7.25,113,0.0
17,3,50.08,59.18,0,1,3,6.85,65,44.93
19,4,34.42,42.16,0,0,3,7.28,143,28.29
18,1,14.68,51.52,3,1,0,6.35,135,27.97
2,4,88.87,78.87,3,0,2,3.27,114,71.86
3,6,16.13,20.04,2,1,2,4.99,115,11.17
9,0,71.58,70.74,3,2,1,2.22,120,71.46
8,6,11.13,23.38,2,1,2,6.03,30,21.37
17,4,52.44,46.03,1,0,0,2.42,108,40.03
3,2,65.73,67.29,2,0,3,6.7,142,51.96
8,5,26.11,42.8,1,1,3,2.94,41,42.99
5,4,11.81,24.54,3,0,0,2.46,12,19.97
4,5,58.4,42.03,3,3,0,1.93,60,42.61
4,0,59.26,57.79,3,0,1,5.77,48,43.75
4,0,33.08,31.96,2,0,1,2.62,143,27.96
13,4,38.86,53.02,2,2,3,2.69,72,54.41
9,2,9.1,17.51,0,2,3,2.52,103,27.75
10,1,31.62,30.5,2,2,0,3.33,148,30.99
11,2,84.43,64.57,0,0,0,7.15,121,32.97
17,5,20.42,43.81,2,2,2,4.42,115,37.41
20,1,47.12,33.6,0,3,1,3.07,146,27.23
12,6,65.91,66.72,1,2,3,2.52,107,69.25
15,2,77.26,87.02,3,1,2,1.61,42,79.88
17,1,12.3,22.33,1,1,1,3.69,112,14.61
16,0,58.27,56.88,2,3,2,2.16,55,63.42
3,6,61.46,34.05,1,0,1,1.66,56,28.61
23,0,22.76,20.65,1,2,1,2.12,100,16.22
3,2,7.78,2.48,0,1,2,3.41,54,0.0
9,4,80.99,67.06,0,3,1,6.01,13,40.97
15,3,44.61,45.01,1,0,2,1.9,150,35.48
9,1,10.47,14.63,0,2,1,5.57,90,18.22
5,0,57.02,60.81,3,1,2,5.22,104,43.38
22,4,38.92,36.7,2,1,1,6.79,124,29.08
1,3,12.22,17.65,0,1,2,2.6,99,5.85
5,0,30.84,39.79,3,0,1,6.27,96,20.79
23,1,34.41,35.85,1,3,0,6.69,121,18.33
17,3,56.74,57.24,2,2,1,7.36,51,37.92
2,1,41.3,34.92,2,2,1,6.35,126,30.06
18,2,14.63,41.59,3,2,1,2.24,112,49.33
23,0,62.18,47.37,0,2,1,7.18,35,31.83
2,5,70.59,44.93,1,2,1,6.39,30,23.25
9,4,50.66,45.3,1,1,1,2.77,134,42.71
11,5,10.7,14.87,2,0,1,2.49,136,18.43
3,0,14.29,13.16,3,0,1,7.12,150,4.36
4,2,90.02,89.91,1,2,2,2.43,24,59.78
4,1,22.04,3.2,1,0,1,6.16,136,0.0
4,4,32.67,16.66,0,1,2,3.93,131,5.55
9,5,66.88,69.32,2,2,1,5.84,118,52.56
11,1,76.27,67.14,1,2,3,2.05,80,61.75
5,5,86.99,64.17,2,0,1,5.85,81,36.13
6,4,40.57,54.97,3,2,2,4.57,70,54.18
4,5,94.31,79.13,2,3,1,6.9,14,48.13
19,0,14.35,23.42,0,1,2,2.63,80,21.76
5,6,79.39,76.61,3,0,2,2.16,43,67.75
21,3,29.49,14.35,1,2,0,2.68,38,17.77
12,1,89.34,73.08,1,2,2,1.97,17,57.63
19,1,83.23,97.39,3,1,3,7.38,74,75.47
15,6,73.6,78.81,2,2,1,2.24,16,54.05
6,6,59.34,56.97,3,3,2,2.71,129,56.2
14,0,24.3,24.51,3,2,0,6.36,135,25.09
6,3,46.57,52.92,1,3,3,2.98,122,57.02
2,5,8.13,23.23,3,0,3,2.83,52,31.1
6,4,68.85,56.54,0,1,3,5.53,32,54.59
6,1,15.43,25.59,3,2,2,3.89,81,34.42
3,2,28.25,23.74,3,1,0,6.51,104,18.2
0,2,27.05,19.13,0,3,1,5.33,12,2.3
22,2,75.92,64.33,0,2,3,3.23,130,42.79
12,6,41.06,35.76,0,1,0,5.09,71,8.14
9,1,53.11,55.29,1,3,2,6.7,125,43.32
22,4,23.78,36.33,3,3,0,3.69,20,48.62
5,6,35.07,25.2,0,0,2,5.92,70,4.87
9,5,51.07,44.95,0,2,2,3.99,74,30.39
20,5,22.48,29.02,1,1,1,4.76,16,21.27
15,1,67.08,52.78,1,3,2,5.9,109,37.33
9,0,45.43,47.84,2,1,1,1.86,141,47.79
6,5,93.53,80.44,2,1,2,4.23,86,68.61
0,5,27.19,39.25,3,3,3,2.07,65,37.97
2,5,40.65,32.68,1,3,1,5.85,99,22.83
3,2,88.22,54.81,1,0,0,5.15,60,36.74
18,3,84.74,73.32,0,2,3,3.46,60,69.79
15,0,48.58,58.52,3,3,2,1.96,117,70.03
10,2,16.12,9.85,0,0,1,7.05,93,0.0
18,3,41.79,54.14,2,2,0,3.39,47,50.98
3,0,57.86,47.09,3,3,0,3.15,67,41.15
5,0,27.88,17.89,2,3,1,2.11,127,16.78
9,0,22.2,34.66,2,0,3,4.96,84,35.51
22,1,52.83,48.23,0,3,2,3.09,20,51.8
14,6,20.84,29.01,2,1,1,6.56,130,20.15
20,4,83.71,66.89,0,1,3,5.6,114,54.01
5,6,11.68,11.61,2,1,1,1.52,47,7.79
20,1,93.87,81.68,2,2,3,4.89,146,74.73
1,4,53.41,37.65,1,0,1,2.89,144,20.43
5,6,93.52,85.66,2,2,2,1.59,150,75.43
12,2,72.64,81.21,2,0,1,5.22,63,61.03
1,4,18.76,12.03,0,3,2,2.73,140,13.88
20,4,25.47,26.36,1,1,0,6.9,123,10.58
20,5,14.63,28.28,1,2,3,4.94,132,21.05
12,6,70.62,40.8,0,0,1,2.76,87,30.05
7,4,20.18,24.48,1,0,2,7.37,49,28.73
2,4,69.31,33.7,0,0,2,4.78,41,25.35
14,6,82.35,73.44,1,3,2,2.49,146,52.61
12,4,42.05,51.9,0,0,2,4.6,80,36.88
18,2,64.49,72.9,0,0,3,7.26,140,45.4
14,4,85.57,88.92,3,2,3,4.05,88,80.24
3,3,72.78,55.73,0,3,3,4.05,85,39.77
2,1,16.77,1.61,0,0,0,4.27,20,0.0
18,3,31.33,53.97,1,1,3,3.18,66,52.78
3,4,53.21,39.82,0,2,2,2.47,88,41.36
22,6,28.78,42.16,3,1,2,4.97,25,39.69
2,4,50.53,47.66,3,0,3,6.87,32,59.01
17,1,90.75,99.55,3,3,2,5.91,93,85.94
23,6,45.79,56.92,3,1,3,2.08,44,60.09
10,4,28.55,36.33,0,2,2,3.91,108,29.4
1,2,18.19,22.09,2,1,0,1.53,74,15.11
21,5,86.1,56.55,0,2,2,3.35,66,46.75
4,2,25.68,17.42,1,3,1,5.52,26,18.49
12,2,22.43,26.06,1,1,2,3.24,67,19.27
23,5,54.6,47.61,2,3,1,6.54,86,33.57
17,6,46.55,35.7,1,1,0,4.36,90,30.05
1,3,39.71,28.5,1,1,2,5.52,48,26.44
19,2,57.08,55.41,3,0,0,6.8,13,33.17
3,6,56.25,36.27,0,1,0,5.6,141,0.0
17,1,11.16,26.67,1,2,1,6.88,145,17.25
14,5,42.34,43.64,1,2,2,6.35,137,32.89
6,4,69.89,51.83,3,1,0,4.9,50,40.93
10,5,39.35,58.97,2,1,1,3.28,94,49.27
2,2,94.79,61.39,0,0,1,3.29,29,50.49
23,5,26.18,41.07,0,3,3,6.75,137,21.56
5,0,49.67,48.01,3,1,0,1.82,10,37.97
7,5,65.65,75.65,3,1,3,7.15,76,68.57
12,0,54.31,68.4,3,3,0,3.46,130,52.44
16,4,8.52,25.1,0,2,2,5.93,112,19.69
12,1,51.23,57.29,2,3,3,3.48,131,54.33
12,6,91.98,83.49,2,1,3,7.22,79,61.32
13,5,41.6,58.18,3,1,2,1.72,23,48.62
20,0,15.46,16.37,1,2,1,3.62,11,19.37
9,6,6.91,22.33,1,3,3,6.7,31,17.71
19,1,42.1,55.14,2,3,3,3.14,18,59.58
18,3,21.68,17.32,0,1,0,3.15,73,6.32
23,0,80.12,66.83,2,2,1,6.89,17,47.96
21,0,90.7,86.71,1,1,1,6.48,36,54.28
19,1,89.65,90.6,0,1,3,2.13,69,70.66
5,3,38.71,36.52,3,1,0,4.98,113,20.86
18,3,45.93,41.24,1,0,0,2.84,105,33.98
17,5,33.36,40.16,3,3,0,2.79,18,35.03
6,1,16.61,26.4,1,0,3,5.19,137,16.01
16,5,55.31,62.35,1,1,0,2.24,87,55.13
6,0,21.76,26.7,1,1,1,4.32,59,12.99
12,2,10.35,30.68,2,0,2,3.03,63,32.28
19,1,81.45,71.04,0,1,1,6.62,129,42.74
4,0,76.87,41.14,0,3,0,4.83,75,22.16
8,4,88.37,73.34,0,1,1,2.79,44,52.11
19,6,34.47,34.29,0,2,3,7.06,69,17.16
10,4,83.36,82.39,1,2,1,6.44,19,56.49
23,5,40.86,40.18,2,3,2,3.09,31,43.85
0,4,11.55,15.31,3,2,1,7.27,54,14.31
17,0,46.21,50.96,1,2,0,3.11,41,42.02
19,2,54.84,46.6,1,3,0,3.26,59,37.37
22,5,43.89,40.07,0,2,3,3.82,19,38.56
3,0,75.69,40.03,0,2,3,2.49,96,34.01
23,0,36.66,47.14,3,0,2,5.62,26,37.75
9,5,87.9,92.44,2,2,3,4.84,40,74.01
8,0,11.67,23.02,2,3,1,6.87,147,18.03
8,6,69.84,74.2,1,1,3,2.95,10,64.21
15,5,88.61,79.68,2,0,2,2.52,49,66.84
15,4,54.78,74.06,3,2,3,3.65,80,60.06
11,3,84.08,63.39,0,0,2,2.38,53,46.64
1,0,67.26,55.74,1,2,3,7.18,55,34.41
23,2,6.31,2.25,0,3,2,5.8,27,6.03
5,5,65.41,48.45,0,1,3,6.28,69,29.17
2,6,64.09,55.19,2,0,3,5.99,116,32.67
14,3,5.0,32.32,2,1,3,2.96,92,36.37
9,5,41.82,47.74,3,0,1,2.34,140,45.71
14,5,8.49,1.15,0,1,0,4.08,108,0.0
21,0,31.37,21.86,0,1,1,6.47,121,1.76
2,4,93.79,77.72,2,3,2,3.48,70,67.85
6,4,89.63,100.0,3,3,3,1.56,96,97.97
12,3,66.64,50.49,3,1,3,5.46,91,55.66
18,5,38.02,55.04,3,3,2,2.7,124,71.91
14,6,40.68,58.51,3,1,2,4.76,80,49.41
9,3,8.44,34.47,3,0,3,1.59,66,59.85
14,2,35.45,34.21,1,3,0,4.55,19,37.17
23,6,75.59,82.67,2,1,3,3.86,131,54.8
11,6,51.74,51.32,2,3,2,6.78,71,46.17
21,4,47.9,42.92,1,2,2,5.83,122,34.77
18,4,13.2,42.05,3,3,1,1.72,105,50.25
7,0,87.71,94.62,3,2,2,6.24,10,77.97
5,2,30.48,35.51,2,2,3,6.25,101,23.3
18,1,39.46,48.69,1,0,1,5.48,78,28.2
4,3,34.76,38.75,3,1,0,7.08,43,32.96
8,5,34.59,27.53,0,1,0,6.32,47,12.36
5,1,58.94,36.57,0,1,0,2.81,99,7.61
14,6,61.43,54.89,1,2,1,3.79,22,32.48
7,0,58.87,44.15,0,3,0,3.6,95,20.64
15,0,11.16,25.35,1,0,1,4.53,129,17.67
22,6,92.26,70.21,1,2,2,7.22,22,50.05
19,0,69.26,73.95,2,3,2,5.19,11,72.35
22,5,84.45,77.17,1,1,2,3.38,18,57.96
0,5,19.37,19.55,3,1,2,7.15,112,18.82
10,2,88.89,80.1,1,1,0,5.7,129,49.44
5,0,69.95,60.7,1,3,3,3.1,149,51.81
22,2,50.06,59.32,2,3,1,6.94,14,42.96
17,0,7.08,21.39,1,2,0,3.57,77,10.87
7,4,27.79,45.87,2,1,3,4.6,16,44.8
13,6,80.49,76.57,3,2,1,4.38,62,59.17
14,6,39.13,37.04,1,2,1,7.04,53,20.17
11,5,66.04,63.72,0,3,1,3.09,95,47.61
11,5,70.77,57.55,0,0,2,3.5,138,36.99
1,6,74.81,50.9,0,0,2,5.46,123,23.97
10,5,39.41,35.01,1,1,0,6.82,18,20.67
8,4,86.89,83.88,3,1,0,2.19,43,72.88
19,6,31.3,36.59,1,2,3,2.76,48,44.16
20,2,80.25,74.1,3,2,1,7.19,45,66.23
18,2,43.23,58.04,3,3,3,6.16,59,62.45
0,6,26.08,20.61,2,3,2,3.58,95,22.47
20,2,35.91,54.48,3,0,2,3.65,114,42.89
9,2,76.96,69.6,1,3,1,4.32,142,62.94
9,1,60.34,70.25,3,3,3,5.54,109,65.5
22,1,17.3,29.4,2,1,2,4.87,52,26.38
20,4,16.16,21.91,0,0,3,6.16,35,19.39
1,6,66.85,57.5,3,3,1,1.83,63,45.73
8,0,26.55,36.57,3,0,2,6.41,122,42.52
17,4,23.78,35.48,3,0,1,1.85,150,30.26
12,5,72.46,57.08,1,1,3,6.79,65,36.52
6,6,34.04,28.21,0,0,3,1.76,34,26.39
12,5,11.15,14.97,2,1,1,2.27,10,32.56
20,1,43.24,38.89,3,0,0,2.58,20,37.47
5,3,56.23,52.83,3,0,0,2.84,99,37.9
17,6,59.13,74.46,2,3,1,3.91,93,66.83
17,6,10.27,33.17,3,1,0,5.43,100,18.83
21,4,45.82,41.03,0,2,3,6.86,13,12.16
7,6,37.36,45.37,2,3,1,4.65,71,50.05
5,4,45.4,24.23,0,1,0,4.69,35,8.55
13,0,8.75,20.04,2,1,2,3.42,57,21.31
12,6,31.6,34.03,0,2,1,6.3,97,10.62
9,1,62.91,74.35,2,2,0,2.16,48,66.56
18,2,16.33,27.47,3,0,1,3.31,102,34.69
19,1,91.33,90.84,0,3,2,2.08,50,77.2
5,5,94.45,66.87,1,0,2,2.79,81,60.36
19,0,37.44,32.12,0,2,0,5.02,74,13.25
5,4,66.29,59.7,2,0,2,2.26,64,51.85
9,6,62.18,85.6,3,0,3,2.1,27,72.63
0,5,20.04,14.4,0,0,2,6.46,91,4.55
8,2,39.94,58.64,2,2,3,2.21,149,62.49
23,6,93.26,98.12,3,1,3,5.15,100,74.71
10,2,16.49,27.95,0,2,1,3.61,115,10.21
17,4,56.77,60.45,1,1,1,6.88,123,38.63
2,3,58.93,45.55,0,0,1,5.75,15,19.77
15,0,20.08,29.27,3,3,1,1.86,121,42.74
8,0,53.17,41.14,2,3,0,6.87,44,28.73
17,1,87.57,100.0,2,3,3,3.98,103,84.86
22,6,15.41,24.83,3,0,2,3.29,148,23.55
12,6,22.08,25.16,3,3,0,5.54,136,13.41
2,2,28.01,26.84,1,2,3,5.81,68,17.65
11,6,72.59,68.74,2,0,3,3.32,128,52.39
2,0,56.95,40.92,1,0,2,3.61,97,31.92
10,6,50.32,64.47,2,2,3,2.44,28,62.19
1,1,76.29,77.25,3,2,3,5.06,43,66.35
15,0,93.04,98.33,3,0,3,7.24,144,76.5
7,5,22.64,50.2,3,1,3,4.0,139,42.24
4,2,78.08,50.3,1,0,0,7.48,135,22.32
0,2,38.31,31.65,3,3,0,2.56,64,31.13
21,5,18.14,41.89,3,2,2,6.28,55,34.34
20,2,28.09,34.57,2,1,2,7.07,123,24.05
19,5,40.94,42.69,0,1,3,5.63,12,35.04
1,1,85.92,68.37,0,3,2,2.16,136,49.15
8,0,48.06,53.47,2,2,1,3.46,95,49.6
23,2,60.29,66.87,3,1,3,2.01,99,60.97
13,4,7.99,25.28,3,3,2,5.11,71,39.89
3,1,10.76,15.61,0,2,2,7.49,148,0.0
3,1,89.45,79.51,3,0,1,3.75,115,58.74
6,5,80.45,84.58,3,2,3,2.48,17,86.64
23,3,49.07,32.16,1,3,0,3.11,83,23.83
4,3,23.04,27.27,1,3,3,4.92,131,23.08
21,1,8.62,21.71,1,0,3,4.91,20,7.15
16,0,92.78,85.42,2,3,2,2.88,113,70.16
22,0,5.51,26.76,3,3,3,6.0,44,34.05
19,4,26.39,42.87,0,0,3,2.03,81,42.22
7,0,66.55,66.61,1,2,0,5.24,134,50.04
19,1,89.41,63.97,0,3,0,4.05,79,54.36
4,6,15.54,9.67,3,0,0,2.26,15,0.23
6,2,74.65,67.61,1,3,1,5.31,12,56.19
5,5,34.86,25.23,1,1,2,5.54,113,4.46
3,2,66.17,43.52,0,1,0,4.14,141,21.54
2,6,13.7,0.0,0,1,0,6.29,51,0.0
4,5,82.83,66.68,1,2,2,4.56,141,59.29
2,3,68.65,54.81,3,3,2,3.21,73,51.38
9,4,91.0,83.37,1,3,1,7.22,18,60.67
1,2,50.22,26.46,1,0,2,7.16,84,15.26
1,6,84.89,75.6,2,3,2,2.07,147,58.09
23,2,53.64,47.38,1,3,1,7.18,45,24.33
2,5,51.15,39.92,2,0,0,6.15,145,26.6
1,4,13.51,20.39,1,1,3,2.14,101,16.78
0,4,78.28,49.42,1,0,2,4.62,65,32.59
3,2,42.1,46.88,3,3,0,1.71,107,37.28
12,5,59.0,57.82,3,1,0,5.03,66,41.3
19,5,63.56,70.06,2,1,1,7.1,21,46.79
17,5,74.73,58.21,1,3,0,3.71,132,51.4
13,5,56.78,67.57,3,2,3,4.55,62,62.29
2,1,60.79,43.6,1,3,3,2.87,89,42.88
18,6,51.87,48.39,1,3,0,4.75,114,37.8
0,5,60.26,36.81,2,3,0,6.32,21,16.3
15,1,44.98,76.44,1,0,1,2.79,111,40.53
9,6,74.88,88.15,3,0,3,4.82,61,76.98
21,3,77.95,73.44,0,0,2,3.63,86,54.21
7,2,51.54,52.36,0,1,3,5.99,74,40.35
15,1,18.2,20.89,1,2,0,5.71,119,4.02
10,2,38.61,54.14,3,2,0,5.69,36,31.55
12,0,80.59,54.52,0,2,1,3.77,25,36.35
22,4,87.51,85.3,3,2,3,5.1,67,67.65
17,4,29.03,46.71,0,3,3,5.41,26,33.34
9,4,89.7,82.06,2,2,1,5.58,44,69.41
10,3,29.9,30.3,1,1,1,4.95,102,44.58
16,2,87.7,65.73,0,1,0,6.7,125,41.08
8,5,89.19,72.66,2,3,1,2.99,107,67.77
4,6,50.43,20.6,0,3,2,1.83,54,15.81
11,0,90.55,58.32,1,3,0,7.28,124,29.92
1,2,54.43,53.51,2,2,3,1.86,67,64.57
4,6,39.1,40.85,2,3,2,6.92,35,21.72
10,6,77.91,80.73,0,1,1,5.17,116,35.55
19,6,14.77,24.34,1,0,1,7.01,82,13.62
18,1,24.5,29.68,2,2,1,4.89,62,30.71
6,3,24.19,39.22,2,0,3,6.43,103,34.89
10,0,60.99,71.83,2,2,2,5.83,112,68.48
3,6,68.8,61.75,3,3,0,4.65,41,44.72
18,3,80.37,75.4,0,0,1,3.68,26,56.27
5,1,85.99,84.92,3,2,3,1.52,82,82.51
19,0,83.75,86.97,3,3,1,3.01,17,99.47
20,5,66.38,77.95,3,2,3,7.21,100,74.82
16,5,87.33,82.59,3,2,2,3.15,72,79.15
7,6,29.8,22.4,0,3,3,6.01,40,30.74
22,6,70.27,81.25,2,3,2,4.55,94,71.15
16,5,11.9,26.24,1,0,2,3.35,62,30.0
15,5,16.27,32.45,3,3,1,7.45,64,21.98
20,5,25.35,11.64,3,3,0,1.78,40,20.82
21,6,14.24,31.07,0,0,3,4.99,105,15.31
1,3,91.91,85.27,3,2,1,4.27,137,55.79
21,5,46.96,30.85,2,3,0,1.96,97,34.89
18,5,86.6,79.13,2,3,1,2.78,43,80.31
4,0,47.9,37.35,1,3,1,5.67,127,17.67
7,4,67.97,50.09,1,3,0,2.15,27,45.06
18,2,33.95,61.87,3,0,3,6.31,50,52.33
5,0,90.56,83.52,3,1,1,5.25,14,63.81
10,1,8.14,27.13,2,0,1,2.11,129,27.83
16,0,67.77,67.83,3,0,2,3.22,16,62.93
15,6,90.53,63.93,0,1,2,2.32,87,66.38
21,5,75.93,60.81,1,3,1,6.29,37,29.57
2,0,79.48,69.48,2,2,3,4.7,39,50.51
7,4,31.92,38.38,0,3,3,1.52,95,49.38
23,4,45.67,40.03,1,2,1,4.76,123,31.21
13,3,17.26,22.8,3,1,2,4.4,12,27.28
5,4,38.88,35.63,2,1,0,5.36,32,13.14
6,6,5.76,20.54,2,3,1,1.71,50,25.19
8,3,75.09,66.72,0,1,1,1.71,143,53.23
13,4,90.77,72.36,0,1,1,3.6,18,45.18
6,3,68.08,64.03,1,3,3,5.63,35,60.25
14,2,77.93,64.86,1,1,2,5.5,66,51.84
10,6,51.21,36.75,0,3,1,3.17,55,39.88
14,2,22.25,40.82,2,3,1,2.8,16,35.9
3,5,69.87,63.17,3,0,2,5.6,86,50.49
14,4,31.94,21.37,2,2,0,1.66,95,22.92
22,4,46.36,33.17,0,0,0,4.84,34,16.34
3,5,86.06,60.37,3,3,2,4.04,107,57.73
7,5,38.56,41.5,1,0,1,2.93,18,38.49
16,3,31.04,38.35,0,3,2,4.62,113,36.38
14,4,7.85,18.86,1,3,3,2.8,46,16.08
16,3,68.13,53.48,0,2,1,4.89,41,39.09
13,2,24.37,39.48,2,0,2,2.39,37,37.5
16,5,62.55,63.45,2,1,1,3.93,132,54.89
14,6,37.99,33.76,2,1,3,4.56,80,40.34
1,4,75.89,55.07,0,3,0,1.69,107,35.98
18,5,85.09,72.69,1,3,2,5.16,38,59.07
10,5,26.21,21.65,1,2,1,6.0,17,24.0
1,2,76.31,83.45,3,0,3,7.24,15,56.94
9,0,18.75,35.92,2,2,0,2.72,72,39.69
10,2,17.68,24.79,2,3,0,2.75,56,37.01
2,5,43.56,29.6,1,2,3,3.33,118,26.61
23,5,34.21,29.26,1,3,2,6.84,121,15.2
5,3,93.84,79.51,3,0,2,3.94,53,61.31
7,5,77.36,94.21,3,2,3,3.31,71,79.74
10,0,85.12,79.35,0,0,1,5.95,63,44.21
19,4,17.24,30.57,2,2,0,1.73,105,31.79
17,4,69.26,88.42,3,2,3,4.79,98,79.72
18,3,59.39,48.29,0,1,0,4.2,101,22.52
5,5,13.93,11.92,2,3,2,5.25,17,9.83
20,3,76.43,53.53,1,3,1,5.89,57,41.23
19,3,81.84,78.19,2,1,0,3.45,146,59.39
11,4,87.27,91.14,2,1,3,5.32,58,67.33
13,5,89.58,85.93,3,0,3,4.65,34,59.77
0,1,14.7,10.9,0,0,0,2.3,38,2.82
18,2,84.4,77.07,0,1,3,6.79,13,61.28
23,2,90.08,82.45,1,1,3,6.03,120,63.0
11,1,67.17,69.82,3,3,2,7.03,10,61.14
12,2,21.55,46.17,2,3,3,5.82,94,42.68
11,2,41.08,33.02,0,0,0,2.97,66,16.58
1,2,13.11,1.03,0,0,0,4.08,23,0.0
14,2,5.38,31.41,3,2,3,3.82,134,41.76
17,3,87.81,65.9,0,1,1,1.71,114,62.13
22,4,92.51,50.97,0,2,0,3.96,125,42.15
22,2,87.74,76.45,1,1,3,3.57,142,57.89
11,5,27.86,30.7,2,1,1,1.52,138,28.5
23,3,60.9,64.57,1,1,3,6.58,108,36.32
12,5,49.97,44.84,0,2,3,2.36,85,35.12
15,0,49.64,36.46,0,0,1,4.51,108,17.93
14,1,43.55,27.72,1,3,3,6.21,73,35.62
23,3,89.71,87.28,3,1,1,5.13,35,67.42
17,2,76.18,71.33,0,0,2,2.52,64,62.87
2,3,81.22,70.17,2,2,1,5.21,75,45.75
1,1,8.11,0.0,0,0,0,6.05,16,0.0
9,3,42.08,53.32,2,2,0,6.63,129,29.95
12,4,58.82,42.5,0,0,1,3.41,138,29.57
16,5,64.28,59.0,0,1,2,1.7,69,48.83
11,1,85.54,75.27,0,2,3,5.15,79,41.42
12,2,20.03,29.04,2,1,0,2.85,128,23.65
22,3,13.1,30.35,2,3,2,6.19,74,20.22
8,3,85.39,77.82,0,1,2,5.58,107,56.53
11,5,50.6,53.31,1,2,3,6.14,82,32.19
13,2,53.53,54.19,1,0,3,7.31,48,38.38
11,4,85.1,67.58,0,3,0,5.01,121,21.19
23,6,72.48,38.47,0,2,0,6.93,37,16.45
23,2,70.77,73.55,3,2,3,5.35,41,63.62
12,5,21.74,42.8,2,1,2,2.59,107,26.5
10,2,60.93,54.16,2,1,0,6.3,110,43.74
14,2,45.51,49.22,1,1,3,5.66,144,36.37
4,4,59.99,53.91,1,1,1,7.37,110,22.01
10,4,56.81,64.02,3,0,1,2.96,13,56.77
5,3,7.37,8.47,1,2,3,3.5,129,17.19
3,1,35.95,38.27,0,2,3,6.43,68,17.89
2,0,46.2,32.24,1,2,1,1.88,11,36.18
14,6,50.02,50.47,2,2,2,5.3,91,47.14
0,6,13.95,4.18,2,2,2,4.71,34,17.31
15,6,85.87,68.93,2,3,0,2.51,68,59.79
10,3,35.09,58.04,3,2,2,2.49,76,57.43
8,6,49.05,35.3,0,2,0,6.36,20,18.43
18,3,64.74,66.64,2,1,3,1.59,129,70.94
12,0,69.72,73.83,3,0,3,5.98,81,68.39
17,1,39.02,45.79,3,1,0,5.9,146,38.01
17,1,16.62,40.19,3,2,2,5.4,75,43.49
0,2,23.66,15.41,2,2,0,3.96,93,18.83
5,6,19.85,15.95,0,2,0,1.67,124,0.0
13,2,26.97,44.54,3,2,2,6.31,39,35.81
23,4,59.33,42.53,0,0,3,2.25,138,35.7
3,1,53.22,52.82,2,3,3,3.18,36,57.46
2,4,20.18,15.25,1,2,1,7.18,150,0.13
22,3,66.34,78.12,2,1,3,3.31,100,68.54
23,1,10.73,29.64,3,2,2,3.03,83,37.09
4,3,86.86,67.25,2,3,1,7.34,39,32.44
9,0,55.96,62.33,0,0,1,2.02,90,37.44
15,6,58.14,55.38,3,1,2,2.46,87,52.37
4,4,30.73,38.71,3,0,1,4.13,148,27.93
7,6,51.05,44.2,0,1,1,6.23,127,17.52
9,6,43.36,44.72,2,0,1,6.81,78,25.23
15,1,90.57,64.67,0,3,1,6.03,64,40.75
7,4,11.86,37.05,2,3,1,7.36,64,35.45
9,0,46.29,41.58,0,3,0,1.6,63,21.1
6,6,76.24,74.1,1,1,3,5.22,11,39.99
18,5,54.01,59.12,1,3,1,2.2,15,62.95
3,4,55.87,53.62,3,0,1,6.96,115,23.5
5,6,87.01,60.22,3,0,0,7.11,45,33.61
5,5,38.81,29.94,3,1,2,3.32,67,22.52
21,6,5.19,26.51,2,1,1,6.47,108,8.08
22,0,88.31,70.04,1,3,0,5.28,95,44.92
12,0,7.98,10.3,0,3,1,2.1,60,19.2
3,6,76.77,79.9,2,3,3,5.12,116,62.88
18,1,17.56,29.2,1,3,3,7.36,32,25.11
11,2,6.86,4.28,1,2,3,3.35,76,6.16
20,0,36.92,13.9,0,2,0,1.51,24,16.41
8,4,82.77,68.87,0,0,2,7.36,84,43.05
23,5,8.32,31.81,3,0,3,3.98,23,30.11
19,5,28.64,48.36,1,3,2,4.09,142,46.96
5,4,30.11,46.58,3,2,3,5.78,102,29.19
17,4,13.53,8.81,2,3,0,5.13,44,16.23
6,3,13.33,33.2,0,0,1,3.31,96,16.11
8,3,86.74,68.58,0,2,1,2.1,59,50.07
6,3,67.58,70.25,1,1,2,6.46,83,53.55
16,6,33.0,32.58,0,1,0,4.4,33,11.7
6,1,26.45,38.08,3,2,1,5.53,80,31.99
15,3,8.86,27.72,3,1,2,6.66,25,22.24
13,4,37.29,29.06,2,0,0,1.61,31,11.03
18,3,32.1,30.1,1,3,1,6.66,92,24.05
23,0,87.54,84.86,3,2,2,6.01,80,74.81
0,2,24.85,10.17,2,1,0,7.18,51,0.0
23,4,41.46,54.39,1,2,2,2.9,18,40.28
2,4,66.38,59.47,3,0,1,3.43,69,43.38
12,5,33.91,41.06,0,1,1,5.47,140,16.23
8,6,75.36,68.21,2,1,1,7.05,109,46.59
15,4,70.36,68.53,2,1,3,7.46,18,55.74
17,4,8.19,40.03,3,1,2,4.0,142,43.07
20,2,82.02,65.24,0,3,2,4.74,69,45.47
9,2,37.75,55.99,1,0,3,2.52,91,61.52
22,5,13.63,36.88,3,2,1,5.66,10,21.27
7,3,67.85,66.55,1,3,0,6.52,53,48.6
4,5,72.24,66.57,3,3,0,6.29,120,47.39
9,0,11.39,37.92,3,3,1,3.58,56,40.94
12,0,36.85,39.69,1,1,3,7.28,33,30.67
16,1,85.59,85.61,1,2,1,2.22,22,75.39
19,1,65.25,75.86,1,2,3,4.46,140,63.33
5,4,53.05,33.87,0,3,2,4.83,124,9.83
7,4,50.37,60.83,3,3,2,4.72,16,62.35
22,3,59.76,42.38,0,1,0,6.05,140,26.11
10,2,63.77,85.7,3,0,3,5.16,125,77.6
5,4,11.2,27.88,3,1,3,1.96,60,35.93
23,0,35.07,38.21,1,1,2,2.58,102,37.43
10,3,52.4,53.61,0,1,3,4.69,46,45.23
23,1,70.73,63.45,3,3,0,5.67,45,50.5
22,0,71.85,52.58,1,0,1,4.59,110,33.68
21,1,59.5,60.4,0,1,3,3.63,38,49.48
13,0,57.79,47.48,1,1,2,1.81,60,41.54
19,3,38.1,57.9,3,1,2,6.22,60,52.51
23,3,80.12,68.83,2,0,1,4.48,31,57.98
6,4,87.48,86.35,2,3,2,4.73,126,67.16
0,3,81.17,62.05,2,2,1,4.31,105,49.01
7,1,83.47,66.06,0,0,2,3.09,131,57.26
15,0,86.79,84.42,3,2,0,3.16,83,65.43
13,4,23.19,28.91,2,2,2,1.88,34,34.39
1,6,51.25,49.98,2,1,3,5.75,49,29.49
13,1,53.11,57.15,2,3,0,3.13,59,36.78
4,1,48.69,30.94,1,3,1,3.29,142,26.06
12,2,81.36,75.86,2,3,2,7.46,43,62.13
13,1,34.25,36.64,3,2,0,3.81,107,25.77
15,1,19.52,19.97,1,1,0,4.56,27,11.55
9,3,29.69,25.9,0,0,0,3.82,144,13.5
9,5,17.88,32.32,2,0,0,3.24,101,28.15
16,4,41.43,59.49,3,3,3,1.54,70,86.87
17,6,15.51,40.09,3,3,0,6.63,58,34.32
19,2,12.88,50.51,3,0,2,4.34,59,44.01
8,3,45.59,48.62,1,3,1,5.82,41,43.04
10,2,59.1,65.02,3,0,2,7.25,94,49.35
7,0,59.69,59.69,0,0,3,1.52,132,66.98
12,2,13.31,30.71,2,0,3,5.55,44,21.29
3,1,92.44,85.96,3,1,0,2.21,115,64.26
10,3,15.96,30.77,3,1,0,4.25,89,29.53
4,1,64.44,62.08,2,2,1,6.58,119,33.96
12,5,84.98,81.96,2,1,3,1.93,118,68.41
20,5,84.63,76.25,1,0,3,7.44,15,60.42
23,6,51.09,55.31,3,0,2,4.99,12,50.6
10,0,29.97,51.75,3,3,3,3.87,139,58.23
1,0,79.51,55.47,0,2,0,1.62,31,44.64
5,6,60.13,36.18,0,3,2,5.02,91,20.5
2,5,76.19,78.58,3,0,3,4.47,116,64.7
18,4,41.0,73.61,3,1,3,2.79,81,65.64
23,2,87.21,66.65,0,0,2,4.44,10,40.31
13,3,88.66,85.29,1,3,2,1.58,11,76.72
4,3,71.36,60.72,2,0,0,7.5,104,29.66
0,5,89.83,68.76,0,3,2,3.49,136,56.84
23,3,45.81,38.53,2,0,0,4.38,58,22.4
7,0,22.5,39.37,3,2,1,6.21,86,40.95
2,4,64.03,37.26,0,1,0,5.78,141,8.16
4,5,63.8,69.57,3,3,1,6.83,126,47.81
6,2,49.22,35.37,0,0,0,7.15,86,12.91
15,0,28.46,23.21,0,1,1,2.64,102,14.27
21,0,61.19,46.02,2,2,0,3.84,145,30.89
6,5,21.27,33.51,3,3,3,5.62,122,34.52
16,3,72.8,77.62,3,2,2,1.77,68,75.07
1,3,86.61,79.89,3,0,2,5.8,107,60.73
0,6,20.0,17.43,3,2,2,1.53,56,10.8
1,0,78.82,71.09,3,1,3,6.98,139,52.67
22,1,22.86,16.43,1,3,2,5.81,23,24.23
13,5,50.04,51.84,0,2,2,4.89,41,36.78
19,3,88.63,86.56,3,3,0,4.07,58,66.16
0,0,12.44,11.13,0,0,2,7.43,38,0.0
0,4,13.08,7.79,2,2,1,5.92,93,0.0
20,0,91.29,88.85,3,2,0,6.34,110,58.85
2,5,19.3,18.41,0,1,1,6.45,135,0.0
3,5,35.78,35.23,3,1,1,1.63,80,25.59
12,5,46.31,32.99,1,2,0,1.83,97,32.12
14,3,5.6,15.9,0,1,2,2.69,94,12.74
5,1,21.93,29.93,1,1,3,5.43,10,24.19
10,6,79.56,71.37,1,2,0,5.24,109,52.49
16,3,51.7,53.87,1,3,0,3.45,13,50.44
10,4,40.45,52.87,0,0,3,7.34,87,39.51
9,0,66.38,55.94,0,3,2,2.06,150,47.53
1,4,34.23,28.03,1,0,0,6.16,121,0.0
10,4,44.47,37.84,0,0,1,4.39,81,24.24
19,2,94.44,67.42,2,0,0,4.01,54,62.21
15,5,74.69,75.53,3,0,3,1.65,128,62.86
21,0,54.86,43.62,0,3,2,5.87,131,32.75
3,5,52.41,29.42,0,1,0,6.13,61,4.15
0,6,80.98,64.17,2,3,0,3.41,25,42.86
13,3,59.08,51.89,0,0,2,4.6,92,33.33
4,0,35.54,49.65,2,2,2,5.14,99,33.63
14,3,42.6,40.0,1,1,2,3.71,141,34.56
21,3,21.51,6.57,1,2,0,5.19,135,5.89
8,3,91.36,94.72,2,3,3,4.1,42,100.0
13,1,63.7,57.05,3,2,0,6.77,45,43.11
16,4,40.87,28.83,0,2,0,5.81,150,12.61
3,1,37.39,24.84,0,1,2,2.16,56,6.94
21,3,86.63,74.89,2,0,2,6.3,74,48.22
4,4,37.43,18.15,0,0,1,3.53,53,1.6
19,4,73.07,83.27,1,1,2,7.11,65,64.15
15,5,80.19,69.61,1,2,2,5.12,89,47.32
3,6,86.88,59.7,1,0,1,1.67,51,44.05
17,5,38.57,53.96,2,1,0,5.91,68,30.44
4,5,73.88,49.12,0,2,2,2.28,59,37.87
14,6,34.42,27.17,1,3,2,6.76,25,26.07
23,1,89.96,67.49,0,3,3,7.19,120,47.3
22,2,6.0,22.76,3,0,1,5.67,135,19.2
20,3,56.32,48.05,3,0,1,4.7,79,39.68
11,3,50.9,33.44,1,2,0,5.11,38,14.67
13,4,83.99,61.8,0,3,1,4.07,100,46.64
7,0,24.47,43.54,1,1,2,2.0,85,43.37
22,0,12.86,37.3,3,3,1,7.07,87,30.45
11,5,81.18,84.07,3,2,2,3.48,93,76.23
18,5,36.51,41.26,2,3,0,3.38,111,35.02
8,2,34.24,52.66,3,3,3,2.65,15,65.24
17,2,14.48,32.14,0,0,3,7.45,24,21.63
5,3,87.81,89.69,2,1,3,7.16,23,65.11
17,3,61.97,75.61,3,0,2,3.6,31,71.48
1,1,67.3,45.22,0,0,2,3.06,147,28.82
2,3,85.81,57.68,1,1,0,6.33,112,23.91
8,5,80.95,64.41,1,2,0,4.04,103,40.04
11,5,45.66,38.72,0,3,1,7.31,108,9.03
17,5,19.38,25.61,0,0,3,6.91,14,22.66
8,4,65.51,70.01,3,0,0,6.06,40,52.88
0,6,63.56,57.74,2,0,2,2.04,121,40.4
7,1,9.24,26.06,0,3,3,5.71,75,28.61
10,0,85.95,81.28,2,2,3,7.42,81,79.8
13,0,35.17,42.28,2,1,2,3.74,115,34.27
15,6,43.59,38.7,1,0,2,6.79,20,16.84
5,4,51.24,33.38,1,1,0,3.95,122,20.73
14,1,87.08,68.03,2,0,0,7.33,105,40.94
15,5,20.34,40.35,3,0,1,5.42,66,25.45
18,2,38.18,62.8,3,1,3,2.08,80,76.19
12,4,50.12,29.76,1,2,0,4.37,20,20.84
19,1,94.27,77.57,0,1,3,1.8,38,76.73
5,0,44.58,36.53,0,3,1,3.87,44,20.44
17,1,40.87,35.16,0,3,0,6.99,133,37.93
1,1,89.15,53.46,0,0,0,2.89,25,29.17
2,3,64.53,69.36,3,1,2,7.2,51,54.48
20,0,19.72,23.14,2,2,0,2.1,28,21.43
11,1,20.82,14.63,0,1,2,5.49,50,11.8
14,3,63.0,64.47,3,1,3,7.29,11,57.08
14,2,47.03,46.26,0,2,2,5.42,48,34.89
16,4,5.81,39.39,2,0,1,6.89,112,23.85
5,4,45.37,42.55,0,3,3,7.45,118,25.49
4,6,89.57,61.82,2,1,0,5.35,63,32.18
1,5,72.26,50.44,2,1,0,6.19,109,20.18
20,1,55.27,55.14,3,0,0,1.69,97,34.94
5,4,22.57,4.11,2,2,0,4.06,137,4.75
13,4,35.21,42.51,1,2,3,3.23,123,35.38
10,4,94.7,87.27,2,2,0,6.45,42,76.87
3,5,64.31,58.72,2,1,0,5.57,92,25.57
9,1,29.87,51.14,1,1,3,5.19,120,49.91
1,2,71.42,78.93,2,2,3,7.09,53,62.52
4,5,13.22,21.28,2,0,0,2.03,90,5.79
3,6,38.35,46.38,3,1,1,7.22,66,20.34
19,0,25.62,33.63,0,2,2,2.1,53,34.76
13,3,85.64,78.08,2,2,1,3.58,38,69.47
22,1,71.16,66.55,3,1,3,5.28,14,79.06
10,1,49.77,51.75,2,1,0,3.55,115,34.09
4,0,41.7,52.99,3,1,3,5.6,125,43.49
14,3,82.27,70.25,1,3,2,6.15,101,48.75
22,4,22.59,15.47,2,2,0,6.47,43,8.21
12,3,11.73,27.52,0,0,2,2.58,12,28.52
0,2,81.66,58.64,1,0,0,2.59,99,30.12
7,5,82.08,86.15,0,0,3,1.81,38,58.98
22,4,26.88,51.55,3,0,3,4.45,87,48.58
12,6,22.58,38.83,3,0,0,2.33,146,28.5
22,2,69.92,66.48,0,1,2,3.41,10,45.23
12,1,17.9,27.14,3,2,1,6.54,91,19.26
0,3,60.98,37.34,1,3,0,7.19,150,15.1
20,3,68.11,64.04,2,2,2,6.43,57,42.89
18,3,60.98,59.14,3,3,0,1.5,124,64.49
17,5,43.42,63.62,3,2,0,4.91,126,45.67
23,0,78.46,68.78,0,1,3,2.5,78,64.31
4,3,88.7,63.08,0,2,1,3.75,53,41.23
21,3,68.51,52.01,0,1,3,4.07,105,41.6
5,1,42.71,51.48,3,1,2,7.16,97,33.89
23,4,94.61,83.26,2,3,2,5.3,77,57.04
4,5,45.45,35.55,0,3,1,3.11,37,17.37
13,3,15.46,20.34,2,2,1,5.36,114,15.24
18,0,21.43,41.75,2,2,0,7.21,39,28.44
1,0,36.31,42.73,2,2,2,1.85,28,38.39
1,2,20.4,21.43,2,3,2,6.4,19,27.21
20,4,75.05,63.96,0,0,0,2.8,72,34.55
1,2,6.27,13.56,1,1,1,2.42,26,2.1
14,2,41.53,55.33,2,0,3,6.89,57,32.22
22,6,84.04,70.55,3,2,1,1.51,44,63.36
14,0,15.6,20.83,0,1,1,5.95,74,0.0
11,0,56.85,51.39,2,1,0,2.02,119,31.95
10,1,89.05,84.46,3,3,0,5.21,73,68.3
15,6,11.44,28.76,2,0,3,5.23,88,30.83
13,3,36.48,30.05,0,3,1,6.68,30,20.68
12,1,8.39,13.98,2,1,1,6.44,25,2.82
3,2,66.4,29.2,0,0,0,5.61,147,5.74
15,6,42.57,33.6,1,0,3,3.78,97,33.2
17,4,90.26,88.08,2,2,1,2.5,12,82.96
17,1,67.22,46.43,0,3,2,5.31,89,53.67
1,1,59.17,47.69,0,3,2,4.48,11,24.99
16,0,86.93,92.13,3,0,1,1.97,20,78.54
17,5,16.67,28.88,2,3,1,7.23,62,20.53
4,0,75.51,58.55,1,0,0,3.39,102,33.65
20,2,70.68,57.07,0,1,2,1.51,97,29.65
12,2,65.59,58.16,0,0,2,6.91,121,29.91
11,4,62.43,36.24,1,1,0,4.96,35,14.1
17,4,16.19,12.97,2,1,0,5.9,37,16.25
12,5,78.26,56.7,0,3,1,2.42,85,53.29
13,2,62.16,70.72,3,1,2,3.93,132,65.46
7,2,74.43,78.24,1,1,2,5.37,111,51.54
22,2,83.85,59.13,0,1,0,3.01,104,33.89
23,0,53.82,48.48,0,1,2,5.71,23,25.76
3,5,91.12,84.11,3,2,2,2.9,133,74.85
17,3,14.83,21.78,1,0,0,2.75,148,3.6
0,3,5.36,8.97,1,1,1,1.57,92,2.61
8,6,34.69,32.08,0,2,3,3.19,57,30.33
23,1,24.49,25.04,3,3,1,2.98,103,25.98
4,6,54.82,40.74,3,0,0,6.09,100,31.27
9,4,30.23,44.19,0,1,3,4.92,141,24.76
5,1,66.93,45.21,2,2,0,2.57,25,28.94
17,4,90.08,81.41,1,3,0,4.91,82,70.13
11,5,74.23,44.26,0,3,0,2.85,110,27.54
14,2,42.82,53.75,3,3,3,4.05,59,56.99
22,2,93.7,77.15,0,2,2,6.83,128,44.98
12,5,74.41,61.9,3,0,0,5.82,19,43.32
17,1,77.98,59.66,0,3,0,5.41,24,40.92
2,0,23.43,7.61,1,2,3,3.19,121,11.63
5,4,66.82,45.99,0,3,0,2.25,27,19.15
22,6,11.36,17.35,0,3,3,6.02,69,11.67
20,3,26.18,21.23,1,3,1,4.91,49,14.33
15,0,6.48,32.49,3,1,0,5.24,107,16.12
9,3,68.47,57.78,1,2,1,7.35,11,47.53
4,1,6.89,7.35,2,2,1,3.59,60,5.24
20,5,45.43,38.97,3,3,0,6.3,149,26.57
18,4,63.4,69.37,1,0,1,4.85,62,60.54
5,2,32.45,48.4,3,2,2,2.91,94,44.84
14,4,38.06,45.74,1,2,1,1.82,149,30.49
14,4,83.13,77.13,0,0,2,5.2,95,41.12
11,4,86.13,74.83,1,1,3,3.29,116,62.3
22,2,82.28,70.95,0,3,0,5.67,145,41.85
2,3,72.49,65.83,3,0,2,5.7,97,46.32
6,0,29.98,10.79,0,2,0,4.23,127,1.68
2,2,11.72,12.45,3,2,0,4.72,81,5.32
16,2,48.98,48.55,0,3,1,5.26,124,32.54
15,3,88.2,62.99,0,1,1,4.31,100,33.59
23,6,25.1,39.1,2,1,3,6.76,57,31.66
13,6,23.86,22.93,0,0,1,1.96,88,11.11
3,3,75.17,61.0,0,1,3,7.38,57,44.23
10,4,58.28,78.55,3,3,3,1.7,65,83.79
2,0,41.39,24.54,0,3,1,2.75,51,11.33
16,3,82.64,71.41,2,1,0,5.75,79,63.7
16,4,57.43,50.06,0,2,3,2.01,58,56.65
20,4,87.82,66.62,0,3,1,3.07,98,49.22
8,6,38.13,40.7,2,1,1,2.42,62,39.51
7,3,44.97,49.55,1,1,2,5.84,79,40.34
1,6,11.69,0.0,0,3,1,4.97,29,0.0
9,6,38.09,37.8,2,3,2,1.89,64,46.96
11,4,21.17,45.82,3,2,3,4.26,60,46.0
18,0,7.95,11.28,2,0,0,2.75,145,18.1
18,2,28.02,38.84,1,0,2,7.31,72,35.15
3,5,49.16,38.58,3,0,1,2.15,13,40.32
6,4,27.26,26.37,1,2,2,5.09,53,25.96
12,6,14.82,31.27,2,0,3,4.39,112,16.31
8,5,45.64,49.06,1,0,2,4.97,33,35.31
0,0,18.31,23.0,2,2,1,7.24,32,0.0
20,6,12.74,21.46,2,1,3,3.55,62,33.15
17,2,91.42,79.63,1,2,2,5.99,60,65.64
12,5,47.84,45.3,1,0,0,4.18,77,20.1
7,3,77.21,64.02,1,0,0,5.46,14,39.74
20,3,20.37,26.23,1,0,1,3.69,111,22.47
0,0,46.54,30.03,0,2,2,2.86,40,23.21
10,0,13.09,26.61,1,3,1,2.0,110,27.43
19,4,42.06,19.86,0,3,0,2.11,89,24.48
22,3,79.38,82.21,1,0,3,7.26,38,57.15
6,3,85.35,63.26,1,2,0,6.23,76,37.86
15,1,51.71,28.49,0,3,0,2.97,15,28.6
4,3,30.78,15.72,1,0,1,4.67,108,12.3
2,0,71.01,51.28,2,2,0,5.79,52,31.97
8,1,62.5,72.23,3,1,2,3.62,64,64.56
21,3,47.34,49.08,2,0,1,4.14,32,39.13
16,4,47.78,55.05,2,3,3,5.81,61,54.81
11,4,49.39,51.66,2,3,0,2.86,65,48.78
6,6,35.53,38.91,3,2,1,4.66,41,43.74
3,5,51.71,46.21,3,0,2,2.76,148,42.93
6,2,10.16,13.73,0,1,2,1.52,49,7.65
3,5,56.32,44.19,1,2,1,5.64,35,19.51
4,0,49.66,54.52,3,3,3,5.74,87,47.89
16,6,42.85,59.06,3,3,3,7.47,54,52.91
3,2,34.16,32.33,2,2,2,2.59,74,29.65
1,5,60.96,55.43,1,3,2,5.94,112,33.41
13,6,48.65,48.41,0,2,2,7.19,21,27.93
6,4,14.08,21.7,1,1,1,5.37,81,17.82
10,6,38.7,49.9,2,0,2,7.28,13,37.47
3,0,11.89,38.75,2,3,3,7.47,16,24.46
5,1,39.13,33.41,2,2,0,6.31,23,8.43
10,4,52.95,44.39,0,3,0,7.5,32,26.19
16,3,40.19,53.52,3,2,1,5.25,59,48.57
9,0,35.75,41.24,0,1,2,4.48,141,28.5
13,5,30.3,3.5,1,2,0,7.01,137,0.0
12,0,39.36,53.53,2,2,2,6.49,24,37.02
6,6,11.24,2.19,1,3,0,2.16,149,5.93
6,1,94.45,62.98,0,1,0,3.32,99,39.15
10,3,54.98,48.78,2,1,1,3.06,88,57.17
0,5,62.26,29.67,0,1,0,6.63,121,0.0
16,3,21.48,43.09,3,0,2,2.9,78,56.8
14,5,88.11,90.66,3,1,2,3.32,47,71.5
7,4,56.4,67.63,1,1,2,4.61,84,51.9
8,6,42.29,60.04,1,0,2,1.96,112,49.39
7,3,69.19,78.53,3,3,2,7.27,106,73.51
15,6,32.39,27.79,0,2,2,4.45,33,24.5
18,3,89.12,89.62,1,0,2,2.64,142,78.66
2,6,20.24,0.0,0,0,0,3.12,50,0.0
9,5,79.98,61.82,0,2,2,6.29,125,54.37
0,0,91.99,70.67,3,0,0,5.3,53,51.64
10,4,49.26,40.23,0,0,0,4.29,18,6.78
5,6,83.9,62.94,3,1,3,3.49,150,58.26
8,0,11.44,35.71,3,3,0,6.9,93,25.09
10,5,60.85,58.49,2,0,0,6.14,40,36.43
7,0,37.06,51.27,2,2,1,5.81,10,46.1
9,6,37.79,31.21,0,2,3,4.18,28,35.01
18,5,45.53,45.13,0,1,3,7.39,33,30.05
19,1,58.71,57.26,1,2,2,5.76,140,57.16
0,5,60.44,47.1,3,2,0,4.04,34,26.49
9,0,30.04,39.4,1,0,2,7.26,32,20.33
20,3,39.56,46.57,0,3,3,6.87,128,23.09
12,6,27.46,37.46,3,0,1,5.94,133,26.58
4,1,61.93,45.4,2,1,1,6.1,39,32.38
14,1,14.18,47.53,2,0,3,4.04,101,32.7
3,2,43.12,26.19,1,2,0,4.54,85,7.49
0,2,93.06,79.66,3,2,3,2.65,91,74.99
15,0,93.99,68.48,2,0,1,5.07,53,47.25
12,3,51.62,50.8,1,1,2,3.72,115,43.7
18,1,27.27,35.47,0,3,1,3.58,134,37.1
8,0,57.51,61.43,3,2,2,7.19,112,55.11
20,1,48.96,51.63,0,1,3,2.49,137,42.38
10,0,8.82,20.94,1,2,1,6.48,25,16.35
17,6,94.02,75.28,3,2,0,3.19,102,76.64
2,6,34.45,24.18,1,1,0,1.67,150,20.06
2,2,40.94,46.62,3,0,3,1.74,85,46.16
18,6,51.22,51.0,1,0,3,4.08,142,46.63
20,3,84.23,85.35,2,3,2,4.23,59,74.85
22,6,76.92,69.95,2,1,0,3.42,136,47.48
7,1,23.5,30.89,1,3,3,5.51,142,28.5
0,1,69.48,63.08,3,1,1,4.41,97,36.25
23,5,83.71,64.69,1,2,0,1.94,109,41.11
14,1,69.28,58.41,1,1,1,3.59,83,44.22
5,5,17.53,21.01,2,2,3,2.11,54,24.26
18,2,53.5,71.48,3,3,3,1.88,85,74.0
21,2,80.47,87.51,3,3,2,2.75,145,72.87
6,3,22.61,32.14,1,0,2,5.7,12,32.11
18,5,53.47,42.0,0,2,3,5.68,38,32.98
18,0,65.26,51.98,1,1,2,6.67,80,43.54
12,5,62.18,38.77,1,0,1,6.04,57,20.04
15,5,14.59,4.0,1,3,0,4.71,97,10.75
6,5,29.97,19.29,1,3,0,3.38,60,3.99
22,6,54.69,34.21,0,3,0,1.53,102,17.58
23,5,23.79,36.67,2,3,3,5.38,24,36.09
23,3,35.03,39.99,3,1,0,3.24,56,35.1
17,3,42.36,42.16,1,2,0,3.0,107,41.67
1,2,6.23,16.49,0,2,3,7.35,76,8.17
8,5,50.94,36.94,1,2,1,2.55,110,31.42
10,2,94.53,80.4,1,0,0,1.69,99,62.97
23,4,41.74,54.36,2,3,3,7.2,56,44.42
13,0,29.69,29.54,1,3,3,3.34,70,32.16
12,2,27.77,36.73,1,3,2,3.86,146,35.54
3,1,51.37,41.59,2,2,0,1.99,145,30.58
19,3,46.04,47.85,0,1,2,3.92,15,51.02
8,3,82.58,74.53,3,1,3,7.33,109,73.57
2,5,62.53,58.77,1,2,3,5.66,79,44.47
23,3,40.88,54.02,3,1,2,4.34,10,33.78
4,1,39.72,35.42,0,3,3,3.34,99,28.0
0,3,54.25,24.32,1,1,3,3.7,13,32.6
1,0,27.8,13.3,1,1,0,5.17,54,3.19
10,5,43.06,36.96,1,2,2,3.03,107,47.15
2,5,30.65,29.12,0,1,2,2.41,124,16.88
20,1,51.39,41.27,0,0,3,5.68,68,22.48
12,1,54.19,72.37,3,2,2,6.72,124,57.51
7,0,81.21,93.14,3,2,2,6.91,128,80.22
0,2,27.61,26.43,1,1,2,6.55,73,8.36
11,0,86.43,74.17,0,0,1,4.68,34,42.22
3,6,53.17,30.67,1,1,1,6.23,102,16.39
23,0,70.42,72.34,3,3,3,7.06,11,66.61
6,4,60.05,76.69,3,3,3,1.64,135,81.42
11,3,79.61,73.74,3,0,2,3.97,64,66.39
0,1,64.68,48.29,3,1,1,2.72,117,29.98
3,5,6.0,2.07,2,3,0,7.48,113,0.0
4,0,40.12,28.71,2,1,1,7.08,76,12.76
1,6,89.45,86.46,3,1,1,6.31,147,56.87
17,5,45.63,65.28,2,2,3,3.28,122,64.53
22,4,79.55,66.25,1,1,2,7.21,134,38.1
23,6,83.21,64.9,2,3,1,1.68,23,60.66
6,2,34.93,44.52,1,1,3,2.63,78,44.06
18,1,82.2,88.49,2,1,1,5.2,144,69.54
12,1,38.97,47.09,1,2,3,6.26,124,41.08
1,6,7.28,1.59,1,2,2,6.8,74,0.0
2,2,67.5,34.54,0,1,1,3.3,19,21.71
13,5,78.83,79.11,3,1,3,3.84,49,58.16
10,2,45.64,58.08,2,1,2,4.23,90,59.26
0,6,20.61,13.54,0,0,3,1.66,100,10.86
22,6,60.38,53.52,1,0,0,6.68,140,20.0
17,2,71.44,71.13,1,3,1,3.53,23,60.7
12,3,63.93,66.69,3,1,1,2.7,65,61.03
23,5,37.02,51.21,3,1,2,3.96,48,51.35
23,1,38.15,44.74,3,3,3,5.76,145,45.52
23,0,54.42,40.69,1,3,0,6.73,33,26.43
6,2,22.41,8.85,0,0,0,2.79,41,4.09
21,4,81.16,79.12,2,1,2,2.54,51,54.34
12,0,14.21,7.06,0,3,1,7.16,24,0.0
17,2,48.79,60.7,2,1,2,4.81,100,57.25
20,6,82.35,61.14,1,3,0,3.69,83,48.83
3,0,52.65,47.11,1,2,2,2.7,88,44.41
10,0,73.49,49.53,0,2,0,7.47,137,20.0
3,2,26.56,41.29,3,2,3,5.82,71,43.37
6,0,45.1,34.98,2,0,0,2.81,53,34.76
9,0,69.18,53.06,1,3,0,2.05,62,51.11
20,1,84.95,70.17,2,2,0,2.7,122,41.9
20,0,62.87,68.63,3,0,0,2.99,84,47.88
9,5,26.85,30.44,2,3,1,2.17,33,38.01
7,0,18.17,28.64,3,1,2,2.88,107,40.28
12,3,80.74,68.51,1,1,3,2.2,115,48.62
21,4,54.86,53.81,1,2,3,3.77,45,47.73
23,4,21.55,43.6,3,1,0,4.42,88,23.76
5,4,48.71,43.79,2,0,1,4.23,89,31.61
4,2,16.37,20.51,2,1,3,6.48,34,21.65
16,6,14.47,24.43,2,2,0,3.02,11,29.31
7,0,87.8,100.0,3,1,2,6.82,111,76.7
4,0,54.02,43.21,2,2,1,6.95,96,26.0
0,5,27.4,23.13,3,0,0,7.26,110,4.29
9,0,84.31,62.87,0,1,0,2.59,63,52.01
9,1,94.9,92.2,2,0,1,2.97,82,71.27
13,1,84.58,62.22,1,0,0,5.24,148,31.31
4,0,72.28,50.15,0,2,0,2.35,41,34.26
17,0,91.59,93.38,1,0,2,2.01,102,82.24
16,4,22.76,54.69,3,1,3,1.94,28,67.53
11,4,83.99,81.91,3,3,2,5.14,19,82.41
4,0,37.29,22.06,1,0,2,6.33,144,22.34
12,6,7.9,2.12,0,0,0,3.05,28,0.0
16,0,7.91,17.02,1,3,1,7.1,102,9.81
8,4,21.91,28.32,1,1,2,6.25,82,29.62
6,5,75.15,55.44,1,1,0,1.96,124,37.82
12,3,85.7,88.06,3,2,2,3.94,87,71.98
8,3,16.52,17.53,1,0,0,1.91,108,11.81
9,0,81.08,57.76,0,1,1,6.99,136,38.75
8,1,72.99,58.84,0,0,2,5.96,126,46.64
7,5,9.7,43.82,2,3,3,5.62,111,47.77
17,2,70.83,61.84,0,1,0,5.6,32,43.19
11,0,8.45,7.38,0,2,2,3.21,33,13.6
11,5,28.63,50.64,3,2,2,7.1,80,35.5
15,4,52.78,36.32,0,1,0,7.04,102,12.16
8,0,86.83,100.0,2,0,2,5.94,104,64.83
2,0,14.48,4.26,0,1,0,4.31,120,0.0
20,0,36.35,53.13,3,3,2,1.78,24,59.75
1,0,56.92,48.85,2,2,0,1.67,34,48.57
13,4,71.62,76.97,3,3,0,2.33,31,63.66
6,0,87.38,69.84,2,2,0,5.07,86,57.28
5,4,47.2,44.78,1,1,1,6.29,99,16.5
1,1,80.68,60.72,3,1,0,7.19,26,49.77
21,6,60.53,58.05,3,3,1,2.55,132,61.09
10,5,23.36,31.89,0,0,3,3.15,52,35.83
8,2,57.16,74.6,2,2,3,1.82,103,73.76
17,3,33.24,50.62,2,3,3,7.43,115,47.35
0,0,68.33,61.75,1,3,1,6.19,15,34.43
13,0,30.61,36.32,1,1,0,4.38,131,10.55
11,3,28.66,39.91,3,1,1,4.95,146,34.62
13,0,90.08,58.1,0,2,0,4.87,145,32.29
2,4,86.78,76.49,3,2,0,3.03,29,60.49
22,2,45.66,32.2,2,2,1,2.61,65,36.68
5,0,73.89,58.39,0,0,2,3.28,42,30.81
16,3,93.39,85.47,1,2,3,2.98,73,87.36
17,3,12.98,48.14,3,0,2,4.85,147,44.43
8,5,59.55,50.18,2,3,1,3.35,117,53.65
3,1,27.81,15.39,0,3,2,5.87,118,0.0
7,3,77.0,75.51,0,2,3,4.91,69,56.81
19,5,14.13,42.38,3,1,2,4.69,142,38.33
21,1,75.99,62.33,0,2,3,7.21,139,43.78
22,5,23.05,34.27,2,1,3,3.43,123,32.96
5,5,46.04,52.82,3,2,2,5.31,124,46.68
14,3,78.24,75.38,0,0,3,1.5,101,65.04
3,6,11.07,0.0,0,1,1,5.92,23,0.0
17,6,88.54,83.5,3,3,1,4.52,50,93.41
9,1,24.56,28.1,3,0,0,2.75,118,30.94
17,6,50.07,52.82,2,1,0,1.51,56,54.73
16,0,71.11,71.89,0,1,2,5.74,34,51.36
23,0,16.11,24.66,0,0,3,5.48,143,17.18
11,0,59.79,51.57,3,1,0,5.49,78,45.08
8,2,51.4,77.51,3,2,2,4.12,131,59.01
12,6,57.73,39.84,3,0,0,5.34,50,40.99
3,4,64.62,71.68,3,0,3,4.93,60,53.43
2,4,42.86,37.37,1,3,2,2.93,58,29.56
12,0,31.89,35.24,1,1,1,4.61,62,18.81
19,3,21.55,26.01,1,1,1,4.59,71,21.1
12,2,89.52,85.38,2,2,3,6.44,51,66.89
18,3,41.12,42.66,0,2,1,4.1,124,24.59
4,1,30.4,13.29,0,3,0,4.12,55,5.2
10,1,9.73,22.45,3,0,2,7.41,72,27.26
14,6,72.61,75.27,1,3,2,6.87,131,46.09
8,3,52.5,55.35,0,2,2,2.95,71,52.65
0,2,22.19,22.22,2,0,1,6.96,11,19.45
1,0,85.4,63.18,1,3,1,2.33,10,40.44
22,5,89.04,73.9,0,1,0,6.62,71,43.42
14,3,84.26,72.47,1,1,3,2.6,101,63.43
6,2,55.49,38.17,1,3,0,4.05,142,18.23
6,4,38.6,47.74,2,2,1,7.4,28,33.42
0,0,19.57,24.33,3,1,0,2.08,86,19.29
22,3,38.95,35.98,3,1,0,6.54,50,31.59
2,6,60.1,55.89,3,2,0,4.47,73,37.01
18,3,25.39,36.35,1,0,1,2.17,72,35.67
5,0,46.76,41.38,2,1,3,7.21,54,29.81
8,1,56.58,49.17,0,2,0,4.8,12,26.13
6,0,70.83,75.38,2,3,3,6.78,20,67.49
19,3,13.22,33.9,2,3,2,6.71,83,31.29
0,2,83.03,81.47,3,1,3,1.59,41,78.21
8,0,46.05,50.54,0,0,2,3.09,56,49.03
6,4,57.37,74.71,3,3,3,3.52,22,71.32
6,1,89.63,83.28,2,2,2,4.71,16,73.03
4,2,20.12,16.59,0,1,3,1.93,27,16.99
21,6,84.6,75.59,3,3,0,3.83,63,57.02
9,0,77.4,86.06,1,2,3,6.39,33,59.69
10,1,94.46,82.42,1,1,0,2.54,42,62.97
9,2,40.37,31.78,0,0,0,5.71,52,14.29
23,3,16.42,20.21,0,0,2,4.26,51,6.39
8,1,6.28,25.18,0,2,1,1.92,11,9.81
8,6,76.33,68.21,1,0,0,2.56,26,38.9
7,0,17.29,35.51,1,1,3,2.35,143,49.36
7,6,32.54,47.41,1,2,2,5.22,104,35.54
2,3,93.86,69.78,2,0,1,2.02,27,47.16
14,0,44.79,53.55,3,3,1,6.44,50,39.76
0,0,25.81,46.71,3,1,2,6.34,64,32.07
5,0,72.79,57.98,1,3,1,1.98,137,45.01
4,2,29.44,47.54,3,0,2,6.83,134,27.46
6,2,52.79,47.42,2,1,0,7.25,118,37.79
18,4,19.16,26.46,1,3,1,1.76,25,46.93
14,2,46.47,41.58,0,2,0,7.2,79,15.64
23,5,14.78,4.84,1,3,1,3.18,78,6.29
8,2,74.58,63.96,0,2,1,5.49,99,46.26
22,1,37.86,42.48,0,2,2,2.55,129,22.74
1,1,33.69,47.2,3,1,3,6.4,55,45.11
12,2,94.44,61.28,0,1,2,6.55,88,43.38
19,5,79.67,74.94,2,0,3,7.37,47,56.67
12,1,54.85,42.69,0,1,1,7.46,39,16.16
22,1,89.98,82.11,2,0,1,1.96,54,68.96
7,6,24.03,46.9,3,1,2,5.45,113,31.92
0,4,56.61,37.72,1,2,0,3.14,71,17.32
18,1,88.62,79.91,0,0,1,2.25,106,57.05
1,6,56.27,45.58,0,1,3,2.39,107,37.5
18,1,32.72,48.66,3,2,1,7.12,61,54.06
17,1,78.05,78.96,0,0,3,5.6,144,60.97
20,3,17.49,21.06,1,3,2,1.8,16,9.55
11,4,18.68,32.91,3,3,0,7.41,136,12.71
21,1,70.8,59.05,2,0,1,6.35,11,63.81
4,5,11.24,20.5,3,0,1,3.36,63,15.67
10,1,9.56,42.12,3,0,3,4.33,126,29.57
2,5,39.12,30.07,2,1,1,5.86,106,28.82
18,0,40.81,59.83,3,0,1,5.56,55,42.89
17,3,47.27,59.83,0,0,2,4.28,134,45.18
19,4,71.67,63.46,0,1,3,4.57,29,50.48
18,1,56.2,67.14,1,2,2,1.76,104,74.87
7,4,69.22,89.44,3,0,3,4.5,83,71.01
1,4,9.49,7.38,2,2,0,3.54,39,1.01
22,4,33.41,46.66,1,1,3,3.21,139,45.04
11,2,91.98,64.44,0,0,0,3.12,117,35.11
2,5,43.5,57.11,3,0,3,5.39,11,47.28
22,5,25.02,19.84,3,3,2,4.08,22,37.55
23,2,94.29,86.0,0,0,2,4.05,17,59.53
10,5,42.02,30.47,1,0,0,2.46,68,17.68
18,6,48.09,58.25,2,2,2,7.27,68,42.61
0,5,25.14,2.4,0,2,0,2.84,112,0.0
2,5,64.07,64.61,2,3,2,3.94,105,50.6
6,5,23.65,32.43,3,0,1,2.64,12,36.32
15,5,59.89,52.33,3,0,0,5.72,77,35.97
3,2,73.17,71.52,3,2,1,4.12,120,57.52
0,5,63.72,56.0,3,0,0,3.98,136,23.97
16,1,13.13,19.12,1,1,0,6.75,51,12.21
18,2,12.18,13.83,1,1,0,6.06,16,9.99
17,6,80.81,64.3,1,3,1,4.62,31,58.13
19,1,86.41,100.0,3,3,2,4.31,57,94.98
19,5,17.21,38.32,2,3,2,7.26,72,26.98
14,2,38.79,34.14,1,2,0,7.24,59,13.7
12,1,63.87,63.43,2,1,1,5.73,22,53.68
20,0,80.19,52.1,0,2,2,6.06,57,40.39
8,3,86.81,70.23,1,0,0,6.89,50,44.45
2,3,67.88,38.79,0,2,0,7.29,78,3.61
18,3,18.27,42.03,3,1,0,1.99,21,46.71
6,0,74.15,43.11,0,3,0,7.48,121,11.84
23,1,82.31,81.64,3,0,0,5.72,68,54.37
9,0,36.62,51.93,0,0,2,5.06,54,31.3
20,2,49.47,35.59,0,3,3,3.98,137,36.01
1,6,19.97,26.5,2,0,3,3.52,114,18.54
15,1,32.41,34.83,0,2,2,6.33,29,18.46
10,4,83.28,75.07,0,1,1,5.43,30,45.53
11,0,13.0,11.21,1,1,3,2.7,10,22.01
6,3,73.62,77.37,2,1,3,5.16,89,64.64
23,6,13.79,10.4,0,2,1,2.35,60,3.78
9,2,31.34,25.58,0,0,0,4.48,62,11.16
20,1,57.42,64.82,1,2,1,5.0,81,41.89
10,3,5.3,21.31,2,3,1,5.31,86,29.34
1,1,65.78,50.51,0,1,2,2.37,10,40.85
21,6,33.46,26.25,1,2,0,2.07,25,11.28
4,5,72.37,51.8,0,3,2,3.05,121,38.77
6,4,92.77,79.66,1,3,1,5.14,144,63.1
20,4,42.48,45.84,1,2,1,7.09,128,27.96
21,4,7.7,10.1,2,3,0,6.17,137,0.0
22,5,81.4,65.68,0,3,2,5.97,75,44.39
10,3,29.71,42.71,3,2,0,3.48,126,48.27
18,6,18.38,18.69,0,0,3,2.17,134,21.76
7,2,84.13,81.9,3,3,2,6.85,135,90.2
17,0,25.93,53.9,2,1,3,4.51,31,40.82
12,4,59.48,52.59,1,2,2,2.1,30,49.77
1,4,27.86,47.34,1,2,3,4.71,66,36.12
10,6,69.12,74.51,3,1,0,5.55,81,55.49
11,2,63.39,63.8,3,3,0,3.42,145,52.15
6,2,50.83,69.17,2,2,3,1.56,54,58.72
8,3,54.95,57.97,0,2,2,5.23,127,38.36
12,2,25.45,42.61,3,3,2,1.74,135,50.99
1,5,6.97,0.0,1,1,1,4.1,146,0.0
3,2,77.06,56.14,0,3,1,6.45,36,35.15
18,5,85.04,99.0,3,0,2,7.49,44,74.88
8,2,75.01,58.86,0,2,1,3.72,41,50.58
14,1,68.71,41.69,1,0,0,1.62,113,37.5
13,6,47.47,28.7,0,0,1,4.46,106,34.89
13,3,57.55,62.75,1,0,1,3.16,67,49.86
9,4,67.25,80.98,3,3,3,6.86,22,69.13
11,4,7.36,19.52,0,1,1,5.77,83,14.59
19,2,43.13,42.19,0,1,1,3.93,113,14.89
23,6,25.22,35.68,3,1,2,6.07,76,27.87
6,2,37.8,42.16,0,2,0,3.55,47,21.46
16,6,72.43,62.55,0,3,2,4.63,93,48.47
23,3,37.7,35.4,2,2,0,7.04,103,21.17
0,0,71.52,63.72,1,0,3,2.7,93,48.43
18,0,92.46,90.54,3,2,1,3.38,133,89.24
11,6,88.1,70.88,0,0,1,6.81,54,32.81
23,3,79.5,74.36,2,0,1,4.27,95,53.05
13,2,81.77,81.27,3,0,1,3.41,130,74.32
20,5,40.45,40.81,2,2,2,1.72,39,48.49
3,4,70.84,39.37,0,3,2,4.01,49,30.26
3,4,65.03,45.0,0,0,3,4.5,16,35.39
22,4,93.46,74.08,0,3,3,3.94,62,73.13
12,1,56.74,61.9,3,1,1,3.16,16,46.39
13,0,43.68,33.74,0,1,2,3.71,115,18.16
4,5,80.35,41.6,0,0,1,5.35,22,16.18
5,0,72.46,53.15,1,0,3,6.85,107,37.05
19,5,16.24,24.4,1,2,0,5.4,91,19.64
7,0,58.67,64.05,0,1,3,5.38,149,43.24
14,1,58.31,47.43,1,0,1,6.4,59,22.63
7,4,61.85,69.73,3,2,2,2.49,58,64.71
6,4,89.73,76.91,0,1,2,3.31,44,50.4
3,5,59.18,52.77,3,1,1,1.8,85,39.76
22,4,83.3,90.28,2,3,3,3.6,40,65.68
22,0,37.25,34.72,1,1,1,7.49,25,14.68
2,5,10.16,9.5,2,1,2,3.48,143,2.3
8,1,38.77,57.52,1,2,3,6.66,105,44.81
13,0,52.94,35.94,0,3,0,2.01,26,36.89
9,6,80.0,67.08,0,2,3,4.26,97,46.71
17,1,61.87,69.79,0,1,3,3.61,52,65.38
6,3,44.8,56.4,2,1,1,2.71,35,54.66
1,3,46.57,38.81,0,0,3,3.74,76,31.67
8,5,94.7,64.15,0,0,0,5.41,121,39.35
14,0,17.72,23.5,0,3,0,4.44,10,16.31
4,0,23.5,23.55,0,2,3,6.57,60,15.14
19,2,61.28,79.66,3,1,3,6.93,139,76.99
0,3,68.13,38.22,0,3,0,4.39,65,19.65
1,5,40.55,45.1,2,3,2,7.39,23,21.57
12,4,7.89,2.92,1,2,0,1.93,70,12.53
12,1,51.98,41.0,0,1,3,3.16,106,51.73
7,6,17.99,46.22,1,2,3,4.0,150,35.96
6,3,10.04,5.19,0,3,1,5.0,98,0.68
1,6,36.03,27.66,1,2,0,4.78,17,9.13
15,6,17.21,35.04,3,1,0,4.91,124,10.96
9,0,44.51,56.52,2,2,2,6.88,119,41.27
2,3,73.55,65.79,3,3,3,3.17,101,66.88
9,2,9.23,34.06,2,1,2,6.4,136,27.38
22,3,49.99,64.74,3,0,1,4.85,118,46.67
6,2,49.73,46.2,0,2,2,4.44,42,33.18
21,3,5.16,10.49,0,2,3,3.3,69,13.91
6,3,71.44,70.58,1,3,3,3.32,81,57.15
4,1,13.08,1.72,2,0,0,3.83,78,0.96
6,2,88.88,72.18,3,3,0,6.08,100,57.85
7,1,62.54,52.22,0,3,1,4.36,108,34.74
2,5,30.9,16.68,0,2,1,2.42,24,9.68
14,4,88.28,78.14,3,0,2,6.06,90,60.3
8,2,41.04,58.3,2,0,3,5.48,15,57.91
17,2,28.42,44.12,1,1,2,7.2,82,32.42
11,0,39.61,39.01,0,0,3,4.68,69,30.84
10,2,60.04,47.12,2,2,1,5.43,38,47.26
11,6,70.12,72.22,3,3,2,4.38,149,60.76
3,0,64.56,59.19,0,1,2,5.58,46,33.75
17,1,87.91,77.5,0,2,1,4.12,17,64.83
2,5,91.06,78.67,3,3,2,2.33,60,70.08
17,3,22.74,43.76,3,3,2,7.42,116,44.51
23,0,87.13,74.77,0,2,2,5.82,11,49.24
18,3,14.6,32.97,2,0,1,5.15,79,17.49
10,5,91.12,92.56,3,0,1,4.39,68,73.68
7,2,28.34,29.73,0,3,3,5.77,132,21.41
20,2,28.92,29.67,0,3,2,2.26,10,25.0
6,4,42.94,27.69,0,3,0,3.46,12,12.9
11,4,21.36,40.98,3,1,2,2.25,89,38.64
18,6,79.49,71.62,3,0,2,2.26,35,70.58
22,1,16.23,20.93,0,2,3,1.63,109,27.13
22,1,44.54,47.86,0,2,3,6.04,49,35.83
2,1,86.64,77.31,2,0,2,2.86,89,59.55
21,4,62.19,59.56,3,1,0,6.49,15,49.92
2,3,59.64,38.82,3,1,1,6.93,107,47.45
14,2,94.52,72.54,0,1,0,2.51,83,49.15
22,4,7.03,21.15,1,3,0,5.75,10,13.05
15,2,33.78,30.45,0,1,3,4.26,47,28.19
22,1,16.25,8.72,0,3,0,7.01,18,0.0
8,3,21.61,36.21,2,0,0,4.41,16,17.83
7,3,24.44,37.43,1,3,1,3.77,108,15.62
7,2,61.42,70.9,2,2,1,3.27,70,47.78
8,3,29.49,46.33,1,2,2,6.92,123,29.2
16,6,64.78,54.91,2,1,1,2.86,46,61.72
10,1,71.43,75.07,2,0,3,6.47,111,64.98
17,1,41.17,41.03,0,0,0,2.67,96,24.58
9,3,53.27,54.75,0,1,3,5.36,103,47.3
7,0,16.89,36.72,1,1,3,4.21,126,37.51
4,1,72.74,51.46,0,0,2,2.13,109,26.8
13,3,42.72,27.71,0,0,0,2.26,115,16.43
21,3,80.12,68.99,1,2,2,3.19,114,61.03
20,4,52.36,42.85,1,2,2,6.1,73,45.9
6,0,67.71,56.69,1,0,2,5.87,112,38.69
11,5,37.27,28.37,0,3,1,2.73,128,27.94
16,3,38.46,38.35,0,3,1,4.36,114,28.08
14,1,44.29,54.86,3,3,1,2.08,95,66.23
1,2,62.24,52.82,2,0,2,5.8,20,34.67
14,1,50.59,57.15,1,1,1,6.26,71,35.95
0,3,77.38,60.33,0,0,1,6.86,18,28.31
2,3,9.93,12.63,1,0,3,6.81,24,15.45
15,3,86.05,82.34,3,3,1,3.53,60,79.24
2,3,88.34,87.1,3,3,2,3.03,75,67.1
8,6,26.97,44.93,3,0,3,6.88,84,40.82
14,6,14.07,14.9,0,1,3,2.38,136,27.11
15,3,56.47,62.75,1,0,2,1.86,117,48.42
10,6,10.78,19.6,0,3,1,3.39,69,19.41
2,5,25.67,31.0,3,2,0,6.06,57,8.25
19,5,50.68,55.7,0,1,3,5.67,110,40.35
22,1,60.24,59.59,2,3,2,7.42,48,42.61
21,3,22.49,19.8,1,0,2,3.66,134,23.14
17,2,88.95,94.0,2,1,3,3.16,120,90.41
9,0,21.32,47.97,3,2,1,3.77,106,52.45
21,0,18.83,27.26,1,1,0,6.19,45,1.53
11,4,19.61,29.61,0,2,2,2.79,97,24.68
3,2,88.66,83.34,2,0,3,7.19,125,56.57
20,5,84.09,84.02,2,2,0,4.58,20,40.39
7,4,7.97,11.88,0,2,3,6.2,34,19.61
22,0,70.4,60.3,0,0,2,6.46,82,43.01
8,5,11.61,22.8,2,1,2,4.37,60,36.56
20,3,11.78,41.35,2,1,3,5.95,110,31.52
12,3,11.84,8.66,0,2,1,3.69,66,9.57
11,6,79.67,80.42,2,1,2,6.37,150,57.11
7,4,43.47,38.15,1,1,0,6.44,52,19.49
20,0,55.13,50.64,0,0,2,4.9,60,26.29
1,1,7.77,6.84,2,3,0,2.81,10,7.44
11,2,86.08,71.88,2,2,0,7.32,44,45.37
8,0,93.38,78.57,0,2,1,7.18,43,52.64
13,1,26.17,39.28,2,1,1,5.22,117,23.1
6,5,64.09,55.38,0,2,3,7.4,57,36.57
15,0,66.09,75.83,2,0,3,4.52,38,55.76
9,1,91.97,100.0,3,1,3,3.75,54,100.0
4,3,48.54,47.03,3,1,2,4.26,89,30.4
4,0,26.41,29.21,1,1,0,1.78,120,11.94
16,1,37.43,52.16,1,2,2,4.79,148,42.06
6,6,62.57,44.03,0,1,1,5.5,16,23.07
7,4,47.52,66.52,3,2,2,2.16,128,61.85
15,6,12.15,27.01,1,2,2,3.03,64,12.31
7,2,77.66,92.05,3,3,3,5.83,123,84.56
9,4,82.78,85.02,3,0,1,6.26,15,67.37
5,1,48.05,19.44,1,3,3,7.42,98,21.75
8,2,52.11,53.75,2,0,2,3.02,141,41.99
16,1,49.24,60.2,1,2,2,6.55,15,59.13
12,5,52.68,51.02,2,1,3,2.53,121,48.97
23,1,14.24,25.85,0,3,3,2.29,26,9.69
18,1,44.03,63.89,3,0,1,5.88,148,51.46
0,3,45.31,23.83,0,1,0,4.18,114,1.05
9,3,94.79,70.9,2,0,0,6.26,138,45.06
6,2,9.38,20.6,3,3,1,3.2,136,33.76
14,2,33.09,51.62,3,2,2,2.78,54,56.9
6,2,49.64,71.54,3,0,3,4.79,68,62.78
23,6,81.25,51.93,2,3,0,2.19,107,45.97
7,4,46.51,58.05,3,1,1,3.17,34,59.79
12,6,31.19,37.18,3,0,3,2.5,53,35.0
2,6,53.17,45.92,1,1,3,3.42,23,37.57
21,4,31.73,43.75,2,3,3,6.09,135,46.83
21,5,54.35,70.65,1,3,3,2.22,44,64.43
19,0,67.09,56.53,1,0,0,5.17,67,33.82
8,6,52.77,71.34,3,3,2,5.01,73,64.86
1,3,59.87,50.17,0,3,2,4.73,63,24.62
17,4,8.48,15.74,0,1,1,4.41,119,11.83
10,1,64.29,64.12,0,2,3,5.48,138,46.2
23,0,92.27,78.44,0,1,3,6.61,90,48.65
16,6,49.25,49.25,2,1,1,2.47,127,48.55
12,3,77.24,72.8,3,2,2,6.38,25,58.83
23,0,54.4,55.3,3,2,1,1.87,146,47.71
19,4,68.36,71.25,3,1,2,4.39,26,73.95
11,0,32.89,47.18,3,1,3,4.57,19,40.96
0,3,92.02,73.88,1,1,3,2.69,13,60.02
2,4,24.36,25.67,3,1,0,2.04,44,13.58
10,5,19.32,37.02,1,0,3,1.95,128,28.37
13,3,9.1,23.18,2,1,2,1.72,52,36.27
0,2,53.71,33.29,0,2,2,4.94,121,16.94
3,5,60.7,51.68,3,3,0,2.43,69,36.29
16,1,63.46,77.23,3,3,1,6.35,24,72.07
18,0,20.5,32.36,2,3,1,6.89,76,39.94
0,1,63.63,30.93,0,3,0,3.25,42,19.44
12,5,19.86,26.18,1,2,3,2.49,51,35.43
1,3,72.95,53.25,2,2,0,3.96,82,33.07
17,0,29.77,49.45,1,3,2,6.79,121,38.48
20,1,42.98,53.81,2,0,2,3.9,92,42.65
20,0,38.05,40.37,1,0,2,2.15,41,37.4
14,5,38.1,65.73,3,1,3,7.41,111,53.08
15,3,69.88,50.07,0,2,0,4.5,108,18.69
22,0,94.8,83.15,1,3,0,3.55,43,52.5
14,1,52.46,58.32,0,1,3,6.86,130,31.81
10,4,41.09,52.64,2,3,0,7.06,128,29.01
18,4,31.43,40.88,1,1,1,4.48,95,34.05
14,5,61.2,55.88,1,1,2,3.34,51,44.23
20,0,45.61,40.87,0,3,2,4.4,59,31.35
12,0,74.56,74.63,3,0,0,2.82,71,54.6
20,0,59.6,37.39,0,3,0,4.37,36,31.48
1,2,42.07,47.45,3,0,3,2.88,53,48.75
0,5,90.77,90.02,3,3,2,5.23,28,67.58
2,4,6.01,27.69,3,1,3,6.06,31,26.31
13,1,67.05,67.96,1,2,2,7.32,114,47.98
17,4,41.97,46.67,2,2,2,6.56,28,47.91
5,4,15.95,19.46,3,1,1,2.02,76,17.31
3,1,13.34,3.94,0,2,0,2.77,70,4.46
20,5,63.44,51.39,0,3,2,4.69,16,39.73
18,2,18.3,19.6,0,3,2,3.05,127,18.64
15,0,82.05,83.39,3,0,1,1.59,148,57.3
11,2,32.98,43.29,0,1,3,6.03,100,30.63
10,5,35.95,49.88,3,3,2,3.65,104,60.84
0,4,64.41,66.95,3,2,2,1.9,42,63.91
4,1,24.81,47.07,3,0,2,4.55,129,36.42
21,5,5.63,22.73,2,0,0,7.36,120,3.48
8,2,45.12,57.81,2,3,3,5.57,71,57.66
16,3,52.51,47.08,2,1,0,2.45,109,34.65
16,0,45.13,51.11,2,2,0,4.59,144,36.45
7,6,46.22,79.71,3,3,3,6.91,95,70.8
4,5,64.92,51.11,1,0,0,1.83,38,31.44
16,1,81.11,88.36,3,1,2,5.33,56,77.97
2,3,37.9,35.22,1,0,0,5.83,36,5.99
11,5,76.11,68.98,0,3,2,5.72,56,45.04
21,3,10.64,9.37,3,1,0,2.4,135,13.67
17,1,48.22,63.15,2,3,1,6.94,36,49.97
18,6,38.85,41.81,0,1,2,3.43,135,33.37
1,1,46.93,23.73,0,0,1,1.81,50,9.87
4,2,13.23,2.17,0,3,0,2.0,80,0.85
6,2,17.49,25.5,2,2,0,4.25,84,16.29
7,6,31.41,35.06,3,0,0,1.74,27,40.37
4,3,29.62,17.49,1,2,0,6.18,35,2.57
23,5,39.66,28.24,0,1,1,6.69,53,17.69
3,6,46.15,43.8,3,0,0,1.58,18,35.84
16,6,24.91,38.82,2,1,2,6.36,116,35.59
14,5,60.73,51.83,2,3,3,7.39,87,47.03
14,6,38.82,30.82,0,0,2,1.68,129,34.46
5,6,10.41,4.87,2,1,1,5.85,131,0.0
7,6,26.93,22.33,1,1,1,7.49,59,14.1
14,4,55.41,60.16,0,2,3,6.28,125,39.7
7,0,59.62,70.55,1,3,3,4.53,18,52.63
16,0,76.97,63.65,0,3,2,6.81,70,51.26
0,5,27.09,5.62,1,2,0,5.75,103,0.0
1,2,55.6,58.31,3,0,3,3.25,75,56.84
17,5,47.85,53.19,3,3,2,2.85,114,69.79
14,6,81.37,64.89,2,0,0,4.58,131,45.33
1,4,70.7,62.4,3,1,1,3.74,69,52.53
21,5,16.88,35.28,3,3,2,3.48,48,43.18
0,1,91.29,72.11,0,0,3,2.57,92,54.52
22,3,36.97,38.15,1,0,3,6.57,132,25.59
17,6,90.91,75.95,1,0,0,5.73,149,46.71
23,5,30.67,47.05,2,1,2,3.49,124,21.24
22,1,47.2,46.31,3,1,3,2.93,44,65.33
7,6,54.54,71.55,3,1,3,2.27,38,71.96
18,3,10.72,14.47,0,0,2,2.18,90,13.74
5,5,69.41,71.8,2,0,3,5.25,66,47.72
11,3,14.42,24.1,0,0,2,2.15,96,26.85
5,4,19.77,24.73,1,0,2,7.26,140,5.4
11,1,31.12,29.43,1,2,2,3.17,87,30.41
20,2,91.47,89.7,2,0,3,1.65,60,92.1
10,5,92.58,91.28,3,0,1,6.63,132,71.76
2,5,49.04,35.71,3,2,3,3.71,71,40.11
7,0,53.0,49.18,1,2,0,3.56,95,27.44
18,0,24.07,42.62,2,3,1,2.21,29,50.68
12,4,42.62,32.79,0,2,3,5.46,81,23.47
13,3,93.6,71.6,0,3,0,3.65,70,50.28
10,5,76.17,85.54,3,2,3,6.44,27,76.31
7,0,67.77,86.46,3,2,2,5.28,39,77.76
14,2,30.06,33.75,3,1,0,6.78,109,26.82
15,0,73.68,59.29,1,0,0,5.24,35,24.57
21,4,91.99,78.62,2,2,0,6.18,28,54.66
14,6,93.92,49.97,0,3,1,5.68,18,36.03
23,1,58.98,53.98,2,1,1,4.28,13,45.73
19,2,19.47,38.62,1,1,3,5.63,71,40.06
1,5,91.77,66.58,3,0,3,5.48,78,58.47
9,0,53.72,53.4,1,2,0,1.54,98,40.06
9,6,8.45,27.69,2,1,2,5.69,90,18.03
0,6,12.33,21.44,2,0,3,3.07,85,10.44
4,1,56.95,61.05,3,0,2,4.75,150,45.76
18,0,80.18,61.85,0,1,0,2.17,45,51.68
8,4,89.74,74.91,1,1,0,1.64,110,57.19
3,0,90.0,75.86,1,1,2,1.59,21,64.52
6,3,57.08,53.48,0,2,3,2.45,129,44.29
6,0,93.33,69.29,3,2,0,1.62,61,64.46
4,3,18.46,20.65,3,3,0,2.29,58,12.8
2,2,13.52,2.18,0,1,0,4.86,29,0.0
18,4,7.73,32.87,2,0,1,3.9,81,35.0
19,6,74.67,83.36,3,2,3,7.38,66,82.69
11,3,87.49,73.15,1,0,3,6.35,147,52.56
14,4,80.59,65.2,2,3,1,2.38,35,65.51
22,4,89.57,92.59,2,0,2,4.0,68,78.47
20,6,54.33,39.14,0,3,0,4.09,136,12.41
0,1,73.67,77.79,3,3,2,3.67,123,65.37
22,1,35.3,59.17,3,2,2,4.47,117,50.86
1,2,73.99,57.07,1,1,3,5.52,84,49.19
0,5,72.77,53.66,1,1,3,5.35,133,32.17
9,6,44.2,48.93,3,1,0,3.64,41,45.08
17,1,8.94,36.74,3,1,1,5.73,124,31.73
1,0,28.96,3.04,0,0,0,3.24,91,0.0
7,4,84.67,74.14,1,0,0,6.51,59,54.15
6,4,57.85,54.48,2,3,0,7.29,40,43.52
9,2,41.46,38.97,0,0,3,3.27,83,45.52
23,1,90.27,76.36,3,1,1,6.21,10,55.98
7,5,37.98,41.46,0,3,2,6.38,110,24.52
5,5,34.53,52.37,3,0,2,4.44,43,42.63
2,5,74.34,53.46,0,3,3,2.03,64,47.62
4,4,36.98,43.93,3,1,2,6.22,37,32.77
3,1,45.16,32.28,0,1,3,3.94,75,18.4
13,2,70.02,66.07,2,2,1,2.75,62,31.81
10,0,43.71,49.09,1,3,3,5.26,36,40.14
11,1,34.01,39.67,1,1,3,4.12,135,32.21
19,3,6.38,36.74,0,0,2,2.03,117,26.27
13,3,82.45,74.11,2,3,1,7.4,64,55.18
3,0,52.4,28.78,2,0,0,2.97,18,25.77
9,6,81.62,71.27,1,3,0,4.57,129,62.48
7,1,60.61,65.54,1,1,1,5.5,108,40.55
19,3,23.06,42.33,2,2,1,2.19,88,31.86
7,3,37.68,40.9,2,3,0,5.94,95,26.83
3,3,42.55,38.22,2,3,3,5.39,11,48.27
17,5,71.58,50.28,0,0,0,4.46,76,31.45
10,5,54.34,54.79,2,3,1,4.67,36,54.41
2,6,62.29,41.28,1,2,1,7.23,101,14.35
16,2,72.78,72.49,1,1,3,6.97,141,55.82
5,1,29.65,26.85,1,1,0,2.17,84,1.94
20,2,84.38,84.2,1,3,3,3.71,95,67.25
19,3,45.79,56.84,0,0,2,4.6,104,40.25
8,2,64.5,62.92,1,2,3,7.02,141,57.5
13,3,24.64,33.29,2,2,3,6.4,15,37.56
13,1,26.0,31.26,0,2,3,3.82,53,39.31
15,4,71.15,73.13,3,1,1,6.82,47,52.98
1,4,36.54,31.81,1,2,2,3.77,111,24.65
7,3,83.84,81.79,2,2,1,3.13,73,70.33
4,6,64.83,59.77,0,3,3,5.16,118,32.04
16,6,64.89,50.19,0,3,0,3.64,76,38.55
1,6,39.22,46.89,3,3,2,5.23,147,33.88
12,0,86.24,80.72,3,0,0,3.96,118,68.55
17,6,90.02,74.48,0,1,1,6.27,12,45.15
22,2,28.21,52.64,3,3,3,7.23,149,42.93
6,3,51.31,46.57,3,2,0,3.12,144,32.93
0,2,86.62,59.59,0,1,3,4.56,16,47.05
17,1,14.12,32.19,0,2,3,5.85,65,20.81
0,6,31.78,5.42,0,1,1,2.45,146,0.0
1,4,90.9,80.03,3,3,1,6.28,128,50.49
23,6,48.65,40.13,3,2,0,5.0,76,25.74
20,6,90.64,95.89,2,1,3,2.4,86,73.6
16,2,39.22,45.46,1,2,2,6.71,14,44.38
20,5,52.47,72.95,3,0,3,4.06,89,59.49
1,3,45.87,42.55,3,3,1,2.56,103,39.48
2,3,46.15,42.45,3,0,1,2.67,60,39.95
7,5,87.59,85.13,1,0,2,6.21,53,55.95
0,4,67.52,56.66,2,0,1,7.11,126,18.74
21,6,90.12,76.42,2,0,1,3.77,73,49.11
1,5,34.66,12.12,0,0,0,1.97,47,0.0
13,4,94.45,87.24,2,0,3,2.1,62,77.9
20,6,68.69,77.96,2,1,1,5.43,79,52.47
17,0,16.82,29.38,2,3,3,3.72,46,45.0
5,5,42.16,24.94,1,0,2,4.06,88,21.64
11,2,27.38,45.95,2,2,2,3.52,131,40.75
13,3,26.19,45.57,3,3,1,4.29,114,30.43
18,5,88.66,76.38,2,3,1,5.36,42,50.34
10,1,91.4,77.54,3,1,1,4.75,76,64.69
6,6,6.28,26.42,3,0,0,2.49,86,19.24
19,3,17.42,25.22,1,1,2,4.45,105,29.91
21,2,30.01,28.17,2,2,0,4.26,116,19.83
11,2,81.3,73.21,2,3,1,4.77,78,58.22
0,2,60.0,50.69,3,0,2,2.16,54,57.41
12,6,55.89,49.71,1,1,0,2.42,102,29.94
21,0,58.84,42.51,0,2,0,4.68,27,25.52
23,3,90.55,69.02,2,2,0,3.15,105,63.84
9,5,29.82,40.91,2,1,3,5.27,136,29.18
3,3,16.1,34.67,2,3,3,3.74,110,42.04
13,3,59.7,51.04,2,3,0,2.82,71,27.33
19,2,92.2,91.68,2,1,1,5.44,126,65.64
22,0,68.9,49.54,0,2,0,3.86,85,25.68
1,4,85.29,56.13,3,1,0,2.45,86,37.85
6,6,85.66,81.9,1,2,3,6.35,130,56.39
11,3,24.73,29.32,0,1,1,4.09,37,14.27
2,3,66.7,79.92,3,1,3,6.99,119,62.0
21,0,82.6,69.17,3,1,2,2.66,105,71.82
2,6,14.12,0.0,2,0,1,6.76,84,0.0
15,6,63.63,70.29,2,2,3,6.4,20,62.29
22,6,29.48,15.03,0,3,0,2.12,117,10.87
16,2,78.95,62.83,1,1,1,4.69,40,51.78
18,4,25.09,29.82,0,3,1,5.42,136,21.68
6,3,38.61,37.65,1,1,2,4.47,121,25.02
19,1,65.91,50.52,1,0,0,3.84,61,33.05
10,1,55.02,52.04,0,1,2,7.16,71,37.55
1,2,15.8,29.34,2,1,3,5.7,13,15.6
8,3,25.28,46.42,2,0,3,7.3,80,38.63
8,0,84.73,84.28,1,1,3,6.58,18,54.67
12,4,93.99,93.78,3,0,2,6.4,149,70.12
6,3,67.46,53.73,1,3,3,5.85,100,43.35
11,6,5.88,9.87,0,2,2,5.38,43,6.0
10,1,71.91,85.45,3,1,3,6.82,123,72.51
7,0,62.85,47.61,0,0,0,5.18,12,28.49
16,2,42.06,31.48,0,2,0,1.95,87,28.24
7,6,25.52,25.15,1,2,1,5.0,25,18.14
18,2,19.91,37.28,2,1,2,2.12,17,42.75
6,4,12.52,32.41,1,3,3,7.2,44,21.16
20,5,62.53,68.72,3,0,0,5.38,51,42.88
8,1,35.35,44.72,1,3,0,4.83,112,26.65
0,4,51.62,45.24,3,1,3,2.69,135,51.28
3,1,52.27,37.06,2,1,1,4.59,119,15.39
19,2,59.66,54.56,0,1,0,3.56,114,26.96
20,2,58.51,64.23,1,1,2,5.55,89,54.33
5,4,51.72,34.47,0,0,3,5.13,62,19.93
14,6,18.96,39.93,3,2,3,4.5,45,35.52
13,1,7.43,19.43,2,1,3,3.02,143,27.0
3,2,56.86,39.87,1,2,0,4.65,83,24.62
10,5,43.09,39.52,2,2,0,4.27,89,36.24
16,3,41.91,60.46,2,3,3,6.61,12,54.7
23,3,43.71,40.99,2,0,2,6.87,74,28.23
20,4,15.22,4.52,1,1,0,6.06,106,0.0
2,0,21.13,37.9,1,2,1,3.42,79,20.65
5,6,64.59,53.99,1,0,3,1.73,96,43.1
10,2,51.24,83.84,3,2,3,7.05,124,63.88
3,4,59.87,62.67,1,1,3,7.45,13,36.32
13,3,16.64,9.53,1,3,1,2.26,137,12.84
0,5,78.27,70.89,2,3,3,5.61,125,62.7
2,4,38.54,20.69,2,3,0,4.05,69,15.35
1,1,60.18,60.25,3,2,3,2.39,117,79.32
7,1,46.91,25.58,0,2,0,7.49,19,12.46
18,6,47.15,39.93,0,3,3,7.1,53,25.57
4,3,75.07,45.07,1,3,0,7.4,25,25.4
23,1,14.93,28.93,2,2,3,2.36,99,43.2
6,1,11.73,31.72,3,3,2,4.45,130,36.83
1,0,14.1,12.9,2,3,2,6.87,94,11.87
8,6,94.58,95.14,3,0,2,5.55,110,74.47
17,6,88.44,80.63,0,2,1,4.11,30,56.2
2,2,68.05,64.91,2,1,3,4.6,141,36.81
1,1,45.28,39.13,3,3,0,1.73,37,42.27
20,2,12.66,29.5,2,2,2,5.17,84,23.55
14,0,78.88,51.75,1,3,0,6.66,106,39.45
8,3,22.05,42.54,3,1,0,1.52,130,37.65
18,4,29.56,42.9,3,3,2,2.46,141,55.06
20,6,80.67,79.95,1,0,2,4.61,94,59.64
8,2,28.16,40.67,2,3,0,4.87,91,40.58
13,1,81.01,85.22,3,0,2,3.56,68,76.44
0,0,75.73,62.73,0,2,3,1.67,90,38.61
7,2,80.36,70.84,0,2,2,5.96,105,44.34
14,4,65.69,51.79,2,2,0,2.96,101,46.03
4,0,36.69,26.83,3,0,0,5.37,93,11.88
23,5,63.79,56.19,0,2,0,4.85,72,26.24
23,3,79.62,76.05,2,2,2,4.09,37,65.57
6,5,72.45,52.36,2,3,0,5.04,17,41.18
9,3,82.58,87.08,3,1,1,5.67,69,64.53
4,1,93.52,76.73,3,3,0,4.93,65,62.4
12,0,67.11,50.02,0,2,1,4.85,95,28.25
2,3,88.53,59.46,2,3,0,4.12,136,45.91
9,3,29.46,45.36,2,3,1,4.08,108,39.91
13,5,92.61,84.3,1,1,2,4.45,123,69.37
14,6,86.93,74.85,0,1,3,4.21,91,62.08
14,1,8.71,15.77,1,3,1,4.13,140,23.83
5,2,58.14,42.38,2,3,1,2.76,142,45.97
19,1,50.27,68.55,2,3,3,5.85,31,64.9
16,0,78.4,81.01,2,2,3,2.3,100,78.79
18,0,16.37,23.88,2,2,1,6.95,81,17.17
11,0,52.49,64.67,3,0,1,5.25,147,47.11
21,3,50.11,46.87,2,1,2,1.79,92,47.62
9,1,40.6,32.95,0,0,3,5.45,12,32.13
19,1,94.3,97.06,1,3,2,3.67,39,76.93
4,0,53.56,26.35,0,0,2,7.08,28,13.28
5,5,42.19,32.65,3,3,0,7.12,38,16.51
12,4,82.08,70.43,3,3,1,6.58,23,56.51
13,6,17.51,20.54,3,1,0,4.91,120,14.84
17,0,30.88,48.8,0,2,1,7.02,79,26.21
7,1,30.1,47.96,2,2,3,5.4,104,39.53
20,3,89.03,66.62,0,2,0,6.75,150,28.13
7,4,84.23,84.18,1,2,2,2.46,101,74.99
12,0,59.6,47.39,1,1,1,6.93,77,28.15
22,1,33.77,36.84,1,2,0,5.47,47,6.87
12,2,47.13,41.57,1,3,0,3.32,116,32.29
16,0,56.4,65.89,1,1,2,7.49,81,47.35
21,2,53.61,45.52,0,1,3,5.62,116,26.32
23,5,28.03,40.29,3,1,1,6.95,13,23.74
11,3,16.74,28.99,1,3,3,1.53,33,37.83
10,3,86.69,90.32,3,3,0,4.81,28,60.84
4,3,62.68,41.34,0,1,2,5.78,106,24.44
12,6,18.06,40.23,3,3,0,1.58,83,39.42
22,3,94.09,92.11,2,3,3,6.08,54,81.44
11,3,42.01,41.37,0,1,3,5.41,53,37.24
8,6,70.97,67.4,3,3,0,3.15,95,55.15
2,1,20.9,21.0,2,3,1,5.63,146,18.3
9,0,88.95,82.64,2,3,2,2.29,150,80.01
5,3,12.13,28.4,3,1,2,6.44,76,15.64
23,2,91.02,84.45,3,0,1,6.7,104,63.37
12,1,70.44,64.32,0,0,0,4.41,21,35.61
3,0,25.45,20.29,1,3,2,4.54,143,24.06
1,6,21.28,4.48,0,2,0,3.91,12,0.0
20,4,80.34,58.8,0,2,1,3.57,58,37.73
22,4,8.59,19.27,0,0,0,6.74,112,0.0
18,0,15.29,25.89,2,3,2,3.33,146,39.39
2,2,65.56,53.86,2,0,1,3.92,34,39.73
2,4,11.96,6.8,0,2,1,3.3,103,0.0
4,3,53.71,39.78,1,3,3,5.44,36,45.72
18,4,56.66,70.3,0,0,1,6.39,17,37.84
18,4,6.61,17.24,0,2,3,2.49,69,38.06
20,2,38.94,40.27,0,3,3,3.03,91,27.88
2,5,7.57,17.24,2,1,0,2.12,47,4.35
3,1,92.02,63.63,0,0,2,2.46,147,47.39
21,0,24.38,33.56,3,1,0,3.94,96,20.32
22,6,67.07,66.88,3,3,2,6.16,71,51.78
17,0,65.64,68.89,3,2,0,4.75,78,62.84
2,1,74.5,72.21,3,1,1,1.82,75,48.21
1,0,35.18,41.38,3,2,3,5.25,25,48.42
1,1,21.6,3.97,3,0,0,6.27,95,9.84
16,2,52.75,67.75,3,1,2,3.86,120,74.72
20,0,67.49,61.03,0,3,3,2.97,69,54.35
15,3,72.98,75.91,2,1,3,6.08,70,58.47
6,6,9.4,8.49,1,3,0,1.64,138,3.49
18,0,72.74,72.33,3,2,1,6.39,96,65.38
1,6,15.12,7.17,0,3,2,6.33,51,0.0
19,2,52.22,69.95,1,2,2,6.83,10,50.83
21,4,54.99,44.3,1,1,0,2.04,126,40.12
17,3,16.43,46.4,3,3,2,2.15,98,54.11
21,2,91.76,63.83,1,1,0,6.74,98,46.26
14,0,62.42,65.9,3,1,2,4.35,49,59.84
11,4,25.15,24.1,1,2,2,3.85,36,25.27
7,6,9.58,32.95,2,3,1,4.94,79,30.31
22,3,74.75,52.93,2,0,0,1.85,116,46.48
16,4,80.72,72.72,1,3,0,5.36,51,53.67
4,4,13.16,16.86,1,1,2,7.17,84,6.62
22,2,28.17,31.21,1,1,1,5.55,150,19.75
1,0,62.81,42.81,2,0,3,4.29,40,51.91
14,3,42.71,33.59,1,0,3,7.27,42,27.81
4,6,35.83,35.61,3,2,1,5.63,43,20.55
15,2,43.2,28.64,0,2,1,1.84,138,18.4
9,6,50.48,46.84,0,0,3,5.52,84,49.75
10,5,21.62,23.59,0,3,2,1.86,139,14.04
16,1,39.93,43.38,3,2,0,3.34,143,37.34
18,4,11.28,23.55,1,0,3,5.19,69,28.5
9,5,5.55,6.99,0,3,0,2.79,17,1.96
23,3,92.77,61.45,0,0,2,1.73,52,56.95
11,4,9.93,18.61,3,2,0,5.21,86,20.38
3,6,8.91,10.75,3,2,1,3.22,63,10.2
0,4,85.1,66.1,1,3,2,4.7,10,59.77
4,5,92.84,83.56,2,3,0,3.07,149,45.85
16,5,81.01,65.45,1,3,1,5.62,52,48.53
12,5,17.56,40.49,3,0,3,6.87,97,41.44
8,5,62.56,71.59,2,1,3,2.02,143,59.6
11,1,67.72,69.68,1,1,3,6.22,86,53.09
20,0,74.45,79.11,3,1,3,2.44,107,84.72
13,1,15.16,33.01,0,0,3,3.48,15,8.72
1,1,40.17,40.72,3,0,0,3.64,108,24.11
1,4,29.85,23.4,1,3,0,2.74,129,17.13
11,3,63.91,55.11,3,3,1,1.95,139,54.46
9,3,35.92,58.54,3,2,3,6.11,21,60.24
20,0,50.79,55.0,2,2,3,6.26,42,50.09
13,4,61.38,42.16,0,1,1,7.48,16,23.35
18,2,82.92,77.32,3,2,0,7.11,139,55.59
14,5,87.88,78.88,2,3,2,4.11,48,70.2
8,0,67.41,75.73,3,1,1,2.3,84,71.18
15,2,19.08,20.61,0,2,0,1.56,77,3.81
14,0,85.0,67.74,0,3,0,4.69,107,36.72
17,1,23.41,30.9,1,3,0,6.66,136,10.33
4,6,9.79,6.44,1,0,1,3.11,55,0.0
15,3,44.35,37.66,0,0,2,2.69,121,30.02
6,3,66.62,46.23,0,0,0,4.13,51,25.65
18,1,18.44,23.82,1,0,1,6.86,37,20.53
19,1,31.94,54.0,3,2,3,4.21,24,63.97
14,4,12.21,23.26,0,1,3,5.84,62,19.25
22,6,60.64,64.44,0,0,3,4.28,89,40.6
12,5,68.74,65.45,3,0,1,3.74,120,54.78
0,5,51.77,21.62,0,2,0,4.15,129,0.0
14,3,45.0,51.18,0,3,3,6.11,84,27.42
18,0,81.29,70.51,3,2,1,6.03,67,66.89
2,5,42.73,37.07,1,2,1,4.09,34,24.15
2,5,44.76,21.2,1,0,1,3.11,138,8.74
6,3,56.96,45.61,0,1,0,2.33,65,30.83
20,0,68.35,58.88,1,3,2,1.51,117,56.06
12,4,74.93,71.2,3,3,0,2.18,98,48.6
23,6,8.67,33.83,3,3,0,2.49,141,39.14
20,1,81.6,74.89,2,2,3,5.64,147,55.59
13,1,45.62,43.84,2,1,2,6.41,109,28.91
16,5,86.53,89.85,2,2,3,5.92,103,83.44
7,2,53.27,72.03,2,3,2,5.84,29,61.05
2,5,47.82,35.69,2,0,0,7.47,12,6.65
9,4,22.58,25.57,0,3,1,7.28,86,10.95
14,1,47.26,54.21,3,3,1,3.11,109,44.79
4,0,49.36,39.51,3,3,1,2.37,115,35.06
5,3,85.5,58.82,0,2,1,2.42,45,44.66
0,2,84.84,54.33,0,1,1,6.87,80,22.73
17,5,48.78,72.38,3,3,2,2.11,131,63.79
21,2,83.08,77.4,0,0,3,3.54,23,53.7
19,1,81.9,79.7,3,3,2,4.68,64,78.98
9,6,90.35,93.07,3,1,3,5.18,143,76.91
14,5,37.54,40.73,0,2,3,5.07,38,26.79
23,4,24.1,33.48,3,1,2,6.22,54,34.66
14,6,89.95,59.21,0,0,1,4.93,75,31.95
7,5,57.64,54.27,1,3,2,6.61,107,37.17
8,6,47.0,49.25,2,2,0,2.01,45,39.27
17,5,42.03,64.52,2,2,3,6.65,121,61.96
10,2,12.63,15.72,0,0,0,5.04,43,16.89
20,0,23.37,34.06,0,3,0,2.84,61,16.68
20,4,31.24,34.76,1,3,3,7.37,90,32.67
0,5,54.62,44.51,2,3,0,7.14,11,16.13
17,6,51.5,47.32,1,0,2,6.57,118,31.78
8,4,53.86,68.05,1,0,2,6.97,104,47.74
12,3,11.88,18.07,0,1,0,3.79,127,0.0
6,4,5.88,28.21,3,0,1,2.87,48,31.82
8,0,46.68,48.46,2,2,3,2.6,66,55.83
7,0,22.41,49.05,3,1,2,6.74,136,35.56
1,0,85.25,60.65,1,2,2,6.46,19,45.22
18,6,43.78,62.7,3,3,2,7.39,79,63.32
3,5,36.68,20.23,2,2,1,6.59,78,8.61
9,1,53.96,63.74,2,1,2,5.29,73,56.47
4,2,61.57,38.86,1,3,0,2.35,71,30.26
3,3,12.38,5.46,2,1,0,2.49,115,4.73
8,1,71.72,77.79,1,3,3,4.34,37,64.21
22,2,17.38,22.16,2,3,0,6.11,135,13.33
22,2,39.81,40.23,1,3,2,2.54,136,38.17
9,4,37.12,51.89,3,2,0,6.99,35,23.7
12,5,56.22,70.81,3,1,1,5.6,147,51.82
23,0,67.05,67.21,1,1,3,3.37,46,48.06
5,3,77.07,43.85,1,2,1,6.81,17,29.01
22,6,52.44,51.85,3,3,3,5.09,66,63.1
2,6,18.99,18.15,2,3,1,5.9,122,6.0
5,5,67.64,53.88,0,2,2,3.81,129,24.3
8,5,48.09,61.57,3,1,2,3.86,101,60.76
0,0,58.0,55.34,2,1,2,1.58,124,54.92
19,6,44.93,50.94,2,0,1,4.73,46,35.02
20,5,42.47,62.31,3,0,3,6.06,133,33.62
9,6,68.12,60.36,0,0,1,7.31,99,38.06
20,6,52.17,55.43,3,3,3,6.85,28,57.63
18,1,83.1,73.97,0,2,1,2.02,28,63.85
19,0,71.91,74.98,3,0,3,7.38,47,59.82
19,4,47.87,66.6,2,2,3,2.4,19,74.31
13,3,24.28,37.5,2,0,3,1.75,49,48.46
2,0,6.58,11.86,2,1,1,5.99,150,14.01
22,1,23.49,28.18,1,1,1,6.94,43,11.2
14,6,30.31,40.8,3,0,1,7.2,99,25.25
21,2,15.63,25.18,0,2,1,6.45,147,0.0
23,1,65.22,61.2,2,0,1,2.73,45,55.38
4,4,34.35,37.05,3,1,1,2.42,108,38.1
9,4,7.72,27.87,0,1,2,1.85,73,28.01
4,2,44.32,59.19,2,2,3,4.99,50,52.95
1,5,75.59,71.3,3,0,3,4.42,143,51.84
23,4,35.58,40.03,2,1,2,2.16,102,38.88
22,1,86.21,80.83,2,3,3,4.29,71,71.99
22,2,81.75,74.02,0,1,3,4.9,124,59.1
21,5,85.04,76.81,3,3,1,5.84,136,65.3
15,0,65.1,53.63,3,1,1,3.99,120,50.63
12,0,77.59,82.73,3,3,1,3.41,132,69.38
23,4,40.01,34.51,0,0,0,5.49,55,13.55
13,3,67.39,65.55,1,3,1,5.61,58,42.22
15,1,25.15,46.52,3,1,1,3.12,42,48.58
5,3,23.42,32.2,2,3,3,1.62,108,34.44
17,1,89.93,92.57,3,2,1,7.17,123,76.29
19,2,54.39,71.21,2,2,2,6.03,103,55.5
16,1,11.45,20.74,2,0,1,2.71,94,33.21
11,4,22.76,22.92,1,2,1,4.89,118,14.05
4,4,46.52,40.08,3,2,0,5.07,35,41.4
0,6,81.13,72.87,2,3,2,2.26,61,58.51
15,0,85.64,72.89,3,1,0,2.65,109,65.38
16,2,15.21,12.97,0,2,0,7.24,17,0.31
18,1,10.58,24.6,1,0,2,4.55,138,21.46
22,4,15.95,22.77,0,1,2,2.65,34,17.8
11,3,65.43,60.63,2,1,1,6.29,120,43.28
19,6,52.95,46.97,2,0,1,4.32,96,37.02
17,6,71.41,64.64,1,3,3,5.33,129,55.7
6,5,58.4,50.01,1,2,1,3.29,119,35.26
20,1,13.63,25.0,2,0,1,1.85,82,25.91
1,0,28.19,27.49,3,3,0,2.49,116,24.43
14,6,34.84,28.79,1,2,1,7.34,58,11.93
22,6,68.69,57.97,1,2,0,5.24,92,23.86
15,1,58.72,48.86,0,3,1,6.49,139,28.77
22,0,90.21,82.3,3,1,0,1.63,21,74.26
1,4,18.1,22.62,3,1,0,6.09,60,16.53
12,4,89.48,93.6,2,2,2,4.41,12,74.79
18,6,24.81,34.7,3,3,1,5.49,85,33.96
15,4,35.91,45.91,3,3,2,3.65,120,45.58
21,5,8.11,24.49,3,3,2,5.23,15,29.19
11,5,31.69,42.62,1,3,2,1.71,87,36.14
16,0,22.97,24.92,0,0,1,1.77,68,18.59
10,1,24.55,36.13,3,1,1,6.29,120,23.39
20,5,56.5,41.94,0,1,1,2.25,41,24.8
2,1,75.27,63.93,1,1,3,1.58,32,54.22
6,1,72.05,74.25,2,3,1,6.97,23,54.2
2,5,79.62,71.67,3,1,3,3.09,67,61.48
16,1,70.82,75.18,2,3,3,4.99,78,72.43
5,1,92.89,65.51,1,3,2,6.53,139,45.71
7,0,6.66,34.39,3,1,3,5.98,75,49.84
20,3,93.91,93.56,0,0,2,1.78,34,65.13
8,4,41.88,49.83,0,2,3,4.87,108,32.36
3,5,48.0,50.75,2,3,3,4.75,18,38.85
0,6,56.96,44.01,1,1,2,3.6,58,41.06
5,4,5.77,10.11,1,0,2,6.02,102,7.89
21,5,21.35,35.88,1,2,3,7.28,45,28.98
13,1,45.14,41.44,1,3,0,2.38,93,34.43
23,2,74.26,82.91,3,2,3,2.37,73,83.64
5,2,83.31,65.09,1,1,2,5.91,144,39.46
8,0,18.3,25.71,2,1,0,4.23,50,28.65
3,6,28.67,13.61,0,2,0,6.27,137,0.0
9,1,59.66,75.54,3,1,3,2.35,98,82.4
13,3,37.49,68.92,3,2,3,1.74,115,61.77
19,2,31.81,45.26,0,3,2,5.69,33,34.03
8,0,39.5,46.72,2,3,2,7.47,12,40.12
18,6,68.14,67.88,2,3,3,2.07,113,78.78
15,1,22.87,25.68,0,3,3,6.69,77,20.72
7,0,10.57,32.03,3,3,3,3.81,53,51.03
21,2,5.31,15.62,3,0,0,1.6,136,20.81
10,1,52.4,62.94,3,1,3,4.56,56,58.08
3,6,27.5,25.51,2,1,2,3.17,71,27.08
23,1,55.55,59.79,2,3,3,5.66,112,49.89
21,2,84.29,79.72,2,0,2,3.23,145,60.44
1,1,31.43,36.18,3,3,2,4.39,136,29.35
21,0,21.52,31.18,2,2,3,2.7,102,39.04
22,0,5.14,22.21,2,0,0,6.47,25,6.25
19,3,93.32,89.01,0,2,3,7.05,25,60.87
6,1,51.51,47.28,2,1,1,3.92,107,27.17
15,0,77.19,49.37,0,1,0,4.19,81,27.53
12,2,82.23,61.93,1,3,2,7.4,28,52.83
14,1,94.57,84.31,3,3,3,2.35,108,89.59
14,2,82.37,66.64,0,3,0,6.35,142,39.92
15,6,31.47,54.24,3,1,3,4.9,19,47.58
12,2,55.79,45.08,1,2,1,6.78,126,25.08
16,4,91.65,100.0,3,1,3,3.25,58,95.31
12,5,62.0,61.96,3,2,0,3.28,66,52.75
0,0,74.22,54.86,0,1,2,3.45,111,44.92
0,3,86.6,68.39,0,2,2,1.6,44,48.26
22,3,60.23,74.69,3,2,3,2.52,32,71.79
21,3,67.32,58.55,1,1,1,7.47,145,32.2
14,1,57.94,45.04,1,0,0,2.99,59,28.1
4,3,35.48,16.79,0,0,0,1.62,33,1.34
18,0,27.39,29.47,2,3,1,3.17,107,37.27
3,6,62.02,41.05,0,3,3,3.95,40,27.57
9,4,93.3,89.78,1,2,0,4.79,119,65.01
7,0,87.45,79.17,1,0,3,1.91,19,84.53
0,3,23.89,19.24,3,2,2,6.24,83,19.57
19,6,80.85,82.54,1,1,2,6.45,66,69.9
12,5,6.9,31.71,3,0,3,2.78,144,33.04
7,1,58.05,70.93,2,1,3,6.29,83,57.04
12,6,88.73,73.78,1,3,2,3.67,140,60.94
0,1,91.34,76.14,0,3,3,4.04,45,50.93
10,1,59.28,77.39,3,3,1,7.12,76,64.82
12,1,61.77,57.83,1,0,3,6.85,124,42.35
8,6,40.09,58.3,2,2,3,3.75,32,54.73
19,5,70.13,80.32,1,2,3,4.43,140,62.56
5,3,27.11,20.48,1,1,2,3.22,118,10.57
3,4,8.05,26.36,2,1,2,4.59,105,22.89
12,1,80.18,74.53,1,1,1,5.59,44,47.01
21,0,10.43,25.82,3,0,3,2.06,125,38.95
9,5,64.82,78.84,2,1,2,7.02,128,55.31
1,6,44.32,28.59,3,1,0,5.81,51,15.87
23,0,8.89,14.59,1,1,2,2.08,92,20.26
10,0,19.38,23.74,0,2,0,6.71,18,11.79
4,3,14.06,17.42,0,2,2,5.96,65,3.64
14,0,24.3,41.18,3,0,2,3.38,31,40.04
7,5,62.17,70.36,3,1,3,4.63,88,61.44
22,6,56.36,46.76,2,0,0,6.66,87,20.15
7,1,43.96,48.0,2,3,1,7.31,85,37.23
13,2,80.87,68.12,0,3,1,3.19,105,47.16
13,6,72.78,66.56,3,1,1,5.4,140,38.88
5,2,66.44,57.28,2,3,3,6.66,37,51.98
11,1,58.9,50.07,2,2,2,7.43,40,43.15
2,0,67.65,40.55,0,3,1,1.92,40,27.37
15,5,25.39,37.45,2,3,3,4.52,140,30.13
18,6,28.38,35.52,2,2,2,6.74,23,31.43
22,0,31.83,29.7,3,1,1,1.52,14,31.16
7,5,71.7,69.48,0,2,2,4.12,32,50.27
6,1,43.9,36.61,0,0,3,5.01,118,25.42
13,0,91.36,75.61,3,1,1,4.66,91,68.75
16,2,8.62,37.19,1,2,2,5.9,139,30.99
23,3,39.49,39.37,1,0,0,1.89,38,33.49
0,5,18.93,20.8,2,1,0,6.21,65,1.98
5,4,78.47,57.03,1,3,0,3.2,88,31.3
6,1,48.16,62.86,3,3,1,6.45,20,59.23
6,4,60.8,72.96,3,3,2,4.02,139,61.4
11,6,58.82,42.94,1,3,0,1.76,123,22.34
20,4,12.12,13.27,0,1,3,7.28,30,9.42
0,1,75.54,52.4,3,2,0,6.18,128,26.55
19,0,78.98,80.89,2,1,2,3.59,73,72.91
14,3,59.67,50.26,3,3,0,3.12,57,44.69
14,3,30.29,21.22,1,0,0,5.03,143,9.88
16,2,70.17,69.46,1,1,2,7.42,83,58.13
2,0,68.06,58.79,0,3,2,3.24,42,38.72
17,0,87.13,72.16,1,0,2,7.19,124,53.05
5,3,15.56,25.41,2,2,3,3.48,110,31.39
12,6,86.88,59.8,0,1,2,5.72,37,35.49
16,4,84.84,86.19,2,1,3,3.79,105,81.14
14,3,31.78,43.39,2,2,1,2.01,98,40.91
7,6,69.46,66.07,3,3,1,7.12,48,51.62
9,4,28.73,27.84,0,0,1,2.48,70,20.79
11,5,26.16,21.82,0,3,1,7.17,128,3.31
0,4,62.74,59.08,1,0,3,2.12,34,56.21
17,5,9.5,31.01,3,0,2,3.1,111,30.36
2,3,13.68,22.68,0,3,3,7.03,127,6.64
11,4,64.41,62.26,3,0,1,5.45,142,55.05
15,4,90.67,95.67,3,1,3,2.64,55,92.68
1,5,8.06,0.0,0,0,0,5.05,47,0.0
23,6,7.06,17.27,1,0,1,2.58,141,6.75
9,2,11.73,32.64,1,0,0,6.75,75,14.44
0,4,5.15,10.76,1,1,3,1.8,90,18.38
15,0,88.55,82.64,3,1,1,4.68,82,74.0
13,3,47.66,48.29,1,0,3,1.88,82,52.35
15,6,67.29,56.35,2,2,1,5.67,98,31.92
18,4,42.47,32.69,0,0,0,7.11,69,5.06
11,1,94.75,82.09,2,1,1,6.49,65,54.61
19,4,48.19,45.26,1,1,1,3.73,66,29.62
8,2,89.53,87.24,3,2,2,2.92,102,92.13
13,3,63.46,42.54,3,1,1,2.23,125,38.46
3,1,90.3,74.71,0,1,2,6.74,88,38.82
14,4,49.56,65.19,2,3,2,1.99,105,52.05
6,1,84.1,70.09,1,0,0,5.27,68,31.47
16,3,35.05,39.12,1,1,2,3.7,119,45.96
19,6,64.51,55.6,1,2,2,7.47,65,40.67
20,5,60.55,49.64,3,2,1,4.55,69,55.98
22,2,48.82,56.62,1,2,3,4.79,17,55.98
2,6,50.13,34.95,0,2,0,7.01,46,3.62
3,0,20.31,19.79,0,3,3,7.32,114,0.0
22,6,86.54,85.32,3,3,1,5.0,22,65.15
9,2,45.88,50.15,1,2,1,6.28,41,50.49
0,5,18.63,6.02,0,3,2,5.31,119,0.23
6,6,68.39,67.31,1,0,2,4.06,133,43.24
20,4,70.44,80.34,3,1,2,1.84,68,68.53
8,4,9.06,27.59,3,3,2,5.81,67,42.04
1,5,34.95,39.82,3,0,1,5.7,81,24.92
17,1,57.58,69.43,2,3,3,2.2,118,75.32
4,1,78.94,70.01,3,0,2,2.88,76,66.64
8,2,32.95,46.46,3,3,0,5.89,34,47.28
0,3,31.97,29.54,0,0,3,2.4,70,24.35
14,5,71.29,72.55,1,2,3,5.65,45,44.29
10,1,24.73,26.86,2,3,0,5.81,106,17.64
20,3,85.64,82.62,1,3,3,3.62,30,66.98
8,0,76.14,74.7,3,2,2,3.05,95,75.58
4,0,85.37,79.22,3,3,3,3.74,28,82.97
3,6,36.84,29.74,2,0,1,3.66,147,28.55
4,5,19.92,11.13,0,0,0,5.14,100,0.0
10,6,57.66,49.58,1,0,0,5.96,29,32.55
2,2,22.1,6.08,0,2,0,6.67,145,0.0
9,3,28.95,52.83,1,3,3,1.68,90,51.86
20,4,41.05,30.55,0,3,1,5.86,95,13.19
18,1,46.65,49.29,0,2,3,3.39,18,46.2
15,5,34.02,9.36,0,0,0,6.53,36,0.0
21,4,30.62,29.53,1,0,1,1.95,123,19.88
18,2,27.21,32.01,0,2,3,4.81,75,22.37
15,3,67.11,50.57,0,3,1,4.79,96,38.29
20,2,32.53,42.1,1,3,3,3.46,149,46.05
2,5,67.5,41.0,2,2,0,7.32,70,21.62
19,6,71.86,72.98,2,3,3,2.14,63,75.89
7,6,69.28,54.69,1,1,2,2.32,123,45.83
17,5,87.3,86.29,2,0,3,5.37,19,70.51
21,2,90.9,58.84,0,1,0,4.59,74,41.6
11,5,18.22,48.13,2,0,3,3.09,130,32.86
2,1,33.85,30.9,0,2,1,3.33,42,26.47
8,6,75.89,67.03,0,1,0,2.44,52,49.64
9,1,75.36,65.2,3,1,0,6.71,76,54.59
22,2,11.38,11.96,1,0,0,4.92,20,18.1
22,0,91.58,75.52,2,3,2,2.97,19,78.93
13,0,82.06,76.98,1,1,0,3.86,45,46.01
22,2,85.93,89.69,2,3,3,6.94,136,63.12
10,3,23.39,24.48,2,2,0,6.82,41,17.59
9,0,50.08,58.65,3,2,0,1.91,113,54.51
20,5,44.65,31.77,0,1,3,5.42,70,18.89
16,0,37.43,54.99,2,2,3,2.42,117,54.21
12,6,25.46,38.1,3,0,2,2.77,56,39.28
10,1,17.56,39.82,1,3,3,6.69,133,39.55
16,2,83.35,86.92,1,1,2,6.87,62,75.66
18,1,52.74,55.11,2,0,0,2.0,121,47.81
11,5,59.07,52.97,2,3,1,6.74,127,38.94
0,5,28.54,4.9,1,0,3,5.87,70,0.0
2,0,89.15,90.13,3,1,2,6.15,104,69.38
3,0,89.27,69.67,2,3,2,6.25,26,48.84
11,4,65.43,57.82,2,1,0,4.54,79,41.7
14,6,33.85,46.19,0,0,2,7.18,62,16.58
19,0,25.96,27.33,2,0,0,2.7,144,25.96
5,1,58.57,57.32,3,2,2,4.53,141,38.65
18,3,79.96,78.05,2,2,0,3.41,120,58.63
15,0,92.03,87.91,2,2,1,6.43,143,53.64
1,2,11.14,18.03,2,2,2,2.0,147,16.49
8,0,35.08,38.49,0,1,0,4.1,118,27.36
7,3,40.2,39.04,0,3,2,6.14,93,28.69
21,5,38.21,43.32,2,0,1,3.37,38,27.58
22,2,65.1,57.77,0,3,2,2.94,124,48.07
19,1,54.25,53.42,0,3,2,3.08,37,52.17
12,2,85.22,90.63,3,0,3,5.78,36,87.74
11,3,25.03,28.9,1,0,3,3.22,134,34.03
7,1,40.94,47.39,3,2,0,3.92,26,34.11
18,0,53.7,55.66,3,0,1,4.77,30,59.32
2,1,78.51,45.44,0,3,0,7.14,82,22.0
6,6,79.09,81.91,3,1,1,6.27,92,66.46
3,5,82.34,65.23,1,3,2,2.61,16,50.0
11,0,51.72,49.4,2,0,0,6.8,63,33.69
7,2,26.74,17.06,0,0,1,6.57,41,7.21
4,2,70.36,61.9,1,2,3,5.97,52,46.99
9,1,90.92,80.02,2,3,0,4.6,35,59.2
20,5,30.68,28.85,1,3,0,1.92,105,11.08
13,6,22.85,38.14,2,3,1,5.77,76,29.4
19,1,7.02,21.19,0,2,3,4.61,145,23.27
21,0,64.98,52.58,0,0,2,3.36,11,31.68
21,1,54.05,55.34,2,2,0,1.56,119,48.16
8,4,17.12,26.11,1,2,2,2.89,138,13.68
21,5,22.96,25.14,2,1,0,5.13,78,7.24
21,2,64.6,49.54,1,3,3,2.17,108,43.22
23,1,44.24,29.7,0,3,0,5.43,72,20.6
8,1,25.99,50.85,2,3,2,6.42,93,40.28
5,0,59.52,41.21,0,3,1,3.41,137,24.04
14,0,9.74,36.31,3,2,2,1.99,84,42.34
22,2,6.46,15.34,0,3,1,2.34,91,14.86
21,4,28.48,52.95,3,0,2,3.65,149,47.71
13,0,31.06,36.93,1,0,3,6.38,80,31.93
3,1,14.39,35.96,3,2,3,5.31,34,32.79
10,6,15.34,37.78,0,0,2,6.71,106,20.6
17,6,20.1,36.29,1,3,3,7.47,107,27.32
13,4,70.21,46.32,1,0,0,2.72,43,31.63
8,3,77.55,64.67,0,1,2,5.67,112,38.51
8,4,21.34,36.65,1,1,2,4.3,18,43.95
1,2,64.11,30.53,0,2,1,4.46,55,12.42
6,1,26.03,22.41,1,0,1,3.45,130,23.52
16,2,84.21,74.32,1,3,1,3.56,97,67.05
5,4,29.2,21.8,0,3,2,5.56,95,10.96
23,4,16.68,47.58,3,2,2,5.22,97,41.61
1,4,44.52,50.87,2,0,3,3.41,33,36.89
14,4,18.88,28.8,3,1,2,2.21,145,45.58
11,0,22.85,70.53,3,0,3,4.97,52,51.97
19,4,35.52,49.46,1,2,3,5.94,120,50.95
21,6,64.46,45.65,1,3,2,4.85,149,33.35
13,4,15.52,18.9,3,3,0,1.52,43,19.5
15,4,30.57,23.78,1,3,1,3.19,99,34.43
16,1,82.25,56.79,0,2,0,6.17,15,36.7
12,5,29.64,36.93,2,0,1,5.96,99,22.51
4,3,20.16,14.85,3,1,3,1.56,72,14.47
10,1,53.03,54.05,0,1,1,4.32,20,37.47
5,3,8.0,25.46,2,0,3,4.12,104,24.49
11,0,77.36,61.5,1,3,1,5.41,146,43.93
14,6,25.02,35.43,1,2,2,2.25,21,30.07
5,4,16.96,1.56,1,3,0,5.23,135,0.0
5,2,77.74,50.08,0,3,2,7.18,128,33.64
19,5,80.85,72.06,1,2,0,3.73,87,44.72
9,0,71.13,63.74,1,0,1,3.52,137,47.54
4,2,26.11,33.43,3,1,3,1.67,53,50.65
17,4,52.43,43.95,0,1,0,1.84,111,24.8
17,0,92.22,100.0,3,2,3,7.09,108,87.27
19,4,48.0,62.52,0,2,3,7.35,91,38.73
18,5,90.47,78.12,1,3,0,1.53,127,64.38
23,4,65.87,53.94,1,0,1,6.9,133,30.0
13,1,81.05,79.01,1,0,3,2.54,120,58.07
6,5,22.32,27.03,3,3,1,4.87,92,26.62
20,2,88.41,98.84,3,1,3,5.57,147,79.31
6,5,81.8,85.55,2,3,3,3.65,88,68.36
6,4,75.65,77.99,2,3,0,4.67,99,50.41
19,0,89.71,83.98,2,0,2,5.27,36,69.02
21,0,76.0,75.24,3,2,3,2.66,55,62.67
8,0,56.91,72.83,3,0,2,7.47,137,62.38
17,0,63.38,77.72,3,0,3,2.72,80,86.4
22,2,78.88,71.79,0,0,2,1.56,82,42.31
19,0,72.42,81.37,1,3,2,7.17,125,67.68
0,6,58.26,48.87,1,0,0,4.07,55,22.5
15,6,58.83,52.76,0,2,3,3.89,47,34.35
4,1,84.23,85.8,3,1,3,3.15,11,73.95
20,2,5.89,4.62,0,1,1,1.65,42,0.88
1,5,69.62,56.64,3,0,0,3.09,82,43.99
23,4,55.91,62.88,3,1,2,3.86,112,50.47
4,4,80.45,71.17,2,1,3,4.62,56,71.07
10,6,23.49,45.68,1,1,2,4.25,72,40.89
5,4,52.28,37.25,1,2,3,6.77,41,21.9
19,4,16.49,36.84,2,3,2,6.97,125,44.64
9,3,64.34,65.7,2,1,1,3.4,84,61.19
17,3,73.74,78.6,2,0,1,7.26,30,56.84
1,2,61.12,50.32,2,2,3,6.69,95,45.15
10,3,54.93,65.46,3,3,2,7.07,57,66.19
21,6,35.9,42.68,3,2,2,5.74,131,32.23
22,2,62.58,56.29,3,2,3,2.69,47,70.45
5,0,85.96,79.03,1,2,3,2.67,131,58.72
9,4,69.93,57.06,0,3,3,6.95,108,52.94
9,5,7.07,5.86,1,0,1,4.54,29,6.56
13,6,50.78,46.2,1,3,0,6.84,117,14.07
12,3,71.28,61.98,1,3,2,5.82,111,50.63
2,5,50.37,38.17,2,3,1,2.78,74,28.88
18,1,58.22,73.95,3,1,3,3.81,32,77.7
5,2,87.04,77.19,3,3,0,7.31,77,51.89
7,2,83.66,83.37,2,0,3,1.62,95,89.63
20,2,12.32,31.03,2,1,2,5.79,28,22.32
16,5,50.95,38.7,1,3,0,7.37,58,20.72
9,6,61.01,59.24,2,1,0,2.12,108,57.42
21,2,81.68,70.13,1,3,0,3.13,87,49.2
9,0,28.9,62.64,3,1,3,4.78,149,54.94
13,5,17.59,22.82,3,2,2,6.56,40,26.87
5,5,58.74,43.22,1,2,2,4.54,119,26.14
4,6,47.09,53.09,2,3,2,1.86,69,42.2
11,1,28.19,30.75,0,1,1,2.26,41,35.35
13,5,89.86,66.31,1,3,0,3.76,144,37.72
19,5,33.58,52.2,3,1,2,3.44,97,44.53
9,5,9.98,22.26,2,1,0,2.82,85,26.67
21,5,10.29,12.8,2,0,0,6.54,51,0.0
14,6,23.1,30.46,0,0,3,1.66,134,25.02
1,3,15.51,21.6,3,3,0,6.48,14,16.86
17,0,40.52,55.37,3,0,3,7.03,26,45.96
13,1,12.24,10.39,1,0,0,5.28,35,7.03
9,6,55.5,58.78,3,0,1,5.25,102,44.99
11,5,41.76,44.28,2,1,2,2.39,24,53.23
7,0,58.81,54.23,1,0,0,4.91,122,29.68
14,2,94.03,85.97,1,2,3,3.75,37,81.45
13,1,94.27,84.84,2,3,3,2.87,105,89.36
10,2,42.53,50.01,1,2,0,5.0,122,28.8
6,4,38.03,37.42,2,2,0,1.51,133,30.68
9,3,66.34,75.01,0,3,3,3.16,51,62.65
11,3,38.09,46.51,1,3,1,5.44,20,39.94
11,3,75.05,56.62,2,2,0,4.23,116,43.91
7,4,59.15,71.15,3,0,3,2.37,73,77.65
13,4,22.95,22.61,1,3,1,1.51,143,22.02
5,0,42.34,38.67,2,3,1,3.12,36,35.55
12,0,82.73,77.65,1,1,2,4.79,90,59.08
2,2,54.8,55.49,3,0,2,4.71,26,41.82
11,3,68.89,62.75,1,0,3,2.29,78,66.35
18,6,68.89,88.16,2,1,3,5.18,10,73.0
19,6,48.39,53.77,1,2,3,7.49,115,49.54
16,4,31.59,51.94,1,3,3,5.01,95,41.61
17,0,58.67,66.98,2,0,2,4.67,23,64.38
1,0,15.18,20.47,2,1,2,5.24,80,21.45
8,3,58.76,66.03,2,3,1,6.78,70,53.18
15,4,14.25,44.06,3,0,2,7.18,104,36.34
19,4,86.16,81.17,2,3,0,1.75,80,67.82
13,0,71.95,67.38,3,0,1,2.73,74,61.33
20,6,21.31,32.7,1,1,1,2.19,127,10.52
6,3,75.62,75.9,2,0,2,6.13,83,55.6
3,4,70.33,60.83,1,3,3,1.77,124,48.97
2,0,70.56,64.0,2,1,1,6.92,134,35.62
13,5,35.18,33.58,0,1,2,1.62,129,32.18
15,3,52.05,73.67,3,2,1,5.12,144,62.98
6,1,57.72,55.57,2,1,1,3.15,108,36.79
18,2,38.93,61.08,2,3,2,4.32,89,64.35
17,2,55.44,65.01,3,1,0,4.15,84,63.72
8,0,26.96,44.48,1,3,3,5.99,38,44.2
5,6,83.74,52.76,1,2,0,4.48,126,36.06
17,5,91.43,78.33,2,2,0,4.03,107,59.4
16,6,34.41,60.25,3,3,3,5.88,133,55.37
4,2,35.82,16.71,1,2,0,7.05,108,0.0
6,3,24.46,17.58,0,1,1,6.26,77,8.1
11,3,82.83,63.74,0,2,1,5.92,51,38.94
12,3,19.7,44.87,2,2,3,4.43,148,34.64
3,4,76.9,47.93,0,1,0,6.9,113,11.3
22,3,79.91,71.99,2,1,1,4.42,133,53.07
9,5,33.46,38.68,3,3,1,7.08,92,30.47
9,0,74.91,92.81,2,1,3,6.32,81,78.29
1,1,45.77,40.7,0,0,2,2.4,14,33.16
21,6,36.36,42.72,2,2,0,1.78,19,38.76
5,6,85.4,58.32,1,0,3,5.95,109,57.29
23,5,45.82,33.45,0,3,0,5.62,41,15.16
11,2,9.97,8.61,0,3,2,5.11,21,18.81
20,3,62.11,64.12,2,2,1,7.36,119,42.15
4,0,64.22,50.49,2,0,0,4.77,97,26.39
3,1,62.12,45.36,1,3,0,3.59,25,29.53
19,5,37.43,53.93,3,0,3,4.89,80,56.5
19,2,66.08,69.3,2,0,3,1.67,76,72.49
13,3,31.2,40.98,3,1,2,4.98,10,34.69
0,0,46.79,39.85,0,2,3,6.91,95,16.04
22,3,24.5,32.95,1,2,3,1.53,65,44.78
9,5,60.19,52.11,0,1,1,6.57,133,32.96
22,4,77.95,65.95,1,3,3,6.31,26,66.77
20,3,13.79,32.88,3,3,2,2.14,129,37.69
20,6,7.43,18.12,1,0,0,6.58,10,0.0
16,1,73.5,75.25,1,0,2,6.08,117,49.31
16,2,34.06,34.29,0,2,0,4.45,120,27.28
12,4,34.14,40.4,1,0,2,2.97,67,26.76
0,3,55.83,32.61,0,1,1,3.23,49,18.52
9,6,48.81,49.56,0,3,0,5.17,30,29.8
17,0,15.94,28.98,0,0,2,2.98,57,16.97
19,0,73.44,75.12,2,1,1,3.45,104,68.91
13,2,20.86,33.83,2,3,1,7.09,112,27.17
17,3,79.34,80.71,2,2,0,5.88,35,62.5
0,6,73.79,34.41,0,2,0,5.92,11,11.6
11,3,20.05,41.83,3,3,3,7.24,89,39.83
12,3,73.24,86.38,2,3,2,1.53,91,81.38
21,1,64.48,72.02,2,1,1,2.97,148,52.66
7,3,93.36,94.48,3,2,2,5.45,117,82.12
5,3,69.06,59.82,1,2,2,4.13,87,38.13
8,4,40.12,41.6,2,1,0,2.18,93,21.78
4,4,60.81,50.26,0,3,3,6.19,101,39.03
13,3,64.57,56.28,1,2,2,1.78,73,51.23
15,1,72.11,57.59,1,2,1,4.76,105,35.92
19,1,47.18,40.82,0,1,1,4.87,37,44.02
23,1,79.49,79.01,2,0,0,5.32,127,50.23
1,4,30.82,14.83,0,0,1,3.39,131,0.35
5,5,91.7,83.02,3,3,1,1.64,71,73.68
7,6,32.94,23.69,0,2,0,6.83,74,9.36
5,2,8.38,2.21,0,2,2,7.08,80,0.0
19,0,23.01,35.29,1,0,1,4.39,125,22.68
3,4,88.47,55.61,1,3,1,1.62,34,52.47
0,0,76.1,69.45,2,1,2,4.99,58,56.39
20,4,44.54,41.12,2,2,0,3.4,96,28.02
23,2,86.46,68.4,2,1,0,2.59,107,41.37
5,5,27.2,14.22,2,0,0,2.51,51,13.13
7,4,26.02,60.53,3,0,2,2.58,26,61.85
12,5,16.61,27.72,2,3,2,3.49,81,33.31
12,2,44.82,31.73,0,0,0,3.18,100,14.42
23,5,51.27,54.03,1,0,2,6.52,118,35.47
9,3,18.06,34.11,2,1,3,4.47,10,38.48
0,4,15.31,15.97,1,3,0,4.07,12,3.85
10,2,40.14,48.65,3,2,0,2.38,64,42.55
13,3,25.94,25.99,1,3,3,6.76,89,31.73
12,5,56.68,44.1,1,0,1,1.83,10,34.5
12,2,52.19,38.91,1,3,1,2.94,34,37.42
22,0,19.62,32.7,2,0,2,5.23,69,28.61
19,2,6.19,15.91,2,0,0,5.71,49,12.39
6,2,63.03,48.06,1,1,1,6.31,110,34.98
8,2,74.56,64.73,0,1,1,3.96,14,58.22
16,0,48.94,54.55,0,1,3,3.58,135,53.79
9,0,56.8,67.36,1,0,2,3.23,33,45.08
10,2,91.55,98.07,3,1,1,4.91,72,79.8
4,2,74.09,68.78,3,1,2,3.59,149,57.24
6,0,35.04,42.73,2,2,1,3.47,103,42.25
17,2,81.53,69.85,2,1,1,1.6,150,63.52
20,2,54.36,62.01,2,0,2,7.19,12,37.19
18,0,51.97,51.3,0,2,1,1.86,111,48.15
7,1,67.27,73.11,1,2,2,3.13,20,63.68
3,1,43.65,40.29,3,1,1,7.03,96,22.35
3,1,84.27,68.59,2,0,2,5.91,55,47.25
9,5,20.06,19.4,0,3,1,4.97,119,3.39
12,0,42.97,52.98,0,2,3,5.46,27,38.47
21,4,10.84,28.78,3,1,1,2.08,136,27.78
21,4,68.49,53.84,3,2,0,6.35,77,45.17
0,5,29.33,19.63,0,1,1,3.0,83,2.58
16,3,43.29,39.92,1,0,0,7.24,90,22.76
7,3,84.77,92.63,3,2,1,2.89,14,79.96
4,5,21.77,26.44,1,0,3,5.25,53,13.21
13,5,5.2,10.43,0,1,0,4.77,110,0.0
0,1,57.03,45.33,1,2,0,2.36,145,32.03
8,5,44.38,50.51,1,2,1,3.68,148,36.38
13,3,9.95,24.1,1,3,1,6.19,85,0.0
6,0,31.66,43.5,3,2,0,2.78,46,28.27
14,4,26.52,37.24,3,0,2,7.28,77,36.52
11,6,28.46,28.48,2,2,2,3.27,75,30.18
19,0,76.07,63.96,0,3,2,5.26,66,54.02
4,0,32.43,29.46,1,2,1,5.21,60,14.35
1,6,49.07,21.76,0,2,3,4.32,132,19.55
12,4,28.9,28.7,0,3,2,5.43,65,28.81
6,1,90.55,80.33,1,2,3,5.96,14,67.28
16,5,74.68,67.34,0,3,0,5.21,111,43.06
2,2,43.1,40.21,2,2,2,4.86,103,28.1
13,2,70.43,57.13,1,0,1,5.14,63,28.55
23,2,33.33,43.21,2,0,0,3.91,98,28.61
2,4,12.4,10.29,2,1,0,1.93,142,9.21
7,0,43.75,49.72,3,1,0,2.46,140,53.13
20,2,55.81,41.76,1,3,0,5.14,121,36.32
12,2,36.44,32.24,0,2,1,7.06,92,5.13
4,0,41.14,46.3,3,0,3,1.65,13,46.77
5,5,69.3,46.6,1,1,1,4.76,82,30.0
18,0,85.59,93.78,3,2,0,3.01,125,77.33
20,6,85.47,82.88,3,3,2,4.87,129,77.19
8,0,56.81,57.77,3,2,0,6.0,118,46.02
11,2,61.65,59.43,2,0,3,5.91,149,60.42
18,0,52.95,60.52,2,0,1,5.85,82,47.51
4,2,38.41,20.74,1,1,0,6.17,25,14.11
4,4,71.43,49.85,1,1,1,1.94,80,22.66
18,0,15.01,38.85,3,0,3,4.56,54,51.31
4,3,85.46,76.91,2,3,3,3.07,127,66.67
18,5,30.53,21.86,0,0,1,7.03,119,0.0
11,3,24.69,37.66,1,0,3,6.2,69,26.54
23,0,29.66,32.53,3,0,0,2.15,64,23.23
0,4,78.05,57.22,0,0,1,2.96,32,30.55
22,1,29.2,33.42,1,2,1,4.23,16,26.38
5,0,59.86,50.83,3,3,0,7.28,54,32.01
0,3,35.88,32.76,1,3,1,2.16,43,27.32
17,1,64.08,78.03,2,3,1,4.91,47,65.48
12,0,58.25,73.82,3,2,2,3.55,150,76.47
20,5,94.8,66.08,1,2,1,5.38,106,47.13
2,4,32.99,26.51,3,1,0,5.39,87,17.36
1,6,36.48,21.89,1,1,1,2.94,35,15.77
13,3,22.89,37.95,1,3,3,6.21,128,29.18
21,3,46.75,30.01,0,0,0,2.05,100,6.84
9,5,80.36,73.93,1,3,3,6.41,82,66.03
19,0,23.99,29.13,2,3,0,2.77,75,41.53
21,2,91.53,67.99,0,0,0,5.04,87,45.68
20,5,6.18,11.9,1,0,0,3.58,128,1.98
12,2,77.46,61.29,2,1,1,5.16,111,45.32
16,6,67.25,68.82,3,3,1,3.1,78,68.68
12,1,86.47,71.0,2,1,3,4.91,104,74.52
16,2,51.96,45.67,2,3,2,1.55,141,56.85
13,6,66.29,67.12,2,2,2,3.75,56,47.62
12,1,9.45,26.01,1,0,3,6.46,136,29.24
10,6,40.49,38.36,1,2,0,4.28,95,19.53
15,0,74.36,74.65,2,2,0,4.5,36,42.23
18,1,14.81,17.93,0,3,3,5.23,146,25.7
22,4,75.42,66.74,3,3,3,4.11,106,72.14
14,4,32.74,20.71,1,2,0,6.7,64,11.14
2,6,36.77,16.64,3,3,0,3.92,40,23.09
14,6,63.26,43.26,0,0,1,7.16,139,14.52
7,4,12.03,22.75,1,2,0,6.76,126,8.42
0,4,61.22,51.15,1,2,2,4.03,16,35.36
1,2,87.24,75.0,1,0,2,3.69,99,51.29
14,5,13.44,24.27,2,2,1,5.56,26,19.65
22,4,27.77,27.17,2,2,0,6.03,51,22.7
12,0,6.23,19.8,3,1,1,2.62,90,19.35
10,5,51.62,70.23,3,2,3,2.95,45,64.28
2,2,70.79,40.26,0,2,2,2.38,82,38.21
16,3,88.38,75.39,3,2,3,6.06,70,76.73
1,3,38.12,35.18,1,1,2,5.79,91,13.62
20,5,18.39,17.88,1,1,0,2.63,122,0.0
19,1,7.62,23.47,0,2,0,4.72,31,20.39
23,2,34.25,39.54,2,3,0,6.09,122,25.19
6,0,51.1,61.96,3,1,2,7.18,41,52.23
3,2,86.07,56.79,1,2,0,2.57,14,42.77
7,0,24.48,35.95,3,3,1,3.33,72,45.38
19,4,75.32,71.27,0,1,3,3.59,52,62.92
5,6,48.28,46.45,3,3,0,5.25,36,29.74
21,3,83.08,68.06,1,1,0,2.32,69,42.0
3,6,82.68,65.07,1,1,1,2.66,132,29.6
1,6,82.19,61.93,0,1,3,6.18,92,49.99
5,0,41.12,42.31,3,0,3,4.75,112,39.71
18,3,36.16,55.16,2,1,1,2.46,31,48.67
14,3,23.66,43.52,3,1,1,3.83,20,32.99
8,2,25.56,37.7,1,0,2,2.31,57,43.5
15,5,60.46,57.42,0,3,3,3.68,119,44.32
15,2,91.57,79.44,2,2,0,3.9,134,51.32
13,0,59.54,51.59,0,0,3,2.17,24,43.16
12,3,42.11,50.5,2,0,3,1.86,77,52.74
2,1,26.82,8.94,0,3,1,6.79,65,0.0
6,2,63.68,52.0,0,1,2,6.83,114,35.0
12,3,23.99,42.49,2,1,2,1.52,38,54.31
3,5,13.4,15.54,2,0,0,5.35,78,0.0
11,1,13.42,17.57,0,3,1,2.06,129,10.5
2,2,81.54,57.42,0,1,0,6.36,75,17.53
18,0,39.4,47.81,3,2,0,6.78,120,38.31
2,2,89.63,52.32,0,1,1,5.2,97,17.46
2,4,49.71,34.69,0,3,2,5.18,94,27.35
15,4,67.24,70.87,3,1,2,3.73,46,55.87
5,2,79.43,63.92,2,3,0,3.0,149,39.45
8,0,83.7,80.85,0,2,3,4.5,45,67.19
7,4,19.63,41.21,3,1,0,2.3,141,46.0
5,4,24.5,4.54,1,1,1,5.53,149,0.0
18,0,18.51,32.74,2,2,2,4.32,82,37.83
16,3,45.1,60.83,2,2,3,2.57,132,66.23
5,0,18.95,26.0,1,2,3,5.03,110,14.93
16,3,63.58,72.44,1,0,0,6.27,114,41.68
17,4,37.65,41.27,2,1,1,5.03,19,30.91
12,5,91.77,76.1,1,1,3,4.68,29,57.88
13,4,78.49,53.55,0,2,0,6.59,19,35.95
22,5,70.19,65.31,2,0,3,1.56,14,67.69
10,1,66.98,65.01,2,0,2,5.2,127,52.93
9,5,8.56,27.49,2,1,2,3.96,34,23.87
12,2,12.53,33.91,2,1,2,2.66,10,32.25
20,2,43.89,54.44,2,2,3,7.38,142,33.39
17,5,87.32,84.85,3,0,2,3.92,49,76.69
1,2,13.46,19.32,3,3,1,3.51,125,17.9
11,0,42.81,46.55,3,1,2,2.51,145,45.57
17,5,76.45,74.93,0,2,2,7.49,83,48.15
5,4,33.78,34.62,0,3,2,6.64,140,15.92
23,4,88.64,57.66,1,1,0,1.92,146,37.5
19,1,89.12,94.77,2,1,3,4.89,30,90.54
20,4,10.13,5.84,0,1,1,2.38,30,12.05
1,1,60.48,43.98,0,2,2,5.79,62,38.29
13,3,18.1,20.43,0,3,2,4.4,88,17.14
12,3,44.69,32.79,2,2,0,2.16,120,39.14
15,5,85.8,95.24,3,0,3,4.84,35,82.57
20,6,11.6,10.29,1,3,0,6.96,37,0.0
8,1,89.36,88.05,2,0,3,3.55,53,73.6
12,0,94.5,80.86,0,1,3,1.8,48,72.41
16,3,65.32,55.94,0,0,2,7.17,142,39.13
18,6,37.06,52.4,2,0,3,2.35,65,65.96
18,1,27.59,31.0,1,3,3,4.35,132,44.44
8,3,43.93,32.13,0,0,3,4.77,17,40.52
23,2,21.18,20.46,0,3,3,2.92,24,22.47
0,2,6.81,20.17,3,2,3,2.56,123,31.3
11,4,10.65,17.37,2,1,3,2.18,45,19.78
14,2,64.72,70.12,3,3,3,1.92,21,78.91
1,3,6.87,0.0,1,0,0,4.55,93,0.0
10,5,32.13,44.7,3,2,1,6.55,30,47.36
14,2,65.88,70.73,3,3,1,2.26,18,63.31
14,0,20.73,43.91,1,1,3,5.7,67,20.11
2,6,34.9,22.13,0,1,1,3.98,87,0.67
6,1,7.83,17.75,3,0,1,1.71,84,24.43
5,5,15.12,22.55,1,0,3,4.72,92,14.22
15,5,25.33,39.04,1,0,2,3.01,13,15.6
7,3,16.36,31.93,3,1,2,5.13,51,38.49
13,0,47.49,43.74,1,2,3,3.6,58,37.2
17,6,16.43,33.88,3,1,3,5.5,51,51.81
19,4,32.47,34.42,0,2,2,7.01,88,11.79
4,2,70.12,62.1,1,1,3,2.97,42,56.7
21,5,63.85,59.35,1,3,0,7.14,99,27.47
3,5,39.47,37.66,1,2,2,2.73,141,12.58
0,5,88.8,56.63,0,3,0,1.92,103,42.98
1,1,75.85,73.93,3,2,3,2.66,64,77.65
4,4,59.65,47.69,2,0,0,6.39,71,30.41
20,2,44.31,53.06,2,2,2,5.57,92,42.48
4,0,10.4,30.61,2,2,3,7.33,112,15.29
16,2,42.16,55.21,2,0,2,5.76,52,48.8
10,0,54.07,55.77,2,0,0,3.98,15,47.5
0,0,94.19,70.96,2,0,1,6.85,109,40.42
10,5,90.64,91.06,2,0,3,7.25,103,64.92
0,3,15.1,28.08,3,3,3,6.25,24,33.87
11,2,93.13,70.73,0,0,3,4.84,98,54.2
13,1,72.92,80.61,2,0,3,6.45,20,67.49
12,5,66.37,60.21,0,1,1,2.57,100,45.04
6,4,86.32,73.89,0,1,3,6.9,114,54.5
18,4,34.25,48.99,3,3,0,7.5,12,34.24
14,1,40.94,44.51,1,0,1,5.49,112,23.65
6,0,83.39,73.03,2,3,1,2.68,26,66.13
10,0,14.36,30.67,2,0,1,2.37,47,37.15
2,0,68.82,52.03,0,1,3,7.26,109,34.64
22,6,77.88,67.23,1,1,3,6.73,60,48.5
18,2,84.66,83.6,0,3,3,5.99,147,62.79
6,4,24.73,38.39,1,0,3,7.19,144,28.94
16,6,66.13,59.07,0,1,0,4.52,149,35.62
16,6,12.71,36.13,2,2,3,6.83,24,38.66
14,2,82.49,62.99,0,2,3,2.48,34,52.89
1,3,48.36,47.57,1,1,2,2.6,35,48.11
21,3,61.17,43.9,1,0,0,4.57,92,27.15
22,0,81.62,76.51,3,3,2,3.5,70,71.94
23,5,50.54,53.67,3,3,2,4.1,115,51.76
23,4,50.78,29.36,1,2,0,6.29,49,16.66
22,2,46.82,37.19,1,3,0,1.82,38,23.7
17,3,59.06,75.86,2,1,3,5.83,101,67.89
1,5,69.56,47.05,2,3,0,2.03,97,26.66
11,0,77.47,79.14,2,3,1,6.59,107,55.0
5,4,7.68,14.46,0,3,2,2.71,54,0.0
5,6,36.33,34.38,0,3,3,5.91,84,5.27
19,5,43.93,37.08,2,1,1,5.05,140,37.75
19,4,13.88,32.03,1,0,0,3.81,96,13.24
12,0,72.65,77.64,3,2,3,3.11,141,76.06
17,5,52.06,66.23,0,2,3,1.84,71,58.48
3,5,5.17,1.49,0,2,3,3.62,16,3.33
5,3,61.82,54.53,3,2,1,2.7,117,43.0
20,4,35.51,49.2,3,0,2,2.32,74,47.59
10,4,70.42,59.17,2,2,0,5.93,15,44.19
13,0,21.17,11.9,0,1,2,2.78,29,20.2
11,1,5.11,0.0,0,0,2,2.84,54,0.68
4,5,12.81,42.9,3,3,2,3.54,36,32.79
19,6,44.64,38.46,1,0,2,4.28,106,39.82
18,1,72.32,64.49,1,0,3,4.58,96,56.51
16,2,59.35,80.74,3,1,3,5.49,56,64.84
8,6,6.35,0.0,0,3,0,5.03,21,0.0
15,1,58.24,43.67,1,0,2,4.39,21,43.39
22,1,48.4,32.72,2,1,2,3.86,143,35.8
15,0,76.69,80.27,3,1,2,3.09,58,72.85
11,1,28.1,25.74,1,1,2,5.76,25,22.75
6,4,69.7,54.69,0,3,0,3.41,110,43.98
12,2,61.86,48.01,0,1,1,6.6,132,10.62
8,6,61.07,59.57,0,1,3,5.02,27,46.58
14,6,41.5,29.71,1,1,0,5.3,143,10.97
1,6,6.16,14.5,2,1,3,4.55,112,13.08
4,5,21.89,4.5,1,3,0,7.07,45,0.0
18,4,80.98,71.71,0,1,3,4.03,119,66.85
9,3,60.52,50.91,2,0,0,4.06,69,40.85
10,6,57.03,69.66,3,1,0,6.86,99,36.17
13,0,52.31,42.89,0,0,2,5.13,27,43.14
10,5,11.92,17.73,2,3,3,4.19,44,33.83
18,0,36.29,44.94,2,3,0,3.07,119,42.02
5,2,60.72,44.09,2,3,1,2.97,123,44.95
18,1,16.3,22.42,0,3,1,6.31,11,14.65
5,4,87.89,75.39,2,1,3,3.18,40,73.13
8,5,11.54,35.74,2,2,1,1.53,95,32.58
14,0,66.18,54.96,2,1,0,1.62,137,54.79
21,4,32.11,55.83,3,3,3,7.37,105,50.73
5,1,82.73,66.54,2,0,0,4.86,109,34.5
14,0,79.42,66.61,3,0,1,4.43,64,69.48
1,2,34.99,28.51,2,3,0,7.01,17,17.29
1,4,46.59,29.24,1,1,1,3.61,117,14.47
18,1,91.32,91.29,3,1,3,6.27,122,75.56
17,2,59.71,51.56,2,2,0,5.83,72,47.45
9,6,5.54,30.74,2,1,2,4.36,81,36.87
14,2,74.95,90.47,2,2,2,6.15,43,66.95
9,6,37.52,37.38,1,1,2,7.29,73,28.94
6,5,29.83,30.98,2,3,0,2.7,44,34.69
10,2,79.89,73.7,1,0,1,1.61,69,64.65
7,4,92.08,67.59,0,2,0,6.43,28,40.27
19,4,10.58,41.47,1,1,3,3.92,95,35.66
9,3,40.13,76.27,3,1,3,4.77,44,72.5
7,2,30.17,31.54,1,3,1,2.83,112,35.67
12,2,85.8,91.92,2,1,2,6.55,83,70.88
18,0,83.09,68.0,1,0,0,5.83,136,47.66
6,0,86.1,72.2,1,1,3,7.22,41,59.3
22,2,8.84,22.39,1,0,3,4.35,48,23.26
11,5,9.51,25.93,3,1,0,7.36,44,16.57
15,1,54.63,46.6,0,0,2,4.57,98,34.11
22,1,20.02,29.58,2,2,0,5.23,25,17.35
10,2,15.14,40.49,3,0,2,5.54,106,37.52
4,4,28.43,29.94,0,1,2,4.44,125,13.67
17,1,68.85,79.28,3,3,1,4.88,105,70.95
0,1,65.45,63.84,2,2,1,2.84,28,55.8
10,0,75.67,66.48,1,2,2,3.67,79,61.55
23,2,10.65,6.24,0,3,0,5.71,85,0.0
9,1,73.98,73.25,3,3,0,1.73,65,62.76
16,5,49.16,38.41,0,3,1,5.7,75,26.59
12,6,33.17,33.83,3,3,1,3.32,117,38.94
5,2,59.93,51.82,2,1,1,3.13,127,32.64
7,0,76.96,84.07,3,2,1,5.66,52,74.16
12,0,14.35,16.12,1,3,0,2.79,56,7.93
2,2,77.66,63.33,0,2,2,7.27,39,35.44
9,3,56.25,59.78,2,0,3,7.44,66,55.01
9,3,60.8,55.04,1,2,1,4.25,86,38.74
20,2,84.11,70.3,2,0,2,3.91,110,60.89
2,2,68.9,47.58,1,2,0,1.97,47,42.52
20,1,57.52,53.83,1,3,1,6.17,40,35.08
9,3,35.24,53.77,2,2,1,2.48,14,50.84
15,4,50.93,50.43,2,2,3,7.1,23,47.22
13,0,80.29,74.42,2,2,1,7.44,17,52.47
7,3,94.6,100.0,2,2,2,2.23,39,88.52
22,4,73.05,55.59,2,1,0,5.6,107,37.33
5,4,76.11,55.15,1,0,3,4.3,119,33.33
0,3,67.95,53.6,3,2,2,4.75,147,50.23
18,3,74.03,64.67,0,1,0,2.58,86,39.91
14,4,26.89,33.28,3,0,1,5.84,74,29.22
21,2,43.14,57.41,3,3,2,2.5,136,60.34
10,3,55.04,57.12,2,2,1,6.81,30,48.86
0,2,54.45,55.81,0,2,3,4.22,98,30.93
0,3,58.75,62.82,3,2,2,5.31,125,50.48
10,0,92.62,84.06,2,0,2,7.03,80,65.36
5,2,81.97,67.91,3,2,1,5.93,46,48.14
22,0,79.5,74.76,0,2,3,4.75,97,67.19
2,1,79.73,54.93,1,2,2,3.92,150,36.15
21,2,76.4,76.28,1,0,2,4.27,43,57.61
5,3,66.13,60.86,3,3,2,3.55,89,64.89
2,6,28.09,28.89,1,2,2,7.18,17,14.17
6,0,82.02,69.68,0,3,3,3.02,42,56.25
3,6,30.18,18.06,2,2,0,3.96,118,4.56
9,2,70.24,58.76,0,1,2,6.17,79,34.9
7,5,14.99,30.92,1,3,0,3.69,38,21.43
12,4,54.26,56.0,3,1,1,6.82,57,43.35
12,6,33.69,52.82,1,1,1,2.96,27,30.24
0,0,68.4,47.31,1,0,0,1.69,119,36.95
2,6,81.98,51.07,0,0,2,5.27,142,25.93
3,0,6.4,0.0,1,0,1,4.55,24,0.0
4,6,15.29,28.64,3,1,1,7.1,43,21.95
2,4,88.3,81.22,3,1,3,4.04,130,62.39
7,3,26.53,48.86,3,1,1,2.31,133,51.0
13,2,70.77,72.21,1,3,0,3.48,118,50.07
7,0,78.13,77.93,0,2,3,3.86,110,63.73
7,5,71.65,56.95,0,3,0,5.0,131,39.97
11,5,7.89,24.26,0,3,3,3.15,62,20.74
13,6,71.19,62.88,0,0,2,4.8,136,33.92
7,5,91.54,74.07,2,2,1,6.95,135,43.75
5,6,38.19,44.83,2,3,2,4.04,42,24.04
9,6,68.92,74.3,2,1,3,5.41,20,82.44
0,2,29.88,36.3,0,1,3,2.87,83,28.9
11,4,94.77,85.78,2,2,1,6.31,116,67.84
22,1,23.75,25.44,0,3,0,3.12,129,25.91
9,5,32.5,34.83,2,0,0,4.98,30,23.01
2,4,20.11,22.86,3,1,3,3.3,63,31.84
16,3,90.97,89.44,1,0,2,1.9,118,65.75
3,4,56.43,52.47,1,2,2,3.42,18,38.09
4,1,27.23,20.71,1,0,2,2.77,111,13.99
3,4,17.11,24.89,2,1,3,6.86,51,17.47
21,3,83.73,62.79,2,1,2,3.1,13,67.58
23,2,10.64,10.57,0,0,1,7.35,44,0.0
13,6,62.89,39.53,1,2,0,4.45,114,29.74
14,0,59.91,60.76,2,1,1,2.83,132,40.25
15,5,74.46,75.96,2,1,3,3.85,21,65.0
14,1,66.37,57.89,2,2,0,2.6,75,48.34
13,1,80.28,77.06,2,3,0,6.5,38,62.58
23,1,8.42,24.75,1,3,3,2.22,106,30.79
17,0,43.73,57.84,2,0,2,6.74,120,45.33
2,0,12.29,8.1,1,2,0,1.78,145,8.0
9,5,41.47,33.78,1,1,0,3.3,60,24.21
23,6,55.47,49.88,1,3,0,2.34,52,37.37
9,4,58.44,45.66,1,1,0,5.61,53,35.39
4,0,88.23,62.48,0,0,1,4.57,117,29.73
20,6,87.95,81.86,0,3,3,7.14,72,49.75
14,4,32.88,28.49,0,3,3,3.7,13,30.37
13,3,67.92,48.5,1,1,1,1.74,143,37.99
10,6,69.14,54.47,1,3,1,6.07,24,34.34
2,2,91.14,82.34,0,1,3,4.98,140,55.92
9,2,12.55,13.77,0,1,1,6.46,32,10.08
10,5,60.54,48.19,2,1,0,4.06,85,34.65
22,3,41.65,40.56,0,1,2,5.93,54,18.68
7,5,36.26,29.04,3,3,1,2.53,106,44.75
3,4,60.57,40.93,0,0,3,7.5,66,32.49
10,5,30.16,51.61,1,2,3,2.54,61,54.63
23,2,8.23,26.24,3,0,3,6.48,77,35.43
11,0,75.0,64.18,0,0,3,2.77,146,47.63
9,3,12.81,29.28,1,0,2,6.2,44,25.0
16,4,34.54,46.93,1,1,2,6.67,40,36.69
15,5,58.54,46.42,2,2,0,6.76,19,24.26
7,1,61.14,67.84,3,2,0,4.35,114,57.31
23,5,64.96,64.9,2,3,0,4.07,105,37.91
14,5,94.51,75.61,1,0,3,6.5,95,49.85
1,5,41.12,25.22,1,0,1,4.98,13,7.6
9,5,17.37,32.77,2,3,2,5.23,121,30.2
22,6,17.42,24.44,1,3,1,2.92,124,16.57
9,4,50.92,63.9,2,2,3,4.18,143,48.88
13,2,39.54,36.58,1,3,1,3.72,141,22.15
14,3,87.18,63.93,0,3,3,5.49,47,62.57
16,5,50.98,51.78,2,2,2,2.68,110,54.27
20,1,45.68,39.24,1,1,0,3.93,66,27.06
3,4,82.61,56.88,1,3,1,6.59,94,37.54
12,4,76.65,61.79,1,2,1,4.78,56,44.52
12,4,69.25,57.43,0,3,2,6.88,102,31.56
3,2,52.46,55.16,1,0,1,2.9,144,26.46
16,5,26.12,35.32,3,0,0,4.14,101,42.96
2,0,56.07,59.08,1,2,3,4.5,139,38.64
10,5,15.42,45.3,2,3,3,3.9,141,54.8
7,5,53.31,56.01,1,2,1,5.61,26,37.3
3,6,81.63,54.84,0,1,3,2.39,145,38.51
19,6,51.35,57.93,3,0,0,4.62,125,45.31
5,2,11.16,16.3,3,0,1,2.33,70,16.98
6,0,7.82,19.73,0,0,0,5.28,94,0.0
20,4,82.44,66.23,0,0,1,6.48,97,35.01
21,0,25.19,39.64,3,2,2,1.62,120,36.55
0,1,52.31,54.16,0,2,3,4.24,123,36.56
6,4,74.91,78.47,3,1,3,4.46,24,74.12
17,4,27.79,42.87,0,3,3,5.82,10,43.71
18,4,71.37,86.3,3,1,2,1.95,44,80.79
23,5,11.78,27.91,3,1,1,3.94,84,28.09
13,1,72.38,63.37,0,2,3,6.21,129,46.96
0,5,10.76,3.61,0,2,0,4.69,102,0.0
20,4,29.94,29.15,0,0,3,6.0,29,32.07
3,2,28.1,47.03,3,1,3,3.68,111,45.17
2,3,85.23,56.39,1,2,0,7.02,76,25.66
16,3,53.1,72.6,2,3,2,1.96,61,80.09
14,3,80.88,87.56,2,1,3,2.05,118,78.48
1,2,57.41,55.18,2,0,2,4.67,51,50.5
4,1,77.62,59.26,0,3,3,4.32,97,33.18
14,1,54.62,56.05,1,2,1,5.33,35,35.2
6,2,45.49,54.75,2,1,2,2.87,63,46.28
16,1,64.22,42.72,0,2,3,2.86,88,39.39
9,3,30.78,26.44,1,3,0,5.99,97,20.08
14,6,87.69,80.32,2,0,2,3.25,139,59.04
11,0,86.73,81.41,1,1,3,5.86,50,50.0
8,2,11.55,27.26,1,3,1,5.34,136,15.86
8,0,87.51,100.0,3,1,3,2.0,125,100.0
16,6,21.37,42.49,2,3,2,5.77,60,45.02
12,4,66.31,47.16,2,1,1,6.78,29,32.65
14,1,79.08,62.32,0,1,1,6.4,46,31.19
13,2,26.71,46.74,3,0,1,1.55,102,46.48
4,5,15.14,20.68,3,2,1,4.74,121,2.42
21,6,73.06,75.02,3,0,2,6.98,96,57.62
13,4,44.82,46.81,2,3,2,5.09,112,30.48
17,1,48.8,62.78,2,0,1,3.24,24,64.22
21,4,73.57,68.5,2,0,2,2.67,81,62.74
22,4,27.84,42.2,2,1,2,5.61,133,19.89
16,4,13.74,36.9,1,0,3,6.13,64,30.29
18,0,91.2,95.04,2,1,3,6.98,136,80.04
11,4,67.97,65.33,1,2,2,6.93,27,33.73
17,0,63.69,69.27,3,2,0,3.54,148,59.99
7,6,34.96,46.12,1,2,1,5.12,120,33.04
17,6,94.61,86.86,1,0,1,2.11,98,54.74
2,3,25.03,21.3,0,2,1,2.07,97,14.2
21,4,21.03,36.79,3,0,3,1.93,142,43.25
5,0,33.65,28.44,2,2,2,7.06,63,26.08
15,6,71.51,61.92,0,3,3,2.41,33,51.42
0,1,26.33,16.2,0,2,0,4.39,139,0.0
3,1,33.15,42.59,3,1,2,4.1,24,30.96
23,4,52.67,40.66,0,0,2,3.45,103,27.15
20,6,63.5,66.18,1,3,3,4.73,47,51.69
5,3,18.43,4.87,0,0,1,1.52,141,4.8
3,3,63.92,60.74,2,1,2,3.78,147,43.04
19,3,39.29,41.3,0,0,1,4.38,76,18.99
23,2,36.15,37.46,1,0,2,6.32,85,20.77
4,4,12.11,6.97,2,1,0,5.71,74,0.0
15,6,92.66,78.64,1,2,2,6.6,69,55.7
6,2,67.38,63.1,2,3,1,3.76,142,54.15
17,5,13.99,29.75,2,2,3,2.35,50,48.29
10,5,37.96,39.55,1,3,0,3.91,145,24.8
3,5,12.21,11.89,1,3,0,7.28,101,0.0
7,5,53.74,60.72,1,1,2,2.79,145,45.53
12,6,68.01,58.17,1,1,1,2.55,96,40.52
19,5,10.09,23.12,2,2,1,7.17,125,14.57
0,6,88.0,81.26,3,1,3,7.2,79,70.21
22,5,38.67,46.92,2,1,3,2.4,75,43.75
15,5,26.13,17.68,0,0,0,6.12,46,0.0
21,6,16.69,39.57,3,1,2,4.08,39,31.0
22,6,18.11,33.28,3,1,2,4.45,15,28.6
3,4,81.48,64.81,3,3,3,4.49,64,56.84
2,4,48.2,32.3,0,3,0,7.31,149,0.0
18,6,76.86,90.12,3,1,3,2.61,142,95.97
4,2,25.44,24.36,1,0,2,6.14,107,12.66
3,0,33.62,34.98,3,3,3,1.53,61,45.5
11,6,42.14,45.51,3,1,2,5.27,83,36.2
21,4,45.91,55.05,3,0,3,5.42,116,57.77
19,2,13.79,12.84,0,3,0,6.02,10,3.06
12,5,9.05,11.09,2,1,0,7.06,140,0.0
4,0,94.63,69.86,2,0,2,6.02,132,52.41
8,3,64.99,80.85,2,2,1,5.89,146,52.24
16,1,9.93,39.66,3,3,0,3.02,23,33.52
3,2,74.53,65.6,2,3,2,7.46,143,37.65
12,6,37.5,36.76,0,1,3,4.31,96,28.17
0,3,76.68,68.0,0,2,2,4.0,88,41.57
7,0,90.48,99.51,2,1,2,4.51,35,74.9
5,2,7.39,5.14,1,3,2,3.86,79,10.21
16,1,91.79,83.82,1,0,1,5.06,61,57.69
21,6,19.92,34.06,3,3,2,3.6,149,25.43
3,2,31.75,24.98,0,1,3,2.94,57,12.55
19,2,61.43,60.07,2,2,0,7.07,40,45.43
15,2,69.43,58.39,1,2,1,7.07,143,30.16
23,1,20.32,16.11,0,1,0,4.48,36,2.81
21,5,17.31,28.98,1,0,3,7.27,137,20.91
2,4,30.79,37.24,1,1,2,3.99,145,17.54
17,3,34.3,39.05,1,2,2,3.82,53,57.56
14,2,33.64,38.99,0,2,2,7.0,107,20.7
2,4,20.42,17.18,2,2,2,5.3,122,14.14
6,0,92.37,85.17,1,2,3,6.08,85,57.01
22,6,76.83,70.62,2,0,0,3.98,108,41.78
13,3,93.2,89.09,2,1,2,3.94,28,70.49
8,1,14.33,35.1,2,1,3,2.0,82,50.15
7,3,11.8,25.49,2,1,0,7.3,82,10.74
20,5,53.24,60.9,1,1,2,2.87,89,45.88
6,1,60.3,44.28,1,0,0,4.47,143,24.81
3,3,62.16,50.72,2,3,0,2.19,126,42.98
13,4,13.39,20.4,0,0,1,5.38,95,8.76
23,5,80.94,75.56,2,2,3,3.85,66,68.23
4,3,49.07,48.48,1,1,1,6.11,67,27.12
6,5,38.13,48.97,1,2,1,4.67,12,36.0
11,5,50.4,53.95,0,3,3,2.28,87,46.78
4,6,8.64,20.89,1,2,3,1.56,45,22.37
15,2,24.36,18.44,1,3,2,2.77,134,26.36
6,4,94.86,74.06,3,1,0,5.85,119,64.75
3,1,54.73,52.81,2,3,3,6.47,138,42.26
6,5,12.07,11.09,1,0,1,3.55,150,7.75
22,6,31.36,32.96,0,2,2,4.72,66,14.96
22,2,21.63,8.64,1,0,2,2.94,70,24.89
12,3,88.22,86.86,3,0,1,6.78,95,63.68
9,5,77.56,65.61,0,3,2,7.29,70,43.54
19,0,54.22,60.25,2,2,2,6.02,49,55.39
4,4,90.66,80.62,2,2,0,2.03,109,54.21
15,5,38.56,23.61,0,3,0,4.12,73,9.42
16,6,82.85,80.33,3,1,3,7.44,142,72.64
17,1,47.08,49.1,1,2,0,2.88,41,39.91
5,5,81.38,65.27,2,0,1,5.52,72,29.66
17,5,86.06,69.75,0,1,1,7.13,84,53.95
14,0,46.67,69.06,3,1,1,6.14,138,47.38
21,4,21.02,20.61,0,2,1,5.15,91,9.51
4,4,22.31,32.17,1,0,3,4.54,19,22.39
14,6,31.0,37.58,3,0,0,7.07,57,24.88
19,0,25.06,55.94,2,0,3,3.87,134,52.19
6,6,39.94,42.44,2,1,2,6.91,48,28.25
17,3,50.6,52.99,1,2,3,4.09,58,53.96
2,1,12.84,29.61,3,0,2,6.04,31,29.33
17,2,86.87,98.64,3,3,3,6.99,111,88.97
14,5,5.22,17.32,2,1,0,4.8,29,6.48
4,6,17.45,6.24,0,1,2,3.36,61,0.0
1,2,5.76,22.51,3,3,2,1.81,110,27.12
17,6,93.79,73.37,0,0,3,6.36,136,61.98
5,4,41.96,33.85,3,0,0,5.23,41,16.34
11,1,22.64,19.37,0,1,2,3.08,56,20.69
1,4,15.68,14.76,0,0,2,6.76,26,2.52
23,5,38.34,22.21,0,2,0,7.02,71,2.22
13,0,92.83,65.23,0,3,2,6.82,150,43.35
22,0,54.39,49.18,2,1,1,5.11,52,29.23
3,0,36.88,31.74,1,3,1,7.36,46,17.46
4,3,37.81,28.14,0,0,2,6.75,66,0.0
14,0,15.56,18.99,1,2,2,2.13,136,22.97
14,6,51.53,63.98,3,2,2,7.39,87,47.1
18,0,43.18,63.05,2,1,1,4.79,95,54.11
22,0,70.6,79.19,2,3,3,7.02,120,56.18
19,1,22.28,11.89,1,1,0,6.06,110,3.86
3,5,17.36,18.16,2,3,1,5.39,94,12.12
7,6,57.33,62.29,3,2,1,3.46,89,56.48
21,1,71.78,51.43,2,0,1,1.66,85,36.23
13,3,49.78,30.81,0,3,1,3.16,35,26.02
20,5,76.1,80.39,2,0,3,5.61,68,71.07
13,5,80.7,72.4,3,0,0,6.68,129,47.84
1,1,87.5,63.56,0,3,2,1.51,15,44.51
11,5,39.04,30.56,1,3,1,2.75,126,27.43
19,6,86.39,84.78,2,1,0,5.54,89,64.96
15,5,68.81,38.94,0,2,0,3.2,59,13.32
3,3,61.24,43.88,2,2,1,2.35,26,37.97
5,2,54.84,48.26,3,2,1,1.99,117,51.88
20,6,6.77,6.2,2,3,1,5.33,10,0.54
23,6,55.43,44.74,1,0,2,5.07,86,29.06
18,3,75.11,72.51,0,0,1,6.65,32,44.51
2,5,93.95,73.74,2,3,3,3.39,138,60.68
14,2,43.98,56.13,3,2,1,2.32,35,60.47
19,5,94.11,100.0,3,2,3,6.29,123,94.07
15,0,20.4,35.51,2,1,3,7.43,90,26.69
14,6,91.24,61.76,0,1,2,3.66,15,40.89
11,3,58.07,47.25,1,0,0,6.69,111,28.85
5,4,64.63,40.76,1,1,3,6.08,133,35.93
6,1,56.63,49.07,0,0,3,6.97,41,32.18
17,3,93.46,83.99,0,1,2,4.05,146,68.14
1,0,8.99,18.56,2,3,1,2.11,122,20.55
2,6,41.94,27.14,0,0,2,2.21,114,9.08
9,5,83.77,67.06,0,2,2,6.08,57,45.57
18,3,20.04,43.61,3,0,3,6.68,26,47.61
15,5,56.26,53.23,2,2,2,4.24,70,33.62
14,5,52.12,66.9,3,1,3,1.86,123,60.86
12,0,77.67,70.37,0,2,3,1.9,92,54.19
2,0,87.64,71.95,1,1,3,5.09,101,53.68
7,1,28.3,43.78,2,3,1,7.01,120,26.72
1,0,67.38,62.52,2,2,3,3.9,57,57.33
18,4,54.29,53.75,1,2,3,5.4,15,56.14
18,3,64.65,64.78,3,2,1,4.75,134,60.66
6,3,23.03,30.8,2,3,0,6.84,96,19.1
7,0,29.54,28.65,0,2,3,6.49,89,30.38
7,6,54.49,47.56,0,0,2,2.7,90,36.39
21,6,5.27,4.99,0,0,1,5.57,130,0.0
11,4,69.48,65.79,3,2,2,6.59,118,51.59
18,0,19.54,24.4,3,1,0,7.08,104,18.92
10,2,88.82,77.72,1,2,3,5.04,120,78.47
16,5,82.45,61.7,2,2,0,2.56,50,56.28
12,5,61.1,65.27,3,0,1,4.85,110,46.48
6,1,85.2,72.12,0,2,2,5.49,147,46.67
21,5,93.85,83.26,3,3,2,3.13,43,78.82
17,6,74.75,54.25,1,1,0,7.34,90,30.81
18,3,61.4,72.37,1,3,2,2.88,106,61.34
22,2,45.44,35.8,0,3,0,6.97,82,18.22
5,3,78.22,65.97,2,1,3,4.05,146,45.71
2,0,68.4,63.56,2,3,1,1.5,66,53.1
13,3,47.54,39.19,0,3,1,4.76,40,20.5
7,0,50.0,61.23,2,3,2,5.27,29,44.84
10,0,25.6,16.14,0,1,0,6.72,129,2.17
5,3,75.97,41.09,1,2,0,4.74,106,17.23
9,3,84.05,76.53,2,2,3,2.06,91,72.17
9,6,6.48,45.25,3,1,2,7.06,70,50.29
8,3,15.07,10.06,0,2,0,4.89,67,8.01
17,6,94.21,86.29,1,3,2,3.13,141,76.4
14,5,21.03,33.36,1,0,3,6.89,105,18.24
11,2,71.29,73.18,2,3,3,2.23,146,61.91
2,6,48.28,42.68,3,1,1,2.08,123,34.38
13,3,51.92,54.15,2,3,2,4.71,118,44.74
4,4,14.75,32.98,3,0,3,5.25,88,17.45
7,0,17.41,19.25,1,3,1,4.57,44,33.18
9,1,57.01,64.96,2,1,3,7.07,102,55.76
3,3,38.99,20.94,1,3,3,3.08,110,22.24
9,1,76.77,66.23,3,1,1,7.44,83,57.27
6,4,92.48,69.5,0,2,3,1.62,12,56.32
20,0,78.11,77.21,3,2,0,2.21,145,55.78
20,1,41.53,41.99,2,0,1,2.61,126,43.52
0,4,48.4,50.73,3,0,1,1.98,59,38.99
14,4,19.1,26.45,2,2,0,4.13,79,18.33
15,6,67.61,61.5,1,1,2,6.69,27,40.61
9,6,45.26,41.98,1,2,2,6.42,142,31.32
11,5,82.16,61.68,0,3,1,5.97,42,33.89
18,0,63.68,81.63,3,3,3,1.54,63,100.0
9,4,20.35,35.06,0,0,0,6.69,70,4.99
1,1,41.99,46.81,3,1,3,3.88,47,41.24
8,1,65.93,75.59,2,0,2,5.89,99,61.92
6,1,82.21,70.33,0,2,3,5.86,150,42.09
9,3,36.57,41.42,3,2,0,2.57,130,49.03
5,0,65.25,57.07,0,3,3,4.59,84,39.07
3,3,20.62,20.09,0,1,0,7.06,28,0.0
23,1,86.42,82.06,2,1,2,3.08,131,68.56
3,3,56.77,40.09,0,2,3,5.79,46,25.97
16,4,74.17,63.68,0,0,0,7.25,138,38.4
17,1,40.72,48.27,2,0,0,3.66,65,43.36
14,0,89.65,95.06,3,2,0,3.83,83,72.64
21,5,69.81,53.46,0,1,0,4.22,71,16.86
0,5,18.83,7.02,2,1,0,6.35,74,0.0
7,1,54.52,75.17,2,3,3,4.14,33,70.51
4,6,29.46,16.64,0,0,0,4.42,87,3.29
13,1,80.0,76.15,0,3,3,2.83,66,53.52
15,6,75.45,60.44,1,2,0,7.43,129,24.84
21,0,49.51,60.7,2,1,2,6.85,77,48.88
9,4,32.17,35.25,0,3,1,5.1,146,17.7
5,0,81.74,62.07,1,2,2,7.26,51,36.18
22,1,81.54,76.65,1,1,3,5.62,56,69.23
16,2,50.47,52.53,2,1,0,7.25,15,40.54
18,0,69.55,59.47,0,1,0,2.47,114,47.84
10,3,30.7,37.66,2,3,0,2.85,20,42.44
10,1,36.4,56.0,3,1,3,6.81,50,55.86
9,0,89.97,86.5,2,0,2,4.02,138,72.78
17,6,71.26,78.29,2,2,3,3.73,96,78.48
5,6,11.49,0.0,0,3,3,6.03,88,0.0
23,6,46.2,53.43,3,1,0,5.28,123,43.78
4,1,40.62,28.68,1,3,0,3.56,118,11.4
11,2,25.79,14.29,0,1,0,3.89,134,7.66
7,2,94.54,87.21,2,1,0,3.95,103,69.14
15,2,17.22,17.84,1,2,1,2.26,73,14.87
16,2,33.28,32.41,1,0,0,2.88,28,31.13
22,3,81.38,88.22,3,3,3,4.73,62,80.58
18,3,16.9,43.19,2,2,1,6.19,109,22.59
5,2,38.85,34.93,1,1,2,4.01,45,24.14
4,6,62.08,56.26,3,0,3,3.8,104,41.96
21,6,35.32,25.97,1,2,0,5.4,28,15.0
11,2,41.79,55.03,3,2,1,2.44,18,50.56
2,1,54.51,57.08,3,3,2,3.78,61,56.93
19,3,90.74,96.05,1,1,3,2.75,42,80.43
15,2,83.38,89.79,3,0,3,5.41,132,65.41
0,6,15.08,16.25,2,1,0,2.17,63,0.99
18,3,56.25,80.59,3,3,1,4.19,69,82.46
14,0,63.8,53.47,1,3,3,5.08,66,67.48
14,0,34.32,54.56,1,1,2,6.5,54,44.17
20,0,28.78,32.28,1,0,0,5.85,139,0.09
11,2,58.8,74.71,2,0,1,7.16,114,34.04
11,2,42.35,45.61,2,2,3,5.58,32,38.43
14,5,86.46,67.93,1,0,0,3.6,40,46.64
4,6,19.72,14.31,1,2,1,2.89,21,20.81
3,0,8.7,21.45,1,0,3,1.84,46,25.74
20,6,85.97,81.18,2,1,2,3.17,102,64.98
5,4,85.65,56.17,0,3,0,2.32,141,27.62
12,2,42.51,50.06,2,1,1,3.72,77,36.48
6,2,72.85,78.7,3,2,3,5.72,21,71.73
5,3,81.11,55.79,1,1,1,5.65,16,40.55
14,1,27.94,36.29,1,3,2,3.41,68,29.47
19,6,63.9,51.38,0,1,1,4.55,47,39.5
10,0,71.34,65.49,2,3,0,2.8,91,59.13
3,0,37.17,17.68,1,3,1,4.52,26,14.98
5,1,90.14,80.29,3,1,2,4.56,42,63.0
3,1,92.04,78.77,3,0,3,3.31,88,71.0
21,0,48.81,49.91,3,3,0,3.06,49,44.65
7,2,11.84,17.92,0,2,3,7.38,61,12.3
8,2,87.71,68.01,0,3,0,4.72,41,53.64
1,0,52.07,48.79,1,1,2,4.87,17,41.78
10,5,17.49,25.43,2,1,1,1.55,58,31.86
21,6,70.89,46.51,0,0,1,2.59,56,30.46
9,5,66.84,73.6,1,3,3,3.64,136,67.93
15,3,17.59,27.06,0,3,2,7.3,135,11.59
4,6,29.74,31.38,1,3,3,2.55,70,35.5
3,2,82.78,53.35,1,1,0,3.32,50,34.53
17,2,92.26,73.02,0,1,1,7.44,68,52.34
1,0,41.47,24.54,1,1,0,4.39,95,19.21
10,4,17.11,30.91,2,0,1,3.41,64,37.92
7,0,36.68,38.33,3,0,1,5.31,116,37.01
0,4,50.69,48.61,3,1,3,4.48,145,52.08
12,5,32.04,34.82,1,2,0,7.24,66,3.51
23,1,60.02,67.66,3,3,2,2.0,26,66.97
1,4,5.71,21.7,1,3,3,6.24,27,20.03
19,2,78.48,75.62,1,2,0,3.17,132,65.72
12,2,81.02,75.15,3,3,1,6.34,68,56.04
17,3,75.52,68.29,1,3,1,6.59,56,53.49
2,1,32.31,32.03,2,2,0,6.6,97,11.96
20,5,61.91,51.89,0,3,1,6.7,144,23.64
0,2,37.87,35.18,1,3,1,5.81,69,10.68
21,3,40.03,47.73,3,0,1,2.35,54,47.24
15,5,68.82,48.55,0,1,0,1.81,131,19.81
8,1,80.92,84.47,3,3,2,3.54,21,90.1
0,3,79.79,58.07,1,0,1,4.47,129,42.28
14,6,25.8,34.77,3,2,2,3.32,83,33.83
2,2,64.22,46.72,1,1,1,5.95,12,19.39
14,0,29.04,32.79,1,2,2,5.83,42,24.88
18,1,61.56,61.11,1,3,2,7.33,105,46.46
6,6,38.05,34.93,0,1,1,3.9,116,14.18
5,5,76.1,61.92,3,0,3,6.21,37,51.97
5,5,89.37,74.71,2,1,2,5.95,102,44.21
5,1,31.1,25.94,2,2,2,7.43,149,25.93
2,5,83.19,56.96,1,1,2,6.14,106,31.05
5,2,71.6,65.22,3,2,3,3.2,109,68.21
15,5,55.94,58.57,1,1,3,1.59,37,46.71
7,6,52.25,32.81,0,2,2,7.31,99,24.11
18,1,33.74,32.47,0,0,0,5.8,109,17.11
19,6,23.3,37.09,3,1,0,6.38,25,30.59
18,4,12.5,13.21,0,1,1,6.26,53,6.8
12,5,69.12,72.04,3,2,2,5.91,134,53.35
7,5,25.02,21.52,1,2,1,6.01,150,12.38
22,1,49.58,47.39,0,2,3,7.08,34,28.83
4,5,85.08,61.5,3,3,1,6.98,113,46.22
11,1,65.4,79.44,2,3,2,3.78,80,74.58
10,1,20.23,43.6,2,0,2,1.69,93,46.58
17,0,71.1,73.92,2,2,1,1.73,82,72.62
13,1,24.34,33.83,3,0,2,4.18,132,40.31
19,6,75.19,65.21,0,1,2,6.51,72,42.85
22,2,11.99,11.0,0,2,1,6.59,93,0.0
9,2,17.75,41.48,2,1,3,3.93,104,44.27
20,3,89.08,84.93,2,2,2,3.31,87,75.83
4,4,30.23,37.34,2,3,3,4.54,134,45.86
21,4,18.56,28.76,1,2,2,6.5,43,13.59
4,3,24.34,30.34,2,2,3,5.32,143,32.66
20,5,37.5,35.4,0,3,2,2.34,105,28.78
9,3,80.39,76.41,2,2,2,3.67,145,67.05
23,5,18.73,21.04,1,0,3,4.83,62,12.19
3,6,6.42,16.56,1,2,1,4.73,77,0.0
11,4,82.85,74.56,0,1,3,6.48,16,55.66
21,0,31.97,58.66,3,0,2,7.09,140,46.73
1,1,11.92,21.66,3,3,2,2.1,125,12.75
6,4,7.5,37.27,3,3,0,2.85,51,33.91
2,3,85.96,69.45,3,2,0,3.85,17,50.1
7,1,52.08,68.52,2,2,2,3.28,108,58.46
9,2,59.94,65.39,1,2,3,3.95,104,62.46
14,0,60.45,52.67,0,1,2,1.74,84,53.12
6,1,52.0,50.63,2,3,1,1.9,32,44.44
3,5,74.23,67.0,3,2,3,6.53,139,52.3
4,0,86.55,74.18,1,1,2,2.12,70,46.19
22,5,62.7,66.08,3,2,2,6.44,112,54.34
22,2,80.95,76.1,0,0,3,3.34,131,50.82
5,5,5.87,17.55,1,1,3,3.36,87,21.61
4,1,48.22,50.62,2,0,1,2.1,23,39.32
1,5,59.36,40.69,1,0,0,1.58,135,18.69
23,4,23.11,25.06,3,3,1,3.63,104,29.6
16,5,19.43,21.75,1,1,0,6.51,136,10.57
18,0,17.26,34.25,3,3,0,7.02,96,34.16
6,5,30.63,33.14,1,2,2,1.87,137,21.91
15,1,79.11,78.19,0,0,3,1.69,132,58.12
1,2,7.49,23.35,2,0,2,2.45,40,20.12
16,0,59.22,62.62,2,1,1,6.1,34,52.92
13,6,11.13,33.03,2,0,0,2.73,32,25.46
7,4,58.39,56.6,0,2,3,2.88,122,43.76
17,6,27.7,36.07,1,1,2,6.83,43,33.65
15,3,19.16,6.15,0,0,0,6.75,73,0.0
10,1,46.92,46.87,3,2,1,5.52,121,43.32
4,2,25.8,2.32,0,3,0,2.48,70,3.04
0,3,39.04,46.21,3,3,1,3.79,18,37.3
22,1,61.97,49.81,0,1,0,2.92,61,17.85
6,6,89.26,66.08,2,0,0,5.53,23,22.94
7,6,60.6,64.33,1,3,3,6.18,64,46.96
16,3,50.64,49.1,0,2,0,2.35,113,32.51
6,4,55.13,30.46,1,3,0,6.89,83,19.27
9,4,47.49,51.6,0,0,0,4.28,105,30.64
17,4,55.65,76.44,2,1,3,6.27,25,64.94
14,0,56.32,73.22,3,1,3,1.81,115,61.39
15,3,49.3,56.91,1,2,2,3.66,69,41.68
0,5,75.95,47.4,1,2,3,1.59,50,45.82
10,5,40.17,42.39,0,2,3,5.81,101,43.66
11,4,14.77,28.44,1,1,1,1.98,29,25.6
15,6,62.87,62.22,3,1,1,3.53,80,40.89
3,4,76.65,62.39,2,0,0,6.19,69,31.6
3,2,75.2,79.28,3,1,2,5.99,33,62.77
18,3,27.69,58.86,3,0,3,5.34,144,55.87
16,4,63.23,50.72,0,3,0,5.66,61,25.13
19,6,94.87,85.34,0,2,2,5.41,15,68.8
6,1,14.41,7.68,1,2,1,5.35,72,8.65
23,2,52.05,67.91,3,3,3,3.6,146,63.98
6,4,32.48,36.64,0,2,2,1.67,104,24.75
15,5,76.21,57.93,0,1,1,4.15,99,39.83
3,2,34.23,39.77,3,1,0,1.77,137,18.37
22,4,71.02,61.09,0,0,2,4.31,21,32.66
7,0,19.44,37.03,1,2,3,4.28,87,34.02
19,2,11.03,42.77,3,3,0,2.57,55,44.78
7,6,14.37,6.64,0,2,0,6.21,105,0.0
18,4,28.43,49.21,0,1,3,5.73,130,33.08
10,6,81.46,84.84,2,1,1,4.86,20,62.13
1,1,18.54,19.27,0,1,2,7.06,32,3.58
4,2,8.01,12.93,2,1,2,3.22,144,11.43
16,6,81.81,80.3,2,0,1,3.07,79,63.68
4,6,38.74,16.26,0,1,1,2.6,54,1.94
6,6,57.99,53.82,2,0,2,4.77,31,49.2
13,2,12.54,14.95,1,2,0,2.73,59,14.14
6,5,86.66,69.21,3,3,0,6.71,10,55.73
3,3,50.4,43.65,1,0,3,3.33,41,31.41
14,5,13.06,9.69,2,0,0,4.45,35,1.33
16,5,62.04,59.24,1,3,0,4.68,21,46.69
17,3,37.9,68.73,3,1,2,3.35,146,59.54
22,2,36.81,54.88,1,1,2,5.93,121,26.88
2,6,41.74,26.82,2,3,1,5.65,142,18.12
10,3,50.73,50.52,3,3,0,6.06,43,38.13
5,3,60.74,54.38,3,2,1,5.14,50,41.5
21,4,18.18,33.84,3,0,0,4.26,49,29.65
12,6,72.89,67.84,2,2,2,4.19,88,55.71
2,0,7.44,18.9,2,2,1,5.8,35,2.73
16,6,67.93,75.43,1,1,3,3.76,43,68.29
1,2,21.5,17.9,2,2,3,4.12,147,19.12
6,0,45.21,47.74,2,2,1,2.48,59,47.59
17,2,55.54,57.11,2,2,2,5.58,120,57.04
12,3,63.26,55.39,1,2,2,1.96,42,48.87
18,4,76.19,68.77,1,3,1,7.44,141,45.52
13,3,51.46,51.03,0,0,2,2.36,107,30.31
20,0,84.21,71.22,2,0,0,3.8,131,64.18
13,3,90.95,75.02,0,0,3,2.93,82,45.18
1,1,92.84,86.31,0,0,3,3.24,137,45.49
1,1,33.76,27.84,1,1,3,3.43,61,33.0
18,4,7.9,15.49,0,0,0,5.81,77,7.43
0,5,69.42,67.44,2,0,3,2.56,18,57.37
9,1,27.67,34.88,0,2,2,3.08,34,20.94
0,4,74.09,56.84,1,3,3,2.11,118,55.55
7,2,5.45,13.06,2,3,0,3.49,56,13.78
14,2,74.95,73.08,2,0,1,7.15,24,47.01
4,4,11.31,18.24,2,0,0,3.78,51,8.11
11,1,84.14,77.99,1,2,3,6.16,59,63.62
23,5,63.62,40.36,1,3,0,4.27,111,22.51
1,2,19.55,21.93,3,3,0,4.2,22,26.63
1,0,50.7,44.89,1,1,0,6.44,13,21.9
6,5,50.47,50.07,2,0,3,1.66,112,43.42
19,5,84.11,87.11,3,3,2,6.69,30,74.09
9,3,52.91,44.28,0,1,0,4.41,69,22.79
15,5,54.54,49.66,0,1,1,3.61,106,25.94
0,1,33.71,22.34,1,1,1,6.94,82,9.59
17,2,70.57,78.97,1,3,3,3.54,27,63.33
1,2,9.53,9.37,0,1,0,7.37,111,0.0
17,5,92.12,76.73,3,2,0,7.12,16,57.36
3,2,59.56,44.48,2,2,2,3.11,42,50.61
20,5,81.11,70.52,2,3,1,3.54,25,58.79
7,2,75.3,76.85,2,3,0,6.37,82,64.99
4,4,24.63,21.84,1,2,1,2.67,107,12.86
8,1,31.02,49.59,2,0,1,5.89,101,29.93
0,3,30.02,2.47,0,1,0,2.27,29,0.0
3,0,25.3,23.41,2,2,0,2.73,58,11.22
14,5,6.43,0.0,3,3,0,4.5,30,5.11
7,0,79.43,99.25,3,3,3,5.98,58,73.3
8,6,53.41,55.55,1,1,0,5.94,42,26.95
19,5,58.21,53.38,0,2,2,5.15,114,35.03
2,4,49.25,27.07,3,1,0,3.13,115,25.07
9,6,16.19,35.97,2,2,3,3.99,125,39.18
4,5,44.25,49.45,3,1,1,2.98,38,39.36
11,0,31.43,43.3,1,2,3,3.16,11,31.95
7,5,85.29,93.12,3,3,0,3.44,14,68.5
1,2,68.11,58.74,3,3,1,5.09,128,51.49
1,5,19.64,23.12,0,2,1,2.75,137,2.2
20,6,68.17,43.7,2,3,0,1.76,39,46.77
1,6,54.35,33.59,1,0,1,5.65,133,11.51
18,3,12.35,21.59,2,0,1,1.63,84,31.85
21,1,11.26,23.03,1,3,1,7.32,36,13.43
11,0,18.27,13.44,0,2,2,3.6,54,10.24
7,1,77.94,73.93,1,1,0,1.54,47,53.91
18,6,79.7,77.95,2,2,0,6.81,117,48.58
23,4,59.74,54.04,1,0,1,5.1,36,34.35
2,2,6.41,9.58,1,0,2,6.4,35,3.49
23,3,33.54,26.54,1,0,1,4.11,111,15.1
22,1,41.08,48.54,2,2,1,3.63,52,46.48
3,3,30.59,28.21,1,0,3,5.43,45,30.81
1,2,57.3,47.35,0,0,2,3.94,123,20.05
17,5,10.6,33.83,2,2,0,4.84,141,29.11
1,0,6.8,0.0,0,2,1,3.17,88,0.0
14,6,57.91,54.65,1,1,0,3.5,126,31.71
1,0,28.81,36.78,2,2,3,1.99,128,36.69
16,2,66.79,76.98,1,0,3,6.19,92,68.09
5,2,74.98,41.45,0,1,1,3.59,126,26.19
2,5,60.0,38.1,1,1,1,7.35,11,14.27
1,4,94.07,68.56,1,1,2,3.06,14,51.85
4,1,62.86,57.4,2,3,0,4.35,134,27.94
12,3,74.55,73.93,2,0,3,3.33,29,62.72
1,3,62.69,54.25,0,2,3,5.66,112,41.27
19,3,77.49,77.97,3,1,0,6.35,69,67.87
14,0,40.15,45.12,2,1,2,4.42,121,34.1
7,1,44.09,27.15,0,0,0,3.7,103,10.74
23,3,35.17,25.67,1,2,2,5.97,20,29.45
15,1,56.88,62.3,3,0,2,2.65,57,61.07
16,3,38.72,43.62,2,0,0,5.1,109,20.93
4,1,93.91,71.17,1,1,3,5.9,139,68.32
17,5,59.27,68.4,3,3,1,3.12,123,63.99
13,1,35.21,53.81,2,0,1,5.43,135,41.59
23,4,50.73,61.69,2,0,1,5.91,144,38.02
11,5,75.26,64.78,0,1,3,2.2,136,43.53
16,2,77.55,85.67,2,0,3,3.44,91,79.64
8,0,62.34,66.8,0,2,3,3.94,57,47.99
0,0,5.21,16.9,3,1,1,6.16,81,8.96
3,2,83.18,64.81,0,2,2,4.91,122,32.97
20,0,86.88,72.91,0,0,2,4.2,69,48.41
17,6,83.45,71.16,1,0,0,3.41,127,50.89
8,6,65.4,62.94,1,0,3,1.52,108,61.21
16,6,7.44,30.22,1,2,3,1.62,39,30.11
0,6,90.57,66.71,3,2,3,2.94,139,60.54
0,4,11.1,11.18,1,0,1,2.2,129,0.0
12,2,18.45,14.15,3,1,0,2.22,94,24.68
14,3,61.51,46.48,0,2,0,5.12,37,25.7
22,1,46.56,45.0,2,0,2,5.13,42,31.23
18,5,72.93,78.78,0,0,3,1.77,128,71.7
6,3,61.98,53.58,0,2,2,5.06,12,41.13
19,2,5.38,19.21,0,2,2,2.37,78,23.01
11,4,62.85,65.43,1,2,3,3.76,97,51.9
19,2,82.24,77.49,1,1,3,7.44,42,60.72
4,2,81.69,86.0,3,3,3,4.63,131,66.71
0,1,19.17,29.99,3,0,1,1.71,83,33.71
1,0,36.26,32.59,2,0,2,3.59,19,30.3
23,0,15.76,13.27,1,2,1,5.53,55,2.86
1,2,72.63,54.68,1,3,2,2.85,66,53.53
22,6,61.48,46.51,1,0,0,7.29,41,18.57
17,1,48.6,34.4,0,2,0,4.05,142,19.15
3,4,31.98,21.83,2,3,0,1.63,60,32.79
20,2,75.84,73.46,3,2,2,4.74,80,58.8
3,2,76.23,67.47,2,3,3,5.56,85,51.06
3,1,49.21,44.07,2,1,2,4.24,41,35.97
13,3,16.2,28.08,1,3,2,7.07,90,19.65
6,4,46.88,56.97,3,1,2,6.91,59,41.52
6,2,85.65,91.48,3,1,3,2.33,11,72.45
4,3,57.57,48.19,1,0,2,1.98,67,37.14
14,3,72.86,74.09,3,3,2,3.37,92,62.89
0,1,31.52,28.48,1,2,1,5.15,26,12.58
5,4,35.88,10.63,0,3,3,5.11,119,7.14
13,3,15.54,17.68,1,2,1,3.13,103,8.54
11,0,35.85,48.82,3,1,3,7.21,53,42.96
16,3,20.27,39.43,1,0,3,3.34,93,36.75
5,2,53.51,53.09,3,2,3,6.33,52,42.84
15,5,40.44,39.96,1,1,1,6.49,101,24.08
18,2,80.22,78.83,1,2,1,2.09,31,62.22
9,6,39.45,33.71,0,3,3,2.9,96,35.94
6,4,24.11,45.92,3,2,3,2.79,17,52.55
13,0,12.58,13.09,1,1,2,7.02,12,0.0
13,2,27.73,35.32,0,3,3,3.61,45,24.94
2,6,67.76,39.52,0,2,1,6.52,34,15.75
13,1,61.36,60.55,2,1,3,4.37,79,54.99
3,4,60.8,42.8,3,3,1,4.24,33,37.08
13,5,82.24,79.56,3,1,2,6.92,44,60.85
22,4,27.75,19.88,0,0,2,4.15,23,16.63
12,0,47.37,45.72,2,0,3,5.97,135,43.11
18,2,20.14,39.8,1,2,3,4.05,113,45.61
7,2,24.69,51.56,2,2,3,2.11,40,64.45
22,2,38.38,40.4,2,3,0,1.82,26,37.29
19,6,68.64,44.4,0,0,0,2.75,129,22.33
22,0,80.03,68.67,0,1,3,5.83,104,46.55
17,3,32.65,45.27,2,0,0,3.74,134,26.83
15,6,40.8,48.42,2,1,3,4.22,35,49.13
12,6,84.89,84.4,3,3,2,2.11,60,85.07
22,4,75.22,70.1,3,3,1,5.24,26,60.53
20,6,67.13,43.64,0,1,0,6.32,69,23.61
10,2,41.64,40.37,2,0,0,5.25,32,38.25
2,4,35.7,38.98,1,3,3,7.41,10,28.85
0,3,70.11,52.2,1,0,0,1.6,81,35.17
5,0,13.4,5.76,0,0,2,1.59,148,8.0
1,0,53.91,51.1,3,1,0,4.5,101,25.06
5,6,10.47,0.0,0,3,1,3.1,116,0.0
2,1,61.1,49.79,3,3,0,5.62,124,37.83
23,2,56.16,53.96,3,1,2,6.26,147,37.52
2,4,10.38,6.55,3,1,0,2.11,28,23.27
15,4,42.79,29.25,0,0,2,7.0,45,22.16
8,3,22.32,33.48,1,1,3,1.68,96,48.2
4,6,76.83,57.66,0,2,2,5.63,125,32.83
16,5,87.2,85.23,2,1,2,3.81,119,66.8
23,6,33.32,44.9,3,3,3,5.5,112,37.01
18,4,7.64,33.29,2,1,3,2.09,54,45.19
23,6,85.79,53.37,0,3,2,7.12,61,40.64
14,4,81.01,75.33,1,2,2,7.12,21,55.84
16,3,76.72,50.5,0,2,1,4.62,54,54.1
3,5,37.07,24.74,1,3,2,4.56,31,17.25
20,6,12.17,11.21,1,3,0,5.31,142,0.0
17,0,92.74,100.0,3,1,3,4.98,22,93.37
6,6,49.41,47.25,0,1,3,4.76,61,25.77
8,4,37.1,40.36,1,2,1,5.04,135,40.03
14,6,74.95,74.17,0,0,3,6.65,144,40.66
0,5,65.36,74.17,3,2,2,5.17,63,55.25
19,6,8.77,28.36,1,1,3,2.68,75,38.54
6,1,91.26,92.0,3,3,3,6.98,83,73.68
1,1,55.05,48.51,2,0,2,2.8,125,40.42
7,1,21.94,33.52,1,2,3,2.49,118,40.65
20,1,6.44,21.27,2,2,1,7.48,83,16.73
6,1,54.7,52.29,0,0,1,2.78,62,31.93
12,3,58.46,39.66,3,2,0,2.1,62,26.29
19,1,13.97,42.87,3,2,3,4.87,101,45.37
0,1,54.04,50.33,1,1,1,6.46,127,13.18
18,3,43.86,49.33,0,2,2,1.86,20,59.28
6,5,44.39,37.85,1,1,0,4.44,118,25.88
16,0,92.77,81.59,3,2,1,1.91,77,69.58
4,3,31.63,37.69,2,0,2,4.07,30,22.34
3,4,84.57,63.96,0,1,1,3.56,23,30.1
18,4,36.01,42.32,0,0,2,2.32,57,39.33
19,0,21.16,21.64,0,0,1,7.09,45,5.0
23,5,18.7,37.57,3,0,2,5.31,24,29.7
16,0,89.66,73.29,1,0,1,6.56,51,46.43
11,1,7.1,15.92,3,2,1,6.94,127,16.96
4,2,24.72,20.42,1,0,0,7.08,111,0.0
7,5,35.64,59.33,3,1,2,5.99,39,65.48
15,1,64.11,55.96,3,0,0,3.34,105,53.8
8,5,38.82,40.79,2,1,2,6.47,73,50.89
11,6,6.84,8.78,0,0,3,4.62,115,7.86
4,6,51.53,32.48,0,1,1,3.13,44,24.35
10,2,84.6,69.76,0,0,3,3.81,18,66.78
5,0,84.79,76.04,2,2,1,3.31,54,49.78
2,1,94.24,78.6,2,1,3,4.3,150,60.74
3,5,35.82,41.35,3,2,2,6.19,88,32.83
12,1,16.02,29.33,3,3,2,4.41,17,43.79
8,4,11.26,26.19,1,1,1,3.11,147,21.53
2,2,83.04,73.45,1,2,3,2.02,126,63.18
12,5,72.34,61.34,3,3,2,6.63,86,51.67
3,4,61.48,50.51,3,1,1,4.0,114,38.23
0,4,49.71,43.69,1,0,3,4.15,36,25.43
3,5,46.16,23.56,0,2,1,6.08,93,6.47
10,6,49.46,56.71,0,2,3,6.6,138,35.77
22,2,37.75,42.0,3,1,1,4.57,71,29.78
5,3,47.72,48.36,1,1,3,5.29,15,31.72
6,4,23.93,34.62,2,0,1,2.93,116,28.41
5,5,15.6,23.48,3,2,2,7.11,112,19.51
8,3,24.02,50.59,3,2,2,4.91,114,48.01
17,2,92.39,75.75,1,2,2,5.82,101,71.15
7,5,94.16,84.36,2,1,1,2.19,29,81.49
15,6,72.64,44.88,0,0,0,5.32,26,18.48
21,3,80.35,84.1,3,2,3,3.71,121,82.96
22,0,14.32,22.03,3,2,0,4.2,130,15.55
13,2,16.07,16.99,1,0,0,5.59,21,0.0
17,3,13.34,33.67,1,0,3,6.28,91,24.45
22,4,10.69,18.67,2,1,0,3.6,80,7.69
18,4,72.26,77.28,1,0,3,6.74,59,59.15
7,5,10.08,28.27,2,0,1,2.81,100,36.9
3,0,90.41,56.29,0,2,2,4.88,138,34.11
2,3,63.86,46.55,1,1,0,2.41,125,24.55
21,4,20.38,27.08,3,1,2,3.24,31,37.08
13,6,78.58,62.01,3,2,3,6.87,75,50.71
7,0,79.13,83.78,0,0,2,1.57,141,63.79
8,6,55.75,59.57,3,0,2,6.99,43,55.33
6,0,13.19,14.36,0,1,2,3.47,130,18.58
19,1,41.07,42.52,3,1,1,5.67,79,52.24
14,5,54.37,46.96,1,2,2,2.05,83,43.32
21,5,71.94,64.25,1,0,2,5.35,45,41.79
7,6,31.87,37.64,2,1,0,6.96,139,19.36
11,4,83.58,70.73,3,2,1,4.83,84,63.15
2,4,27.57,21.74,1,3,2,3.67,91,18.84
23,3,94.84,75.86,1,2,0,6.26,75,45.98
12,3,15.35,31.73,3,2,1,5.78,22,22.48
13,3,79.97,77.47,3,3,1,2.21,120,73.09
9,2,16.9,40.49,2,2,2,5.49,56,39.7
6,5,73.34,54.04,0,2,1,5.49,43,26.87
22,2,82.61,96.22,3,2,3,6.01,120,86.63
11,4,33.16,39.83,2,3,2,3.4,38,42.68
16,4,14.12,40.03,2,3,2,3.91,106,34.26
0,3,94.99,77.5,0,0,3,7.26,76,51.2
6,4,92.39,70.05,3,1,0,4.94,122,50.72
19,0,73.11,76.73,2,2,1,4.55,17,63.65
2,2,39.78,16.16,0,2,0,7.42,119,0.0
2,3,17.1,10.25,1,1,2,2.88,42,17.03
19,2,42.62,43.72,1,2,1,3.89,132,37.96
7,6,69.83,77.41,3,1,2,6.06,59,68.98
6,6,18.71,17.52,1,2,3,5.78,10,9.75
13,4,6.51,23.88,3,2,1,7.3,78,11.4
4,2,86.36,66.66,2,3,1,5.43,17,50.18
1,0,68.0,57.23,1,3,1,3.38,47,35.71
0,5,67.45,43.13,1,2,1,3.89,111,25.57
1,6,90.25,82.31,3,3,1,2.04,89,70.09
3,3,51.86,41.05,1,3,1,7.04,109,15.14
16,5,33.63,42.98,2,1,1,2.27,133,36.05
7,6,86.85,78.45,0,3,1,4.77,75,54.21
1,3,93.72,81.94,1,2,1,3.91,86,39.96
0,1,6.84,9.45,2,3,1,2.31,18,20.56
11,0,34.76,28.85,1,0,1,3.26,50,22.97
20,5,37.62,51.09,3,1,2,5.3,112,41.21
8,3,15.01,9.85,0,2,1,1.69,18,14.68
1,1,24.94,15.85,3,2,0,7.3,60,12.47
5,0,7.2,18.33,0,1,3,6.95,29,2.87
11,6,67.68,67.73,1,0,3,2.01,130,61.2
4,2,14.62,10.52,2,0,1,6.71,89,0.0
23,2,84.89,96.06,1,2,2,3.47,100,68.62
18,4,57.56,60.77,2,0,3,1.91,106,66.66
8,2,37.05,55.02,3,0,1,3.34,41,53.12
22,6,77.8,53.44,1,3,0,6.35,17,41.37
7,4,63.56,77.23,2,3,1,5.49,66,52.15
3,2,72.77,59.68,3,0,1,2.93,36,41.59
22,1,84.0,77.49,3,0,1,5.82,55,57.07
23,6,77.69,49.28,0,1,2,5.75,54,21.71
7,4,75.12,87.67,2,2,1,5.96,120,77.33
14,6,70.69,67.57,3,0,2,4.74,55,61.93
4,2,38.97,38.42,3,3,0,6.41,31,28.33
15,0,63.66,72.87,3,1,3,5.35,145,67.55
16,6,55.91,45.4,0,2,1,2.25,16,47.7
17,1,91.71,76.44,3,0,1,6.36,38,64.57
13,5,50.08,47.46,3,1,0,3.44,58,35.27
16,4,24.96,37.07,2,2,1,5.73,18,37.81
13,1,46.2,47.49,0,2,3,5.55,136,29.94
19,5,42.32,58.49,0,0,2,3.52,59,35.01
4,0,47.17,43.47,1,1,2,2.47,120,28.5
11,2,57.29,70.27,3,0,2,5.67,28,58.31
9,2,90.32,71.9,0,1,1,6.59,83,52.87
12,4,30.3,34.62,2,0,3,6.53,27,24.84
3,3,92.22,60.44,0,3,1,5.26,42,36.34
7,4,75.16,80.98,3,1,3,2.86,67,82.51
22,3,21.46,27.1,0,1,3,3.4,131,13.72
2,5,30.24,8.31,0,2,0,6.03,53,0.0
15,1,86.84,50.78,0,0,0,3.97,116,29.02
15,5,77.12,84.4,2,0,3,5.89,22,57.04
11,0,17.9,26.9,3,3,0,3.36,45,25.01
0,0,57.61,44.17,1,2,2,1.54,95,41.75
0,5,29.93,13.82,2,0,0,5.12,76,7.39
6,1,61.68,59.08,2,1,2,5.11,80,50.29
2,5,20.62,11.8,1,3,2,5.27,105,17.92
2,0,36.67,29.05,3,0,1,3.11,20,35.48
3,1,39.97,38.92,1,1,3,6.37,108,28.13
4,6,53.39,37.16,0,0,3,4.42,131,16.67
20,1,26.54,24.35,0,2,0,6.07,118,9.81
15,6,70.5,54.24,0,2,2,5.17,50,31.76
0,2,77.83,56.84,0,2,2,4.0,59,42.98
15,5,62.6,47.68,0,1,1,5.58,145,7.36
3,6,86.28,66.81,0,1,3,4.95,121,38.53
10,0,76.14,57.94,0,2,1,4.56,141,34.4
0,2,8.96,18.75,2,3,1,5.39,138,7.41
2,4,12.62,0.83,0,3,2,2.02,71,0.0
3,6,64.4,46.66,2,3,0,6.96,28,25.07
10,1,69.97,58.94,0,0,3,3.51,42,56.38
11,1,92.11,84.48,3,1,1,2.85,51,68.22
8,2,5.3,24.05,1,1,1,6.13,127,11.24
14,1,26.33,35.84,1,3,2,2.89,48,34.87
17,1,79.86,93.91,2,1,3,7.47,60,75.59
17,0,85.24,93.25,3,0,3,4.02,130,94.76
13,5,46.8,57.06,3,1,1,3.28,33,42.57
13,5,48.54,41.1,1,0,2,1.87,103,37.46
11,1,81.83,64.71,1,1,1,1.75,87,53.53
5,3,46.4,39.32,1,1,2,2.07,148,20.4
11,4,75.87,68.58,0,2,2,1.53,79,54.43
0,4,90.39,66.25,1,0,2,3.46,83,47.9
23,6,28.57,38.43,3,2,0,3.36,129,25.64
8,4,29.7,33.0,1,2,0,4.08,149,33.63
18,4,89.47,78.78,1,2,0,2.9,112,69.2
22,0,43.19,25.11,0,3,0,1.88,108,13.57
11,0,6.42,14.93,1,0,2,1.93,133,19.49
20,4,50.22,35.51,0,0,0,2.59,148,21.53
11,6,60.51,48.93,1,1,0,3.4,113,29.04
3,2,27.03,14.81,1,2,1,2.39,51,6.81
0,4,70.47,48.69,3,3,0,3.69,100,35.33
3,1,25.96,17.77,2,0,3,7.03,43,20.06
22,3,15.77,21.57,1,1,0,3.07,80,13.97
11,5,27.44,34.37,2,2,0,2.51,72,22.71
7,4,53.05,44.13,3,2,0,5.49,149,48.83
10,0,82.02,64.58,0,2,0,4.45,88,52.46
6,6,52.64,42.26,1,2,1,1.78,145,41.71
20,6,81.41,75.13,2,0,0,6.23,123,50.41
23,3,10.78,10.29,0,1,1,5.79,129,0.0
2,2,38.53,33.56,2,2,0,7.36,33,5.93
17,3,44.17,47.82,0,0,3,7.13,119,33.15
8,5,77.16,80.74,3,3,3,5.01,45,78.32
1,3,59.96,63.54,3,2,2,5.62,91,45.56
22,0,75.65,70.02,0,2,2,3.96,78,46.86
1,0,35.47,26.66,2,2,2,6.83,46,14.24
4,5,89.06,74.12,0,3,3,4.82,148,52.1
0,5,78.23,49.5,2,0,0,3.45,133,39.64
11,5,87.39,62.6,2,3,2,1.56,90,77.5
14,0,28.65,35.7,3,0,0,5.02,11,28.26
7,1,5.59,16.58,0,3,1,4.65,35,12.11
1,2,60.39,46.87,2,0,3,6.37,42,38.29
2,1,49.33,36.64,3,1,2,2.62,147,47.46
22,2,75.11,58.61,0,2,2,6.39,66,47.25
19,3,13.77,17.52,1,2,0,1.59,16,22.18
22,1,58.59,73.77,2,0,3,5.02,92,64.34
12,0,22.9,24.57,0,1,2,3.88,144,15.92
13,2,51.31,46.09,0,3,1,3.49,89,26.34
18,5,19.25,39.33,3,0,1,4.1,72,36.2
14,4,87.11,91.7,2,3,2,2.84,34,87.17
10,2,21.49,26.23,0,2,3,2.6,133,35.75
7,2,56.76,68.25,3,3,2,6.33,24,61.65
11,4,5.5,14.98,2,3,3,2.87,141,33.84
1,1,19.08,16.42,1,0,0,5.92,41,1.02
4,5,49.94,56.76,3,3,2,5.77,29,42.04
17,6,8.69,34.36,1,1,3,1.7,59,34.24
20,0,53.85,50.9,1,1,2,6.79,10,28.91
2,6,21.59,9.12,2,3,1,6.24,11,0.0
2,0,70.39,46.07,0,1,1,6.28,36,17.4
2,3,83.15,51.12,0,2,1,6.36,107,24.86
18,4,73.27,70.21,0,2,1,5.0,124,56.3
7,2,10.71,14.72,1,1,0,7.46,44,9.58
7,1,49.67,37.63,0,3,0,2.57,100,31.25
0,0,15.01,36.02,2,3,2,1.93,59,21.12
23,5,41.82,48.7,3,2,0,5.73,71,33.96
10,0,80.56,87.53,1,2,3,3.26,57,66.82
19,3,8.7,21.68,0,0,3,5.15,135,25.14
16,2,27.65,23.2,0,2,1,3.85,82,27.49
3,6,79.39,58.63,0,3,1,3.5,81,33.96
19,6,41.53,67.35,2,3,3,6.86,131,60.37
13,5,26.18,12.85,1,2,0,2.35,102,15.28
14,5,90.45,68.5,1,3,1,2.63,31,55.67
4,3,19.02,22.29,3,3,2,5.51,36,24.84
20,2,75.97,75.07,1,2,3,6.2,58,49.44
22,1,21.03,36.74,2,3,1,6.49,23,23.79
9,6,91.67,89.43,3,0,2,2.89,107,73.63
2,2,75.75,43.94,0,2,0,6.79,79,9.92
20,3,29.88,19.82,0,2,3,5.16,16,17.04
21,0,93.53,68.66,0,1,2,6.44,66,34.26
12,1,15.3,29.57,0,2,2,1.91,127,27.44
13,4,82.36,77.75,3,3,0,3.64,137,62.48
5,2,67.95,66.41,3,2,1,4.65,145,55.13
1,4,20.65,22.31,2,1,2,4.96,140,21.02
22,1,54.17,41.09,0,1,1,2.09,95,32.24
11,0,6.07,31.5,3,2,3,4.73,140,39.99
6,6,56.58,68.01,3,2,3,5.49,144,58.3
16,3,57.4,62.96,1,1,0,3.67,99,52.43
0,2,41.77,39.36,2,2,3,4.5,68,34.48
1,2,79.2,62.06,2,1,1,3.26,146,44.84
5,4,88.77,68.36,2,3,2,6.72,68,50.47
10,3,53.04,38.41,1,2,1,5.1,33,48.39
8,2,65.66,71.71,1,3,2,4.81,24,56.75
4,6,18.13,24.28,1,1,1,7.17,90,7.07
8,6,94.83,85.63,1,1,1,5.49,14,52.67
8,1,82.21,88.8,3,1,2,3.18,26,83.66
12,4,90.41,93.07,3,2,0,5.35,44,65.43
13,6,75.03,59.23,0,2,1,7.27,84,22.91
21,3,34.06,30.14,0,2,0,1.64,77,13.98
19,0,24.95,30.95,1,3,0,5.26,82,26.63
7,0,50.99,66.77,3,2,2,2.44,81,66.36
21,4,12.43,22.02,2,3,1,6.4,150,8.99
12,6,54.66,66.19,3,0,2,5.34,40,56.51
4,0,38.29,33.93,2,1,3,7.12,76,26.87
8,3,70.51,76.7,2,2,2,5.52,96,66.38
17,3,61.31,59.17,2,1,1,1.6,48,66.79
19,1,27.19,38.14,0,2,2,4.56,35,42.14
8,4,71.01,84.89,0,2,3,6.92,16,47.14
3,6,33.0,32.66,2,1,1,2.89,55,21.43
4,1,27.37,28.93,1,2,1,2.0,45,10.36
2,0,42.67,39.04,2,3,0,5.82,37,38.34
16,2,19.21,9.55,1,2,0,4.52,48,15.19
12,2,34.26,23.75,0,3,0,1.79,108,21.56
10,5,28.39,36.57,2,0,0,3.18,126,22.48
16,3,6.96,12.39,3,3,0,3.46,82,24.51
19,0,32.08,45.11,1,3,3,5.51,19,53.82
19,2,47.02,48.3,0,3,2,4.33,113,44.84
3,5,79.68,43.75,1,2,0,4.42,31,35.77
14,3,21.24,35.51,3,1,3,6.34,18,33.39
21,3,34.47,51.18,1,2,3,3.17,90,42.39
18,1,7.64,0.0,0,3,3,5.54,69,18.92
7,2,11.76,42.37,3,3,3,3.71,53,57.51
9,0,37.05,39.82,0,3,0,4.01,146,26.29
21,0,49.99,43.81,0,3,2,4.84,22,25.26
0,0,72.34,75.95,2,2,3,5.67,17,52.98
12,4,73.69,55.06,1,1,0,7.17,92,31.05
2,1,87.26,56.49,0,0,2,3.11,68,29.99
21,4,86.7,62.36,0,3,0,2.12,123,37.58
0,6,14.13,1.51,0,0,1,4.07,15,0.0
0,4,15.08,10.86,0,0,3,4.78,69,0.13
7,4,49.71,47.53,0,1,2,2.87,30,43.71
4,0,58.05,37.25,1,2,1,6.84,15,20.54
11,3,58.81,63.48,3,2,3,6.29,75,54.25
7,6,48.76,35.26,1,1,0,4.46,113,19.3
8,2,93.31,79.1,0,2,1,4.2,32,66.81
13,5,50.81,46.59,3,3,1,1.74,128,49.53
13,4,89.18,73.51,2,3,2,4.72,83,65.91
22,1,93.94,79.12,3,3,1,5.07,77,68.09
11,0,44.96,47.81,2,3,1,6.85,140,26.91
13,0,17.04,29.95,1,0,2,4.51,56,17.29
16,1,34.33,46.98,2,0,0,2.44,38,26.4
4,2,37.27,20.33,0,0,0,2.58,120,0.0
16,4,84.95,76.91,1,0,0,2.46,25,56.09
20,4,91.55,74.53,1,3,1,7.13,132,51.67
7,3,20.27,27.78,1,2,0,6.26,126,10.79
4,5,6.81,12.98,3,3,0,6.45,147,5.87
8,5,79.76,78.32,3,1,2,6.54,74,64.94
6,4,55.28,45.27,1,3,2,2.07,97,45.64
14,6,72.61,74.74,3,3,0,5.71,134,49.99
20,2,34.85,29.97,0,0,1,5.73,28,16.5
14,5,19.27,42.23,3,3,2,2.85,53,49.81
3,2,28.82,27.05,2,0,3,4.44,76,20.4
7,1,9.36,30.9,2,1,3,5.47,98,45.21
16,1,39.73,35.97,2,0,0,6.88,105,20.84
7,0,13.93,46.55,3,2,3,2.16,140,54.4
14,6,46.74,41.35,2,0,1,6.85,78,20.92
16,1,76.93,77.51,3,3,1,7.03,34,77.48
7,5,9.29,41.38,2,1,2,7.04,36,22.76
15,5,85.7,69.37,1,3,0,1.53,122,53.74
9,3,16.08,25.16,0,1,1,2.83,75,5.91
3,6,64.04,46.69,3,2,1,5.65,99,39.82
8,6,26.65,17.18,0,2,2,3.43,89,18.93
10,6,81.04,68.15,0,3,0,1.87,124,45.8
0,3,5.93,0.0,0,1,0,6.08,40,0.0
21,2,42.92,31.39,0,2,1,1.67,34,26.13
12,0,91.57,72.25,0,1,3,4.18,113,53.76
0,5,15.16,7.44,1,0,2,7.19,71,0.0
20,6,73.46,60.8,1,3,2,4.14,125,42.49
20,3,70.4,56.29,1,2,2,6.97,28,47.09
0,0,33.73,20.77,1,1,2,3.95,48,15.17
3,5,10.44,4.3,1,3,0,3.58,145,0.0
8,2,79.98,82.05,0,3,3,2.14,128,71.23
12,3,86.44,60.08,2,3,0,3.65,18,55.07
17,4,16.5,33.25,1,1,2,3.52,125,36.29
10,1,81.3,89.33,2,0,3,6.58,19,75.79
14,0,79.99,68.72,0,1,2,7.02,26,49.92
0,0,56.93,58.44,3,1,3,1.63,136,57.95
15,6,75.52,58.19,2,0,0,2.09,27,43.12
21,6,8.55,22.47,1,2,2,5.36,52,19.05
12,2,49.66,43.1,1,1,0,4.41,29,21.84
10,2,92.03,71.0,1,3,2,3.28,94,65.5
7,2,74.77,72.29,3,0,0,3.06,18,53.82
22,2,29.13,39.36,2,2,2,2.85,50,50.6
0,3,61.12,37.35,1,2,1,4.65,56,38.13
6,2,24.13,25.67,2,0,0,1.6,101,20.24
3,4,24.99,25.43,0,1,3,5.93,80,16.47
20,2,22.04,37.08,3,3,3,3.3,37,52.65
11,4,22.1,27.54,2,1,0,4.06,75,19.48
22,6,49.94,32.03,1,2,0,4.66,74,25.63
15,1,32.88,25.02,2,2,0,2.77,59,16.91
13,0,75.02,66.32,0,3,2,6.8,85,41.41
12,3,85.47,86.76,1,2,3,5.59,55,53.4
4,0,48.88,33.91,3,3,0,6.72,57,18.21
13,1,22.22,41.67,3,3,1,4.35,120,26.29
16,5,94.82,81.18,0,0,2,4.09,45,50.25
23,2,9.23,5.15,2,3,1,2.92,56,13.99
13,3,54.47,51.17,2,3,3,4.77,29,55.49
22,5,24.77,42.09,2,0,3,5.06,108,28.55
22,0,89.39,65.99,1,1,2,4.02,109,50.44
12,3,34.25,38.33,2,1,2,2.37,105,34.23
10,0,91.22,79.11,1,3,1,3.14,33,68.82
3,3,92.55,80.77,3,1,1,1.59,73,63.26
6,1,89.87,89.0,3,0,2,3.41,51,69.73
21,6,76.35,78.95,3,0,0,4.98,117,55.93
3,1,71.71,50.92,1,3,2,7.23,57,29.31
9,1,90.75,81.03,2,0,0,2.57,68,57.42
16,0,25.13,36.26,0,1,2,1.83,74,39.57
5,0,77.89,76.07,3,2,2,3.28,117,53.12
23,1,15.21,37.31,3,0,1,2.44,109,39.95
15,1,37.57,43.01,3,0,1,5.67,125,26.45
0,5,41.16,32.2,0,3,2,1.53,70,23.86
5,6,94.58,64.62,1,1,2,7.39,125,31.54
17,5,33.89,41.86,1,1,2,6.63,132,30.07
20,6,54.93,68.06,3,3,3,4.44,83,59.25
22,6,62.01,59.48,2,0,0,7.03,105,23.26
20,3,66.01,61.52,2,1,0,5.27,138,28.85
1,2,15.81,17.02,1,3,2,7.46,128,1.93
17,4,55.32,46.27,0,3,0,3.17,48,39.84
2,2,62.12,50.57,2,1,0,7.48,111,26.84
1,4,86.3,83.46,2,3,1,2.58,72,57.62
16,6,91.16,89.61,1,2,2,3.62,30,69.59
11,1,26.15,31.5,2,2,0,7.11,62,15.01
15,5,23.95,14.66,1,3,1,3.72,147,11.81
20,6,66.54,50.0,2,2,0,2.76,145,37.59
1,3,49.05,42.05,1,1,3,1.86,120,35.25
12,2,71.92,85.15,3,2,3,2.39,149,75.63
20,1,81.36,67.02,3,0,0,3.63,90,51.4
10,1,5.96,22.79,1,1,1,4.03,116,3.19
12,2,84.09,65.38,0,2,1,4.75,33,41.09
11,5,28.89,35.28,2,1,1,6.38,52,25.32
21,3,92.25,79.91,3,2,0,1.58,34,78.31
1,1,43.72,33.3,2,1,1,6.55,142,24.64
21,3,81.72,69.02,1,0,3,4.96,96,55.51
19,5,22.99,35.84,2,0,0,6.04,141,12.89
19,0,52.26,49.09,1,2,0,6.04,68,31.37
9,0,10.7,24.16,3,0,1,6.92,66,19.16
12,6,71.14,64.78,2,1,1,2.06,105,42.46
8,5,89.79,100.0,2,2,1,4.93,90,66.4
6,4,80.88,61.82,1,0,0,6.95,62,28.86
21,6,66.23,57.27,0,1,0,5.82,54,15.26
12,4,15.7,15.21,2,1,3,2.08,82,36.47
17,3,93.56,77.47,1,1,0,5.18,20,61.31
2,1,35.96,43.57,3,3,1,6.3,36,31.52
18,5,61.95,61.71,0,3,3,3.15,16,60.13
15,5,29.57,37.79,3,1,2,5.29,31,37.1
23,2,79.46,72.03,3,3,0,6.54,38,49.79
3,5,39.06,35.02,2,0,0,4.64,20,25.78
12,5,40.16,60.92,3,1,1,2.67,17,43.91
12,0,5.4,25.35,2,3,1,4.8,125,8.7
12,1,56.78,49.35,0,0,3,5.03,35,37.81
1,4,27.57,15.22,1,1,0,3.92,88,6.29
11,4,87.97,76.76,3,3,0,5.58,23,58.81
7,4,75.48,76.28,3,3,2,4.1,143,81.77
14,2,90.69,76.21,0,3,3,6.76,43,57.5
5,5,40.08,16.94,0,3,0,6.25,115,0.0
10,3,64.56,70.08,3,3,3,6.33,100,66.79
14,1,45.66,50.74,0,1,3,4.66,118,36.0
1,0,86.84,76.47,3,1,1,2.68,98,61.23
18,6,34.18,39.13,2,1,1,5.85,81,39.68
17,4,34.57,59.92,3,0,3,1.91,118,70.97
1,3,37.93,20.56,0,0,2,4.61,124,0.0
1,1,49.8,36.99,1,3,2,1.82,63,34.4
20,0,84.89,79.94,2,0,1,4.67,142,47.82
6,1,23.67,32.34,0,2,3,5.62,149,29.69
20,0,63.62,46.21,0,0,1,4.02,111,21.58
11,3,32.54,39.61,2,2,1,4.0,140,32.03
8,1,12.44,25.44,0,1,3,2.24,24,26.83
6,0,90.83,81.42,3,0,2,3.31,86,60.28
15,1,75.72,75.35,2,1,3,4.17,101,57.33
2,4,90.68,82.32,2,2,3,6.68,140,58.74
9,3,41.02,54.68,2,3,2,6.89,26,52.0
8,1,73.13,55.8,2,1,0,7.22,123,43.48
3,5,63.6,63.96,3,1,3,2.1,20,52.39
8,3,60.71,56.89,0,2,2,3.28,60,50.52
12,1,8.62,0.0,0,1,0,4.28,107,0.0
16,4,11.46,19.59,2,0,0,5.35,51,20.39
2,6,22.57,21.69,0,0,3,5.72,127,2.37
20,3,72.47,61.87,0,1,0,6.22,141,27.23
21,1,76.85,47.85,0,1,1,4.48,32,34.53
16,2,63.25,71.4,0,0,3,4.84,46,64.62
22,4,22.29,19.88,1,3,3,7.26,20,32.21
10,6,74.99,88.77,2,1,3,2.94,110,80.18
19,6,15.21,22.28,0,2,2,6.32,134,14.42
17,6,85.46,80.53,3,0,1,5.77,94,65.25
13,5,39.63,48.02,3,1,1,2.34,28,43.87
4,4,70.44,57.98,2,1,3,7.06,34,46.9
13,4,20.25,26.19,0,2,2,6.63,14,10.63
21,5,33.29,35.1,2,3,1,6.18,79,36.13
23,5,49.57,34.02,3,1,3,2.26,111,43.19
10,4,49.67,39.09,0,1,1,2.34,31,42.69
5,0,13.75,13.24,2,3,0,5.6,129,0.0
17,6,54.35,69.6,2,1,2,2.14,45,62.25
1,0,11.76,16.79,2,1,1,2.18,82,12.38
3,2,88.13,85.81,3,0,2,3.9,104,67.0
13,3,42.96,32.67,0,2,2,1.53,86,28.9
23,6,44.52,43.15,0,0,2,5.83,77,28.93
7,0,56.93,55.2,0,0,1,4.74,57,34.47
10,3,75.35,56.84,1,1,1,1.97,70,47.44
7,2,11.26,29.8,1,1,1,4.76,43,16.26
10,0,68.27,83.44,3,0,3,1.82,51,80.63
0,1,86.95,70.63,2,2,2,1.92,116,64.89
14,2,44.53,43.97,2,3,1,4.41,134,41.59
14,6,6.19,17.19,2,0,3,4.5,129,11.31
7,2,27.26,56.05,3,1,3,3.53,56,55.34
6,6,89.69,77.69,1,2,2,5.23,55,49.49
18,5,15.62,42.33,2,1,3,3.82,18,43.8
4,5,6.23,12.04,1,2,3,5.02,48,14.51
1,5,89.23,63.68,0,1,2,3.6,92,40.58
0,4,82.67,64.45,3,0,0,5.79,47,45.97
21,5,46.44,42.97,0,3,1,4.98,113,25.93
8,1,5.49,18.19,1,3,0,2.46,17,16.05
2,5,57.54,45.64,1,1,2,5.62,68,18.65
21,0,78.51,55.58,0,0,0,6.2,49,23.01
3,5,30.75,18.76,3,0,1,1.9,79,26.22
8,4,20.55,14.9,1,3,1,5.16,13,24.42
0,5,86.42,58.64,1,3,1,6.24,69,35.53
16,4,74.11,82.24,1,1,2,2.19,121,74.94
16,2,45.33,57.7,3,3,2,6.91,130,56.58
18,2,86.45,69.59,1,0,0,3.99,46,51.19
6,4,59.73,63.2,3,1,3,5.93,70,49.07
7,3,89.97,74.74,2,0,1,6.89,107,64.38
22,2,14.28,18.89,3,2,0,7.44,75,11.9
19,3,44.28,58.83,2,2,2,5.0,86,51.53
0,3,66.13,55.17,3,3,1,5.73,58,43.71
16,1,41.71,51.27,2,3,2,3.01,128,64.3
19,4,36.48,40.88,0,2,3,3.24,99,48.41
13,2,67.59,58.32,0,2,2,6.6,145,32.74
15,1,59.51,72.58,3,2,3,3.89,119,69.96
0,2,30.43,8.83,0,1,2,6.43,61,7.9
0,0,44.96,23.05,0,2,1,1.8,56,18.75
0,4,68.62,67.78,3,0,3,2.81,22,63.74
3,5,61.42,50.3,1,0,2,2.52,97,21.24
23,6,45.77,39.85,0,3,2,4.66,115,33.11
15,1,28.4,30.21,0,1,1,1.98,59,13.72
18,3,15.31,25.14,1,3,3,3.56,13,28.2
7,3,80.62,92.95,3,0,3,7.42,126,65.28
22,5,78.83,86.12,1,1,3,6.27,41,53.35
4,4,60.2,54.68,3,1,1,6.06,92,41.09
21,5,56.42,61.24,2,3,3,2.31,17,67.66
0,5,17.27,19.07,1,1,2,3.69,18,13.46
0,0,45.21,20.73,0,2,0,5.58,136,10.84
1,2,48.55,47.33,3,0,3,1.63,104,47.94
19,4,46.53,63.91,3,2,2,4.1,10,64.88
6,3,26.79,15.71,0,1,2,7.07,24,0.0
10,3,16.14,28.39,1,2,1,1.99,79,25.83
11,1,88.82,89.9,2,2,3,6.94,105,57.04
18,4,55.07,50.42,3,0,0,2.67,69,43.2
8,5,82.63,82.64,3,0,1,2.63,133,73.38
0,0,65.48,50.63,1,0,2,2.67,102,27.28
9,4,78.83,87.1,3,0,0,7.09,96,50.19
6,6,24.44,34.77,2,2,0,5.12,50,8.16
17,4,14.54,36.36,1,1,2,6.0,106,32.93
18,6,60.25,69.85,1,3,2,3.7,133,67.06
2,2,54.44,55.64,3,0,3,6.74,16,45.71
19,0,13.68,45.67,3,2,3,4.99,113,57.18
1,4,60.02,48.44,3,2,0,5.1,134,26.1
14,1,21.37,17.41,1,0,1,6.01,70,15.13
9,0,14.74,33.19,1,2,3,6.14,117,26.6
7,1,93.67,98.86,3,0,3,5.59,60,91.27
11,6,55.01,41.19,1,3,0,2.21,37,31.0
7,5,34.68,54.55,3,1,3,6.7,125,38.02
19,1,13.83,27.38,2,3,0,3.07,53,25.29
23,4,87.51,91.22,2,2,3,7.48,116,69.11
19,2,89.83,71.59,0,1,1,3.81,54,44.9
10,1,28.13,16.29,0,0,0,2.22,66,15.06
12,6,44.15,44.54,2,0,0,3.4,106,18.23
10,5,63.1,71.43,1,0,3,4.94,58,59.44
19,2,15.0,42.31,2,1,3,3.85,123,37.51
13,2,53.33,45.42,3,2,0,6.47,15,38.89
11,5,24.68,26.85,0,1,3,5.59,11,22.78
9,3,25.27,52.19,3,0,3,2.78,21,58.08
9,2,59.28,48.2,0,0,2,4.73,46,38.34
13,2,32.91,18.34,0,1,0,6.23,17,11.55
16,3,54.53,64.24,3,0,1,6.85,63,48.18
10,3,28.61,33.88,0,2,0,3.87,13,18.26
19,0,48.89,57.78,2,1,1,7.05,116,46.95
19,3,88.9,71.0,0,0,1,1.72,31,61.74
10,3,48.63,46.6,0,1,2,5.56,147,31.39
21,1,50.12,39.42,0,1,2,6.19,130,15.43
4,2,49.36,34.65,2,0,0,4.05,107,25.16
22,2,82.09,81.16,1,0,3,1.57,122,59.54
7,2,66.36,47.34,0,3,2,5.62,119,54.47
13,6,7.76,35.79,3,1,2,3.56,129,23.59
6,3,15.62,38.57,0,2,3,2.41,88,23.66
10,3,57.01,55.19,0,3,2,2.44,97,51.55
8,1,73.42,64.04,0,0,3,6.11,76,53.24
16,6,15.53,43.32,3,2,1,2.62,97,37.74
1,0,50.25,43.13,1,3,2,4.4,63,42.57
20,3,62.82,68.55,3,0,3,7.32,27,59.94
21,1,41.07,49.77,3,1,3,6.05,141,45.03
13,5,67.42,52.7,1,0,1,4.78,108,34.24
13,2,35.84,50.15,3,0,2,4.67,109,50.07
16,2,61.07,74.24,1,1,3,2.5,49,78.66
4,0,73.91,65.21,2,0,2,4.18,118,48.4
17,5,91.02,95.72,2,3,3,2.37,83,82.2
5,2,62.5,61.66,3,0,3,2.0,20,53.32
16,1,36.64,43.37,0,2,1,2.15,144,26.32
7,5,69.91,55.89,0,0,1,5.14,149,29.17
17,0,77.4,89.6,2,2,1,2.66,132,74.01
18,3,42.32,51.9,3,2,1,2.4,76,58.63
5,1,37.63,39.86,2,0,2,6.7,42,31.37
14,0,18.72,32.81,0,1,1,2.23,11,6.96
11,0,65.92,66.76,0,3,3,5.73,113,47.2
7,1,45.04,60.65,2,2,2,4.0,135,56.92
14,6,16.96,35.29,3,3,2,4.97,24,18.34
23,3,55.53,62.35,2,1,3,1.64,106,62.92
0,6,94.09,73.53,1,0,3,1.5,13,76.78
22,1,9.62,12.99,2,1,0,6.4,119,7.75
20,5,51.4,36.26,0,1,3,4.35,13,32.5
12,0,89.22,85.73,1,3,3,1.93,147,71.96
14,0,91.32,73.99,3,1,1,3.56,34,67.79
8,0,35.75,45.3,2,2,0,4.54,66,45.34
3,6,20.44,10.56,0,2,2,2.31,107,3.3
13,4,42.87,36.17,0,1,3,4.78,129,34.97
19,5,33.67,47.08,0,1,2,4.67,61,35.5
5,6,48.43,27.73,1,3,2,5.12,148,28.58
17,2,58.64,44.56,0,0,0,6.36,12,32.94
17,5,74.14,81.37,3,1,3,3.98,76,80.21
18,3,62.07,69.74,1,2,3,6.83,149,57.57
8,3,85.28,62.12,0,0,0,4.35,48,39.55
9,4,71.21,75.51,1,2,1,4.24,85,62.5
9,3,51.68,54.61,2,3,3,5.43,72,54.53
20,0,15.74,57.93,2,1,2,5.21,65,38.04
21,0,77.34,67.27,3,2,1,1.57,118,62.98
9,3,69.27,88.57,1,1,2,7.39,83,50.25
23,3,35.26,43.04,2,2,0,7.16,110,23.0
13,5,25.88,37.86,2,0,3,3.19,83,26.61
9,4,64.23,60.83,0,2,2,4.85,150,42.71
0,1,12.58,6.41,0,1,2,6.12,76,0.0
14,2,75.85,80.04,3,0,2,7.02,122,60.08
15,3,25.42,26.14,1,3,2,5.02,96,24.3
23,6,58.41,59.02,2,0,1,1.61,122,39.44
17,3,32.32,46.54,3,2,0,5.58,134,45.65
0,4,47.95,23.6,0,3,1,2.06,41,13.57
13,5,77.06,83.47,3,3,3,5.53,52,76.55
17,2,30.83,31.76,0,2,0,5.02,52,27.38
11,6,7.98,12.72,2,2,1,5.34,78,0.3
10,4,11.97,22.62,0,2,3,2.64,79,26.53
19,5,11.7,30.01,1,3,2,4.46,10,27.74
14,5,46.31,43.98,1,3,0,5.21,136,22.9
16,4,12.5,32.0,1,1,3,3.3,131,30.62
11,0,42.14,36.86,0,1,0,2.59,94,11.63
6,4,67.81,75.99,3,0,1,2.84,53,61.12
12,0,84.19,69.74,0,3,0,6.65,126,32.01
23,4,24.93,39.87,3,3,1,4.29,48,36.96
14,4,83.9,58.1,0,2,1,5.47,53,43.69
16,3,93.03,94.22,2,2,1,4.59,150,64.92
2,2,61.31,56.81,2,0,3,6.5,140,39.48
23,0,71.35,67.92,1,3,2,4.55,92,49.08
5,4,48.47,36.5,2,0,1,2.06,33,31.26
23,4,11.74,8.25,0,2,1,2.69,27,4.05
10,3,91.39,84.89,3,1,1,1.58,145,71.99
22,5,90.07,57.58,0,1,1,6.49,47,35.31
21,5,34.05,40.41,2,0,3,5.48,106,49.73
18,3,22.62,16.05,0,0,0,6.06,59,5.03
21,0,10.89,29.81,2,1,2,5.79,80,18.43
14,6,49.8,35.4,1,1,1,6.45,149,13.03
20,3,88.23,67.84,1,3,1,7.42,93,50.74
4,4,8.68,2.28,0,2,1,5.42,70,0.0
1,6,60.04,45.92,0,0,0,3.01,68,23.57
13,2,80.2,65.9,1,3,2,2.11,42,50.61
19,4,39.17,43.53,2,2,2,5.04,88,47.66
18,0,60.08,59.07,2,3,2,6.12,90,60.89
12,6,44.94,29.33,1,3,0,4.87,23,22.94
12,0,10.89,21.24,2,2,2,3.32,67,30.6
14,3,50.4,52.42,0,0,0,5.82,100,19.9
20,2,13.02,30.14,2,1,1,4.19,17,30.43
20,0,66.65,63.78,2,2,2,3.22,147,49.41
2,3,32.91,40.66,0,0,3,6.55,131,12.1
14,6,77.23,61.31,0,3,3,4.96,99,44.21
9,1,57.83,61.76,2,1,2,3.2,12,69.8
19,2,89.15,77.89,2,2,0,3.47,83,68.81
12,1,71.4,85.59,3,3,3,4.93,136,78.22
23,0,70.24,59.08,1,3,1,4.04,13,45.68
10,1,32.42,51.89,1,2,2,2.46,121,50.71
16,4,44.77,47.27,1,1,0,5.16,128,21.79
2,5,72.1,67.28,3,2,1,5.63,20,45.0
22,4,69.98,46.67,1,2,1,1.5,42,43.54
3,5,67.31,39.57,1,3,2,4.72,112,27.07
9,5,5.72,12.45,1,0,3,4.96,138,14.25
20,2,6.56,11.73,2,0,0,3.49,118,10.09
23,6,11.07,13.2,2,0,2,3.53,84,17.65
11,1,7.84,31.33,1,3,3,3.41,94,37.27
11,4,74.56,57.29,1,2,0,4.17,83,25.94
1,0,54.22,53.35,2,2,2,6.37,91,45.52
23,5,50.44,47.87,1,0,3,4.31,118,32.88
0,0,12.7,21.92,3,0,0,7.46,17,13.69
0,1,74.72,50.04,2,2,2,3.76,39,44.45
11,2,13.36,18.27,1,2,1,5.7,18,13.47
0,4,24.96,21.48,0,1,2,4.79,122,0.21
3,0,78.7,75.76,3,0,2,6.07,112,46.97
15,1,67.33,56.26,2,1,0,6.83,17,39.65
16,2,13.34,19.62,3,2,0,4.57,24,12.67
7,5,11.65,32.47,2,0,1,4.47,47,17.52
19,6,41.58,51.2,3,1,1,7.16,44,47.31
14,4,59.31,44.56,0,2,1,7.1,83,20.18
5,3,27.21,39.12,0,0,3,7.48,80,7.94
17,2,57.67,67.2,2,0,2,2.44,60,73.25
14,5,37.35,25.26,0,2,1,1.52,33,31.27
19,0,57.98,67.69,3,0,2,4.12,101,65.18
3,0,70.3,62.13,3,1,0,5.9,121,45.9
5,1,80.88,54.49,2,2,0,1.94,100,51.82
7,1,22.63,34.87,2,0,0,3.74,123,25.95
8,3,12.66,30.83,1,2,1,4.99,138,18.36
21,6,15.65,31.65,3,3,2,2.78,128,36.11
17,4,19.88,36.23,0,3,2,5.89,101,18.58
13,2,34.19,37.14,1,1,2,2.88,16,37.13
12,1,7.58,10.64,2,1,0,6.54,57,0.92
21,4,79.93,68.9,3,2,2,3.59,70,67.51
10,1,81.41,73.54,0,2,2,5.09,110,55.42
5,6,69.18,68.89,3,2,3,4.76,129,51.56
3,3,37.08,30.57,1,1,0,3.28,100,12.44
7,3,68.61,75.59,3,0,0,4.13,61,51.76
15,6,56.71,62.31,1,0,1,6.58,121,26.32
11,2,64.61,52.45,2,3,0,4.79,108,32.47
10,3,12.91,16.79,0,1,0,1.83,122,5.68
11,3,83.72,55.47,0,1,0,5.78,93,15.47
23,1,36.38,50.7,2,2,2,2.59,101,42.87
23,0,29.23,28.56,2,0,1,4.42,58,26.46
3,1,40.17,44.32,1,1,3,4.31,66,33.79
2,0,27.26,16.47,2,1,0,4.42,48,15.27
5,4,94.48,92.39,3,0,3,1.69,46,75.45
20,0,63.16,62.92,1,2,1,3.13,102,42.14
11,2,85.68,68.81,2,0,2,1.8,64,69.55
20,6,90.59,65.8,0,0,3,3.99,28,50.47
15,3,57.31,56.91,2,2,1,5.23,14,45.34
13,4,77.05,71.37,3,1,0,5.42,131,63.18
6,4,86.48,70.22,2,2,0,1.89,71,55.92
8,2,18.5,26.99,0,2,3,2.21,91,30.05
3,4,29.22,17.06,2,0,0,5.47,137,0.0
12,1,41.15,48.94,1,2,3,4.69,25,40.84
6,4,61.06,45.21,0,0,2,6.5,142,31.31
7,4,74.15,78.95,2,1,2,2.73,109,73.92
0,6,36.05,20.94,1,2,1,2.22,100,22.8
19,6,80.84,87.25,3,1,3,3.67,70,86.08
22,0,63.89,69.51,3,1,0,5.32,109,34.02
11,2,38.48,52.39,2,0,2,4.42,38,44.95
12,3,66.26,50.73,2,1,0,2.09,52,43.78
22,2,81.68,61.7,1,1,1,1.93,145,48.84
12,4,35.24,30.81,0,3,0,5.57,48,19.4
14,5,39.83,24.64,0,2,2,3.28,111,17.87
10,1,67.27,68.61,1,3,0,5.52,141,48.6
12,6,43.68,35.4,1,1,0,3.27,93,12.94
12,6,20.99,28.07,3,3,1,3.39,51,21.77
17,6,81.87,73.02,1,1,1,2.76,129,54.11
14,0,23.14,38.19,0,1,3,7.4,126,16.55
12,2,27.17,31.65,3,1,3,1.6,86,50.16
1,0,83.1,78.02,3,2,1,2.26,26,58.17
21,0,62.78,66.56,1,2,2,6.52,72,53.79
21,0,43.84,41.32,0,0,3,2.33,70,29.77
4,3,39.36,23.84,0,2,1,3.18,36,12.64
7,0,21.49,43.43,2,3,3,3.08,66,51.83
23,2,11.11,36.14,3,1,2,5.68,31,34.26
7,6,86.85,73.42,1,2,2,3.97,107,64.11
19,6,9.03,23.4,0,2,3,6.54,70,32.84
18,6,10.55,20.9,1,3,1,5.98,113,12.11
20,0,72.69,57.09,0,2,0,4.69,74,33.4
0,4,85.44,85.24,1,1,2,2.99,110,56.62
11,4,68.87,53.45,1,0,1,6.25,113,38.11
13,0,26.79,29.84,2,3,0,6.7,32,21.35
20,6,29.36,13.81,0,1,0,6.52,72,0.0
5,2,91.52,67.48,1,3,2,1.81,115,47.57
7,6,68.01,56.43,0,0,3,5.69,93,40.28
4,0,79.5,47.53,1,1,1,5.72,41,24.78
18,4,45.17,70.8,3,3,2,7.16,127,58.02
23,0,74.89,66.41,2,0,0,3.08,38,43.44
3,6,93.27,72.8,3,1,0,6.22,150,40.49
5,4,37.1,24.6,0,3,3,5.63,109,14.79
7,0,33.85,51.85,3,1,2,6.77,55,45.43
21,1,8.87,13.29,3,3,0,5.66,37,13.48
10,2,71.33,74.17,2,2,2,6.61,137,54.52
6,0,26.66,44.53,3,3,2,3.66,83,45.93
7,0,27.85,21.26,0,2,0,2.45,123,10.96
14,6,61.88,51.26,2,0,1,3.68,127,33.9
9,6,71.49,78.03,3,3,3,6.39,19,73.88
3,3,41.67,31.71,0,1,1,2.29,106,0.22
19,6,90.01,84.22,1,1,2,5.33,57,80.37
10,4,19.55,20.83,1,2,2,7.43,137,21.62
6,0,52.46,42.84,0,1,0,6.87,40,17.36
17,5,60.56,64.41,0,1,3,5.53,14,47.33
17,0,60.56,68.92,1,2,3,6.26,103,59.09
3,5,64.12,55.68,0,2,2,2.2,87,27.86
1,2,62.05,46.84,2,2,0,4.49,88,32.81
1,0,76.25,61.92,0,0,3,4.69,47,30.95
18,1,78.27,66.64,0,3,0,6.2,79,35.76
15,4,92.97,91.08,2,2,2,3.2,145,68.71
19,5,89.57,76.93,1,2,1,2.14,117,73.34
15,3,51.79,45.78,1,3,2,5.69,148,28.31
9,1,68.54,66.16,1,1,0,4.46,56,47.84
14,6,41.22,51.13,1,0,3,6.55,132,18.37
17,5,63.56,72.69,1,0,2,4.39,63,55.06
9,2,5.67,15.99,0,3,1,6.58,141,16.43
21,3,38.08,19.88,0,3,1,4.55,132,16.3
21,6,87.31,75.01,1,0,2,6.2,33,37.18
19,2,65.75,64.58,2,2,0,5.82,147,48.53
23,0,6.56,32.33,3,2,1,3.1,95,27.61
9,1,52.04,61.88,0,0,3,3.36,119,56.45
2,4,37.93,35.6,0,3,3,6.9,91,19.12
11,6,77.79,53.5,2,1,1,2.89,40,38.86
17,5,15.34,33.27,3,0,2,5.69,148,32.46
18,4,59.37,51.19,0,2,1,2.37,25,41.64
9,2,69.09,52.35,0,3,0,6.03,124,19.55
7,3,58.59,57.35,1,0,1,2.84,39,46.3
10,0,29.7,46.74,2,2,0,5.06,120,32.86
19,2,76.39,89.45,2,2,3,4.89,69,82.44
1,4,76.42,40.59,0,2,0,2.72,43,30.67
7,6,37.48,34.19,2,2,0,4.45,43,27.93
5,6,29.0,17.45,1,2,2,6.78,55,0.0
19,5,64.75,50.8,0,0,0,5.58,137,21.01
11,0,38.1,60.07,3,0,3,7.46,118,46.02
2,5,36.08,44.73,2,3,3,6.21,104,39.61
6,1,45.55,39.16,1,1,1,5.36,98,24.71
1,4,46.23,40.07,3,3,0,4.88,68,29.23
11,6,79.67,82.08,3,1,0,7.12,137,47.29
23,6,90.75,64.95,0,1,3,4.66,48,50.15
13,4,69.21,73.3,3,0,1,3.92,142,67.49
20,2,12.94,31.03,2,1,2,6.51,63,22.1
17,3,35.4,35.41,1,3,0,7.14,58,22.78
21,4,22.07,32.76,1,3,3,4.37,77,32.52
7,3,64.69,62.52,0,1,2,2.32,115,47.1
22,2,58.83,55.3,3,1,0,5.15,110,31.31
5,2,93.42,59.8,1,2,0,5.95,118,22.62
10,4,45.29,49.62,1,3,3,3.74,22,49.62
16,0,14.49,30.47,0,2,0,5.99,32,20.74
6,6,58.86,56.29,3,0,1,4.69,129,49.14
6,0,38.02,33.79,1,1,0,3.31,148,12.26
3,6,21.02,20.63,2,2,0,5.28,27,5.26
0,0,38.39,35.16,1,0,3,3.83,137,27.03
12,3,26.44,41.28,2,2,3,6.22,47,33.21
23,2,22.75,33.9,2,3,1,1.52,148,40.78
5,4,48.53,26.0,1,1,0,6.41,150,9.8
10,3,77.9,55.33,1,2,0,3.34,99,48.5
22,6,84.71,67.88,2,2,1,7.26,36,47.53
18,0,28.43,51.57,0,2,3,6.05,121,28.98
0,6,45.36,26.63,0,0,2,2.95,24,23.67
12,4,80.86,63.13,0,2,1,7.37,57,38.96
3,5,93.98,53.39,1,0,0,4.5,100,30.59
5,0,81.49,60.07,0,2,0,4.64,19,25.86
5,0,49.46,30.51,1,1,0,6.96,65,4.34
14,2,83.31,66.8,2,3,0,7.01,122,47.21
4,2,68.6,54.46,2,0,1,5.68,22,42.22
6,5,15.22,53.55,3,3,3,7.37,61,51.6
5,6,12.57,21.14,3,0,1,3.47,10,11.98
8,2,89.26,77.17,1,2,1,2.89,102,63.08
15,5,88.2,64.32,3,1,2,1.68,21,55.52
9,0,46.25,62.77,3,0,0,3.58,49,36.14
7,5,64.56,52.62,0,0,2,5.12,83,40.26
12,0,32.43,17.38,0,0,0,3.33,40,1.31
14,4,68.13,62.71,3,0,1,4.98,42,39.66
0,2,45.16,61.77,3,1,3,1.79,127,49.24
21,2,36.36,44.89,3,0,1,3.62,119,39.83
21,1,44.65,34.5,1,3,2,5.99,21,33.36
14,2,46.0,50.69,3,3,1,2.13,130,40.11
13,6,89.85,83.87,3,1,3,5.79,76,78.67
16,5,84.65,82.46,2,0,1,6.08,30,57.3
10,2,22.5,28.49,2,3,0,4.91,137,26.56
8,2,30.06,20.66,1,2,0,6.82,57,14.39
8,3,31.94,41.42,2,0,1,7.23,55,29.89
3,4,6.04,18.95,3,0,2,1.71,30,19.72
20,1,52.74,44.2,3,2,0,5.57,134,34.44
7,5,48.44,34.16,2,0,0,2.92,50,33.93
6,6,16.21,15.65,0,2,1,3.95,93,3.09
23,5,94.12,81.8,2,1,2,5.24,43,63.51
12,3,73.52,64.43,1,3,2,5.77,136,54.48
14,2,21.48,20.68,0,1,0,6.54,120,0.0
5,2,68.48,27.73,0,1,0,5.73,80,12.21
6,5,35.66,24.1,0,2,0,6.16,58,2.06
17,3,61.96,65.25,1,3,1,5.09,102,59.95
10,0,47.34,46.81,1,2,1,2.2,79,35.3
3,4,17.5,0.0,1,2,0,1.63,142,7.21
20,0,46.41,42.79,2,1,1,4.68,105,30.03
9,6,91.55,83.76,2,1,2,5.79,13,81.84
16,2,72.33,61.03,1,0,2,2.15,125,61.02
8,2,61.39,68.8,1,1,3,4.08,37,66.72
13,0,80.92,81.28,3,3,2,3.04,52,74.8
18,1,79.58,76.8,1,0,3,4.9,71,71.09
21,6,84.94,78.05,0,0,3,3.84,39,58.98
4,3,14.8,26.0,3,2,3,2.71,142,32.46
16,6,16.65,31.35,0,3,1,1.53,147,29.54
21,6,76.9,66.49,3,3,0,3.43,31,35.12
15,0,94.58,66.42,1,2,0,4.6,55,42.79
3,2,55.63,52.58,3,2,3,7.08,62,46.38
4,5,91.78,68.72,0,1,3,2.86,104,51.59
4,3,64.65,35.06,0,1,1,4.57,94,23.52
2,3,12.68,15.14,1,1,2,4.9,105,5.35
18,3,88.36,76.82,1,0,1,5.4,14,57.01
23,4,80.53,65.02,2,1,0,3.47,82,53.87
12,6,53.23,54.03,2,0,2,2.1,39,54.25
14,6,71.95,71.84,3,2,0,7.03,42,51.14
18,4,36.64,39.58,2,3,0,7.22,119,29.27
9,4,60.42,53.79,0,3,1,4.13,29,57.97
11,2,42.19,33.49,0,3,0,4.98,14,17.44
14,0,52.44,38.29,1,1,1,1.67,78,35.82
7,4,62.29,80.51,3,3,3,1.78,113,93.7
1,0,9.85,27.8,3,3,2,1.96,82,41.75
13,4,13.64,26.59,2,2,0,5.93,32,18.7
19,3,12.42,13.18,1,0,0,2.86,119,7.71
1,5,58.54,41.88,1,3,3,2.61,63,40.41
5,6,42.16,41.98,2,0,3,1.55,110,41.27
6,3,50.01,62.23,3,1,3,1.64,38,77.79
19,4,50.03,61.15,2,2,2,3.93,138,75.29
12,3,8.64,7.73,0,3,1,4.75,49,0.0
12,2,76.65,83.49,3,3,3,4.97,146,79.22
15,0,68.06,58.13,3,3,3,4.25,63,60.25
6,0,66.91,52.78,0,1,0,4.26,112,26.14
17,5,8.08,38.12,1,0,3,6.02,80,23.42
0,6,63.65,54.96,3,3,2,3.24,20,62.11
2,0,50.04,44.45,3,3,0,2.93,23,39.58
19,2,73.45,98.65,3,1,3,6.63,67,85.33
15,4,13.72,25.11,3,2,0,5.64,37,20.16
4,4,72.2,46.12,0,3,0,4.36,95,24.77
10,5,91.55,85.81,0,0,1,3.15,29,60.4
1,4,81.59,78.0,1,3,2,2.32,93,53.98
16,0,85.48,75.12,2,2,1,1.72,38,63.85
18,1,11.82,17.63,1,2,0,6.61,35,3.74
6,3,52.67,57.18,1,0,2,5.06,61,29.31
8,0,27.2,37.06,1,2,1,1.77,92,36.8
5,2,54.04,45.85,2,1,0,2.45,66,26.25
9,2,68.59,63.04,3,2,3,3.18,59,80.66
6,6,72.21,55.32,3,2,1,3.08,57,54.59
5,2,94.24,80.34,0,3,2,4.79,57,40.95
10,6,91.19,78.07,0,2,1,3.9,66,52.57
20,4,27.24,39.09,1,2,3,6.79,127,15.33
18,4,87.41,75.24,2,1,1,5.82,91,55.76
7,5,84.56,60.98,0,1,0,6.96,69,30.08
22,5,70.11,62.47,2,2,0,6.68,115,30.12
5,1,28.19,24.61,2,3,3,7.03,84,35.07
21,2,21.94,28.86,2,2,2,7.38,143,25.85
7,3,44.2,62.46,3,2,2,3.37,89,60.79
12,6,8.52,26.26,2,1,2,2.76,40,33.98
4,0,30.55,20.34,2,2,0,2.49,89,10.02
18,3,11.6,31.23,1,2,1,5.27,119,21.22
7,1,52.21,71.24,2,2,3,5.59,40,69.25
20,1,60.49,40.0,1,1,1,2.03,38,30.6
1,5,15.02,12.28,0,1,0,6.43,94,0.0
12,1,83.65,80.4,0,1,3,6.2,134,54.27
3,5,13.71,11.32,2,1,0,5.27,57,1.92
21,6,40.66,44.31,2,1,2,4.11,81,47.18
10,5,50.09,61.59,1,0,3,2.42,102,56.25
16,1,57.39,70.06,2,2,2,4.53,103,63.34
21,0,33.72,27.38,1,3,0,2.46,30,14.11
12,3,69.18,78.05,1,0,3,5.13,65,57.54
1,3,35.72,12.99,2,2,0,3.36,150,7.65
5,5,27.74,22.32,1,3,3,2.98,135,21.09
5,2,45.79,43.1,3,3,0,4.15,118,28.71
21,1,15.21,24.59,2,3,1,4.98,13,25.99
21,6,91.95,91.1,2,1,3,3.7,68,68.13
11,6,54.51,41.48,2,0,1,7.28,17,27.79
21,4,17.96,21.15,2,3,0,1.54,52,17.58
5,4,76.65,70.24,3,2,0,6.98,131,31.21
16,6,69.83,53.82,1,1,1,1.5,64,49.22
9,3,43.75,53.81,3,3,1,2.8,33,60.96
5,1,93.53,55.63,0,1,0,7.48,111,16.48
6,4,50.06,52.58,2,2,1,5.87,117,37.58
10,3,24.15,39.14,2,3,1,5.37,102,32.45
8,5,76.21,66.55,0,3,2,5.86,124,41.28
5,5,88.59,65.75,2,2,1,3.95,108,49.95
8,3,28.61,30.04,0,0,1,6.21,99,10.65
3,2,5.6,16.88,2,3,3,2.43,135,26.41
23,2,59.84,64.85,2,1,3,6.26,55,44.59
9,4,70.95,88.28,2,2,3,7.14,74,72.16
2,4,28.48,18.09,2,2,1,6.65,89,14.03
13,3,91.73,85.44,1,0,3,5.94,104,63.92
21,3,20.09,21.87,2,2,1,5.41,77,24.33
8,6,77.1,80.2,0,1,2,4.63,72,58.3
20,1,83.87,88.01,3,1,3,3.87,33,81.71
14,1,20.38,9.8,0,3,1,6.69,99,6.19
17,5,50.12,47.46,0,2,2,5.38,27,35.21
7,6,7.52,8.21,2,1,0,4.11,76,13.36
0,4,62.77,36.76,0,0,1,6.21,67,13.67
8,2,54.18,71.32,3,2,2,1.82,119,82.54
22,2,75.04,71.56,0,2,2,6.38,77,46.0
18,3,50.11,64.65,2,0,1,6.36,10,41.22
18,0,36.85,55.8,3,3,2,2.87,81,64.59
21,3,17.3,34.45,2,1,2,1.73,40,30.43
8,1,9.6,39.57,2,2,3,5.78,63,44.41
7,1,52.59,68.62,2,3,0,2.7,51,60.18
22,3,87.7,76.92,2,2,2,7.48,33,55.54
13,6,73.94,69.8,0,3,2,1.56,143,44.59
7,1,40.38,35.43,1,0,1,2.88,45,34.5
6,6,93.54,77.6,0,1,1,1.75,81,46.31
21,3,21.56,19.18,0,0,2,6.2,126,1.19
1,6,94.79,57.46,0,0,1,4.97,61,26.44
1,2,25.71,22.52,2,1,1,6.59,142,12.57
17,6,20.14,41.07,3,0,3,7.28,67,32.29
0,4,82.25,68.2,2,1,1,5.16,143,39.61
4,4,47.2,34.57,0,0,0,2.89,73,25.58
23,3,85.27,56.61,2,0,0,2.06,12,61.28
10,3,72.32,65.85,2,3,0,6.7,132,55.51
17,3,19.11,36.15,3,2,2,2.97,131,48.03
11,5,15.97,20.84,1,1,0,6.86,145,2.22
2,5,45.21,37.49,1,2,0,6.77,27,7.77
4,0,55.54,44.77,2,1,1,5.27,129,12.03
18,4,43.09,43.1,2,1,0,5.12,58,32.88
2,5,24.08,4.03,0,3,2,7.2,128,0.0
14,5,24.58,39.34,2,2,0,6.04,145,16.43
8,3,50.89,77.87,3,3,3,5.6,38,76.54
8,2,6.29,7.68,0,1,3,4.11,62,26.98
22,4,44.51,53.63,1,1,3,4.4,47,44.1
14,4,7.99,7.97,2,3,0,3.83,52,4.94
14,2,83.58,79.62,3,3,2,7.18,94,64.34
8,2,60.81,55.04,3,0,0,5.33,68,50.54
9,2,19.42,22.97,2,1,2,6.18,102,26.3
16,0,74.17,82.08,2,3,3,1.72,105,79.3
0,0,49.34,49.79,1,1,1,6.61,38,25.91
5,0,50.96,31.21,1,2,1,4.01,16,16.25
14,2,28.05,48.44,2,3,3,5.92,115,36.12
14,3,40.44,46.45,2,0,0,1.74,35,37.6
2,2,84.03,75.56,2,0,2,6.86,38,45.31
18,6,18.25,51.11,3,3,1,5.46,94,40.69
13,1,61.13,50.7,0,3,0,4.25,47,29.43
5,2,24.52,45.29,3,3,2,3.32,36,41.21
18,1,45.03,53.39,2,2,3,3.37,53,55.74
23,2,52.97,61.36,2,0,2,3.32,83,51.55
10,4,15.96,45.07,2,3,2,2.29,129,40.83
6,2,12.07,21.28,2,0,2,4.28,149,29.48
7,2,48.57,25.56,2,0,0,4.22,113,24.89
14,4,41.84,26.25,1,2,0,3.97,136,20.66
1,5,87.89,66.21,2,1,2,5.72,84,51.24
11,1,67.82,65.76,1,3,2,4.02,67,50.57
0,0,85.71,59.75,2,3,0,2.03,125,40.91
0,1,88.55,65.78,2,3,0,6.61,52,46.03
10,4,6.72,10.61,1,3,0,4.05,124,1.95
17,6,84.19,87.72,3,2,2,5.43,150,67.89
21,1,91.26,74.25,1,3,1,7.08,64,53.64
2,0,45.74,38.5,2,3,2,6.1,99,29.09
5,3,62.24,55.56,1,1,2,4.73,120,31.0
10,6,36.14,38.68,0,1,0,4.77,120,13.07
13,3,13.88,15.95,2,2,1,6.6,39,8.62
23,6,28.63,35.14,3,3,0,6.44,145,34.64
16,4,12.25,10.81,1,1,0,2.57,80,21.31
12,0,48.81,34.87,0,1,3,5.26,15,25.48
1,2,63.82,49.21,0,1,1,6.69,26,18.6
1,5,5.47,24.99,1,3,3,6.32,112,14.63
3,3,25.6,23.13,3,2,0,2.25,70,16.55
15,1,11.64,35.21,2,1,1,4.11,25,21.95
7,1,91.92,74.64,0,2,2,4.61,83,57.99
5,4,77.28,65.0,3,2,1,3.05,94,49.23
16,3,7.79,28.28,0,2,1,5.58,21,23.95
19,4,78.26,66.96,2,2,0,4.36,59,53.27
10,2,79.45,83.62,3,0,0,3.29,75,66.58
21,2,77.47,80.34,3,0,3,3.52,120,73.02
17,4,84.06,72.48,2,3,0,6.64,101,66.16
17,0,47.16,42.39,1,2,0,6.7,22,29.84
20,3,26.55,22.94,3,3,1,6.37,96,38.15
4,2,83.34,69.83,1,3,1,6.98,137,36.54
18,5,80.12,73.27,1,1,1,7.21,17,49.09
22,5,29.72,40.37,2,1,3,4.45,149,40.4
23,2,57.26,58.38,2,3,3,2.08,23,74.56
13,1,55.12,45.87,0,0,1,6.3,97,19.07
18,1,48.88,63.38,3,3,0,5.3,59,61.64
21,1,59.78,56.12,3,0,0,3.78,113,47.76
20,1,12.56,20.79,1,1,0,7.35,128,0.0
21,5,45.92,32.99,0,1,0,3.53,130,11.79
19,0,30.19,28.08,0,2,0,6.95,132,11.4
9,0,5.21,24.14,1,1,1,5.06,125,9.39
17,3,51.73,48.69,0,3,2,1.72,53,51.22
9,1,37.82,50.47,3,3,3,6.66,75,56.35
19,5,43.81,55.17,3,2,1,6.07,111,49.37
19,5,15.02,35.06,3,3,1,5.35,33,37.51
22,5,50.51,45.81,1,0,2,5.19,91,25.66
14,3,29.31,47.43,2,3,2,2.81,84,58.56
11,3,5.05,20.14,1,2,2,2.79,148,19.59
3,2,75.2,50.34,1,0,0,1.68,17,41.62
15,1,61.51,54.25,2,3,0,2.42,23,49.16
13,3,52.51,46.37,0,0,2,3.52,14,42.5
12,6,60.99,64.59,3,2,1,4.74,87,45.4
16,1,34.13,35.94,0,2,1,2.28,87,31.72
20,0,16.07,27.49,1,0,3,4.85,93,20.06
3,3,37.12,9.39,0,1,0,3.08,44,0.0
10,2,76.0,68.75,2,0,1,3.02,53,62.49
17,5,59.74,67.95,2,3,2,7.19,68,54.29
19,5,76.21,84.19,3,3,2,7.45,16,64.03
18,6,86.21,61.67,1,3,0,6.37,116,42.5
19,2,27.47,30.84,0,1,2,1.83,17,32.51
20,6,87.3,58.35,0,1,1,5.87,104,37.85
23,0,64.63,70.09,2,3,1,2.57,73,48.64
14,2,55.47,64.7,3,1,2,4.92,150,50.28
5,1,50.29,43.22,0,1,3,6.86,107,17.95
13,6,47.18,46.51,3,0,0,3.78,77,38.11
17,4,11.65,16.0,1,3,0,7.07,108,6.37
2,2,9.92,23.02,3,0,3,5.75,26,30.43
18,1,34.79,35.5,0,0,0,3.31,35,22.97
13,5,23.32,27.97,3,3,0,2.07,80,31.5
22,4,12.8,25.73,1,3,2,6.39,130,23.08
5,5,7.2,5.18,1,3,1,4.25,125,0.0
21,3,93.05,81.07,0,3,3,1.94,63,67.63
10,1,24.09,36.77,0,0,3,2.12,49,39.12
13,2,93.62,78.72,3,1,0,7.3,145,54.1
15,4,54.01,36.71,0,3,0,2.96,89,15.82
13,1,22.26,35.39,1,1,2,7.3,26,24.45
21,0,18.08,44.8,3,3,1,5.59,41,35.94
4,5,23.07,18.04,1,3,0,3.3,127,4.22
17,3,37.74,33.65,3,3,1,3.8,136,44.23
23,2,23.45,29.58,2,3,2,6.16,138,7.22
5,3,79.52,77.06,3,3,3,4.11,10,74.64
6,5,38.03,36.7,3,2,1,1.95,125,41.77
11,0,52.43,41.73,0,0,3,2.88,25,35.09
17,3,50.11,49.15,1,1,1,6.66,124,26.01
23,1,64.36,61.76,1,3,2,5.68,134,41.68
19,0,94.77,91.55,0,3,3,4.51,60,82.8
19,0,44.92,48.77,0,0,3,2.97,37,44.41
10,3,34.04,34.4,0,2,2,4.35,110,29.59
15,3,92.67,87.81,3,1,3,6.23,19,75.01
5,3,94.79,78.8,3,1,0,1.99,91,62.13
11,5,75.28,77.28,2,2,3,7.47,56,50.04
4,3,76.79,80.64,3,1,3,6.66,69,60.94
0,4,41.66,39.9,1,2,3,3.41,126,39.77
20,5,53.5,36.34,1,0,1,6.72,150,11.03
19,4,36.66,49.96,3,1,1,5.59,66,45.32
12,6,60.7,55.7,0,3,2,5.5,50,41.82
0,1,79.32,36.96,0,2,0,2.34,127,26.92
2,5,38.67,35.25,2,3,2,6.94,68,25.94
2,4,53.17,41.28,1,3,1,4.2,38,30.71
17,4,74.75,96.84,2,1,3,6.32,137,78.78
4,0,23.8,22.93,2,1,2,3.3,149,19.23
6,3,59.93,51.3,1,1,1,3.35,50,45.32
20,6,74.82,63.68,0,2,0,7.29,32,24.31
21,4,9.69,10.86,0,1,2,4.48,31,1.69
18,0,27.83,47.56,1,1,2,1.86,94,37.13
7,2,7.27,25.99,1,0,2,6.51,53,15.24
13,3,5.58,2.47,0,1,0,2.86,97,0.0
4,5,47.99,41.71,2,3,1,6.77,117,17.97
20,3,68.06,74.97,3,1,3,7.0,10,57.44
2,5,39.47,61.23,3,3,3,1.94,131,56.49
17,5,60.9,38.39,0,1,1,4.99,14,25.12
12,1,22.23,18.03,0,1,1,7.39,26,5.57
18,1,80.28,76.03,1,2,2,7.09,112,63.32
10,6,37.63,44.16,3,0,0,4.65,97,49.98
3,4,68.65,70.99,2,1,3,5.58,147,48.43
18,5,16.69,26.89,1,0,2,5.13,89,21.66
15,6,78.63,85.06,3,0,3,2.72,68,70.15
11,2,51.63,48.79,2,2,0,5.42,104,24.81
8,0,92.32,92.34,3,0,0,3.5,117,69.87
8,6,41.48,58.91,3,0,3,3.53,104,54.26
11,4,83.57,81.43,3,2,1,4.02,62,60.42
6,0,42.09,43.44,2,1,1,6.61,145,28.68
6,3,14.71,12.69,1,0,1,2.93,52,5.03
6,0,66.89,63.35,0,3,1,3.0,58,46.84
0,2,21.47,24.12,2,3,3,1.54,49,40.09
22,2,76.99,65.08,1,2,2,2.43,52,51.71
5,3,35.14,11.3,0,2,0,7.37,40,1.01
3,3,73.08,74.43,3,3,3,4.1,91,69.18
3,5,48.33,30.45,1,3,1,2.67,112,20.79
23,2,53.33,67.0,2,0,2,7.29,70,32.95
11,5,71.12,71.94,3,0,1,1.66,140,47.64
7,6,64.86,52.76,1,1,0,4.4,76,45.43
9,5,64.78,62.27,3,1,1,6.33,75,59.67
2,1,64.31,51.52,2,3,1,6.14,19,46.55
7,4,57.67,60.17,2,2,0,2.64,137,60.95
5,1,77.65,64.58,1,3,3,5.75,30,58.83
19,3,32.0,56.06,3,2,3,5.23,33,63.0
1,4,21.34,12.22,0,2,3,5.55,141,9.67
10,2,71.16,81.94,2,3,0,3.1,83,59.78
18,0,53.58,67.17,3,2,2,6.36,19,65.5
20,5,86.06,58.34,0,3,2,4.86,72,47.78
12,5,91.86,69.61,1,1,2,5.85,93,53.76
5,0,83.04,71.38,2,1,3,7.14,11,53.84
8,2,54.28,66.7,1,2,1,6.63,116,30.83
5,1,72.87,47.27,0,3,1,6.19,104,14.82
15,6,35.09,29.64,1,0,1,3.24,11,23.47
7,6,6.33,26.47,1,2,2,1.82,97,25.11
15,4,75.24,79.6,3,0,1,4.95,41,64.31
15,3,75.33,77.85,3,3,1,1.71,113,62.14
22,0,5.72,5.52,0,2,0,5.79,63,0.49
8,1,82.72,69.83,1,0,2,5.92,38,50.76
23,0,84.33,55.46,0,0,0,4.88,81,38.79
9,5,33.86,35.24,3,2,1,2.51,72,33.96
16,0,6.55,23.15,1,0,2,6.75,58,22.55
15,4,83.84,76.39,3,0,1,5.08,133,52.78
19,6,11.35,17.47,0,0,2,4.59,101,12.77
11,2,25.9,34.6,2,0,1,4.91,78,30.2
19,4,53.83,41.16,0,1,0,2.0,41,39.65
8,6,78.49,79.13,2,2,3,5.94,90,63.53
11,2,75.36,62.86,0,3,3,1.86,13,55.14
11,3,66.31,47.52,0,2,0,4.97,134,14.49
16,1,79.58,66.85,0,3,0,2.52,10,42.83
14,2,66.69,52.6,2,3,1,2.75,108,44.18
1,6,62.39,56.09,2,0,2,2.9,58,36.95
19,4,20.09,33.32,2,2,0,1.59,111,25.8
18,1,44.59,54.04,0,0,3,6.85,60,38.65
2,3,45.62,30.78,1,3,0,6.33,13,12.98
23,4,6.66,24.33,1,3,3,1.69,143,29.38
15,0,41.5,41.97,3,0,0,1.84,118,31.88
2,5,25.44,33.42,2,0,3,6.2,16,19.37
11,1,13.07,29.42,0,1,3,1.54,14,26.22
20,2,54.17,47.53,0,2,3,4.31,84,43.74
6,2,26.33,32.74,1,2,3,2.14,144,30.94
22,3,22.13,24.35,0,0,1,5.05,91,0.0
10,6,75.81,66.71,1,2,2,7.49,11,48.77
5,1,77.91,66.06,3,2,2,2.53,108,58.28
8,1,64.48,54.38,0,3,0,7.24,70,21.3
12,2,22.07,34.88,2,1,3,6.69,100,27.61
16,6,61.94,71.15,1,0,2,7.42,59,42.02
22,6,69.2,58.56,2,2,1,6.1,11,42.35
4,3,26.0,14.98,2,2,0,6.64,12,7.88
23,4,16.96,30.18,2,2,2,5.07,99,23.73
12,6,44.02,49.74,1,2,3,6.7,99,37.37
3,5,43.19,38.34,3,0,0,2.17,55,25.55
22,4,18.8,34.31,1,0,3,5.95,21,24.03
8,3,22.25,25.15,0,1,2,5.27,118,17.28
14,6,49.97,53.92,0,3,3,1.86,31,44.61
16,1,52.47,33.19,0,2,0,3.25,36,21.2
0,2,53.41,29.99,1,2,0,2.8,73,8.42
5,4,93.38,82.5,3,3,2,3.93,110,76.44
16,0,8.56,12.29,0,1,1,2.69,150,13.73
7,3,75.77,61.38,0,1,1,3.15,98,43.57
0,5,36.66,27.53,2,2,2,3.28,145,30.53
0,1,72.76,52.93,2,0,0,5.1,101,47.41
19,5,71.19,73.5,2,1,1,2.31,129,52.94
3,2,60.79,36.02,0,2,1,2.95,34,23.53
2,6,61.8,32.35,0,1,1,3.4,17,21.4
13,4,64.72,56.37,1,0,2,4.19,104,32.46
2,1,72.28,61.77,2,1,0,1.73,147,32.43
15,5,16.85,39.8,2,3,3,7.5,113,34.48
13,0,37.48,46.64,3,1,2,3.3,58,47.17
15,1,80.78,71.72,2,3,0,3.22,79,50.98
11,6,54.31,49.97,1,2,2,4.83,25,27.89
18,6,17.32,36.46,2,0,0,6.62,57,21.77
15,0,91.55,72.26,1,3,0,4.24,106,41.02
9,2,93.91,79.2,0,2,2,2.99,33,60.85
0,0,51.14,50.02,2,2,0,4.9,77,22.33
6,1,52.99,44.68,1,2,2,4.4,50,36.49
3,6,31.28,23.76,1,0,1,4.04,79,1.2
0,1,51.45,52.61,2,1,1,7.4,117,20.53
6,4,92.19,79.04,0,3,2,7.48,134,54.76
4,5,27.91,12.76,0,2,2,4.87,67,4.4
1,6,32.42,12.62,1,1,0,1.91,126,3.5
7,2,85.78,78.9,2,1,3,4.9,109,75.98
12,4,39.6,61.89,3,2,2,7.21,139,38.91
4,3,92.53,64.69,2,1,1,7.05,114,43.77
6,0,36.46,36.25,1,1,0,2.79,87,24.86
0,1,5.42,0.0,1,2,1,2.64,105,0.0
1,5,90.84,86.3,1,1,2,2.41,54,62.07
3,4,26.33,6.49,1,2,0,6.42,104,0.0
10,3,67.47,67.88,2,2,1,4.44,109,58.61
15,5,9.26,40.15,3,2,3,3.53,96,50.33
18,4,72.34,64.17,2,2,0,3.45,24,58.63
15,2,24.81,38.81,1,1,3,3.15,83,29.46
14,2,77.02,58.48,1,2,0,6.8,110,33.85
22,6,91.99,74.95,0,2,2,3.96,37,53.08
6,6,9.07,39.1,3,1,3,2.96,121,32.32
19,0,38.12,58.45,3,1,3,5.76,128,46.8
22,5,69.42,66.46,0,2,2,5.31,85,39.68
13,0,94.68,70.64,0,2,0,5.79,145,43.74
20,6,37.67,38.76,0,1,0,6.43,130,11.77
3,4,94.55,77.25,3,1,2,2.11,75,71.37
21,4,85.93,65.37,0,3,2,1.51,134,64.47
13,4,69.74,60.59,0,2,3,1.8,141,53.05
5,4,39.37,28.86,1,2,3,5.74,25,24.24
1,1,53.32,53.87,1,1,3,7.11,150,32.72
17,5,69.83,67.75,1,3,2,3.49,10,57.69
10,3,66.72,63.01,2,1,2,6.19,78,47.64
7,3,30.96,29.53,0,3,2,5.88,142,18.16
9,2,55.15,38.62,0,0,0,7.37,112,13.51
23,0,80.15,68.18,0,0,1,4.32,47,46.59
10,3,47.76,52.59,2,2,0,2.5,100,36.89
1,2,55.96,45.36,2,3,1,6.09,40,26.18
6,4,34.48,27.27,1,0,0,6.41,43,14.54
3,2,19.41,31.3,3,2,3,5.74,138,27.89
16,6,10.94,47.34,2,1,3,6.68,16,39.11
19,4,41.55,58.28,3,0,2,3.73,145,54.95
20,3,61.86,69.54,3,1,1,5.64,73,63.8
15,4,73.4,55.54,1,2,0,3.08,19,44.82
18,4,12.56,45.82,2,2,2,4.18,120,43.95
10,4,33.66,30.7,2,3,0,2.95,16,36.93
15,4,77.71,66.6,1,3,0,2.43,55,51.58
2,6,15.1,5.56,2,0,0,1.72,43,14.04
12,2,94.4,92.46,1,3,1,5.53,120,58.13
13,3,61.94,57.48,0,0,2,6.75,65,32.93
0,1,89.6,48.59,0,3,1,3.39,102,34.68
13,3,70.73,61.4,1,3,3,4.08,20,63.0
17,6,91.75,98.86,3,3,2,1.52,108,100.0
8,4,64.88,68.32,0,0,3,3.98,110,50.08
13,1,29.13,39.05,2,0,1,3.19,50,33.55
6,6,77.02,58.55,0,3,1,4.95,134,35.63
6,5,25.35,24.02,2,1,0,6.95,76,0.0
3,3,55.85,39.82,0,1,0,4.54,104,18.3
7,1,38.57,31.72,1,1,0,5.55,35,31.99
19,2,76.92,77.76,3,0,0,5.73,141,64.14
22,5,73.35,63.47,1,0,3,2.41,44,50.84
15,4,82.75,77.68,3,0,2,3.58,98,59.69
14,1,27.23,24.39,0,3,2,2.18,22,29.51
14,1,94.78,67.09,0,0,1,4.14,16,38.99
11,6,77.48,65.64,0,3,2,6.82,27,35.33
10,3,39.8,31.33,0,0,2,4.39,142,26.86
14,4,16.49,31.89,1,2,3,4.24,39,34.8
18,2,36.45,55.8,3,1,3,2.76,134,61.88
9,0,14.56,23.69,0,3,2,3.36,91,23.39
13,2,60.38,59.31,1,0,3,7.12,22,42.41
11,4,15.16,15.42,0,2,2,3.32,72,8.36
6,2,43.75,61.99,2,3,3,5.89,77,49.43
6,4,65.08,62.26,2,1,2,1.75,47,48.89
1,3,45.78,41.88,0,1,3,2.27,95,35.66
10,2,84.35,75.75,1,0,0,3.37,131,69.25
17,1,26.69,24.31,0,3,0,6.91,134,11.16
16,1,52.15,44.74,1,3,1,2.82,84,53.13
23,1,87.19,73.6,1,1,3,5.86,135,55.13
0,5,36.79,52.44,3,2,3,2.51,140,38.88
18,2,47.54,48.68,0,3,1,5.18,22,50.94
19,5,88.96,84.02,2,1,1,5.02,99,60.16
10,2,49.94,55.99,3,0,1,5.23,119,54.2
6,2,82.78,71.73,0,0,0,3.22,12,43.08
8,6,89.64,84.47,3,3,2,2.47,95,89.91
16,6,28.05,53.17,3,3,3,6.82,138,51.43
20,2,75.73,75.04,1,0,3,4.92,47,50.45
15,1,63.84,41.82,1,3,0,2.77,130,28.92
12,5,93.8,74.23,2,3,1,3.98,141,72.08
15,0,57.7,56.34,2,2,2,1.9,99,56.2
1,3,76.35,76.01,3,1,2,4.35,98,72.53
14,4,36.11,45.94,3,3,2,4.04,85,45.38
1,4,59.58,37.84,1,3,2,2.3,67,41.14
23,0,75.07,47.33,0,1,1,4.17,73,24.94
21,0,92.02,69.89,1,1,1,5.34,83,48.87
12,1,27.67,19.49,2,3,0,7.07,77,25.91
8,0,12.1,42.09,3,3,2,5.72,126,37.53
17,3,92.87,88.52,1,2,1,4.51,118,63.52
15,6,59.24,59.7,3,2,1,6.12,59,50.23
16,2,6.55,21.88,0,2,3,3.18,82,28.84
12,3,51.8,64.49,2,1,3,5.51,40,64.75
5,1,89.24,78.16,1,3,3,1.53,34,66.69
1,0,93.6,62.48,2,1,0,1.94,62,48.87
6,4,34.31,35.77,1,3,3,5.25,18,37.82
12,1,75.37,82.21,3,3,2,2.66,130,67.31
10,3,46.28,40.22,0,1,0,5.63,27,14.68
12,4,40.82,52.65,3,3,1,5.32,56,36.06
6,5,73.24,49.47,1,3,0,1.88,45,19.52
22,1,29.3,29.83,2,1,1,3.85,39,26.81
8,4,43.37,52.48,1,2,2,5.18,61,36.29
20,6,27.19,21.8,1,2,1,5.78,111,7.18
9,3,17.84,20.2,1,0,2,6.4,135,23.25
10,0,39.14,45.51,1,2,3,3.48,36,43.88
14,1,91.33,64.32,0,2,0,6.52,43,39.74
6,5,42.7,57.65,1,2,3,3.63,76,35.17
5,5,66.49,37.0,1,1,0,1.54,55,19.96
9,2,30.66,36.64,2,2,0,5.16,122,38.98
19,1,82.88,85.98,1,2,0,2.95,41,62.09
3,2,61.24,38.44,2,3,0,2.25,66,40.86
10,1,90.54,83.81,1,1,1,3.05,86,79.8
16,5,34.34,41.74,1,0,3,6.47,63,33.11
16,5,53.42,64.28,2,0,2,6.98,97,44.01
10,0,22.19,51.32,2,3,1,7.27,122,21.65
1,5,17.23,34.95,3,0,3,3.32,85,33.46
0,5,57.68,41.59,1,1,1,4.24,74,24.83
11,4,77.31,49.0,0,3,0,6.32,144,29.98
19,6,22.98,30.32,2,0,0,3.41,148,31.67
0,0,68.26,50.19,1,0,2,3.81,150,27.99
21,4,65.44,36.96,0,2,0,2.92,12,38.08
16,0,48.43,45.97,3,2,1,4.93,128,47.71
0,6,74.02,51.48,2,0,1,5.46,136,32.42
8,3,58.45,60.86,2,2,1,3.41,123,53.53
5,0,90.18,86.77,2,2,3,1.65,115,69.05
22,5,73.73,60.92,3,0,0,5.92,61,34.3
13,5,84.79,70.39,2,1,0,5.2,112,45.59
7,3,37.52,34.11,2,1,1,2.81,91,32.71
6,2,77.99,73.55,3,3,2,3.39,127,67.87
13,0,94.28,64.75,2,1,1,7.24,59,46.5
0,6,19.71,29.83,2,3,0,5.28,114,6.92
6,1,51.01,46.11,0,3,2,5.07,120,20.65
3,5,82.61,63.64,1,0,2,5.34,127,18.31
14,4,40.7,46.05,1,3,2,7.23,34,36.98
16,4,50.74,84.26,3,0,2,3.54,131,77.75
11,4,72.29,67.0,2,1,2,3.19,40,43.88
3,6,79.22,58.17,2,0,2,3.76,142,45.34
8,0,22.96,53.53,2,0,2,6.31,15,42.31
20,6,40.2,40.33,2,2,3,2.23,41,38.31
4,0,40.51,49.25,3,2,1,2.74,95,45.49
3,6,18.75,6.99,0,2,1,2.87,86,4.61
2,1,13.2,19.54,3,1,0,5.32,107,15.22
19,5,72.02,73.8,3,3,3,5.35,66,86.11
2,0,81.68,68.96,0,1,0,3.73,10,40.8
13,3,90.67,72.61,2,2,0,3.16,97,50.98
23,3,91.07,65.66,1,1,0,6.03,82,40.31
15,6,94.52,78.89,1,0,1,1.69,81,58.95
9,0,12.47,24.46,3,2,0,5.93,63,33.64
4,0,40.71,37.28,1,3,2,2.76,135,28.07
0,4,12.39,19.1,3,1,3,6.92,121,15.83
3,0,66.01,54.55,2,1,1,3.98,35,30.04
22,5,92.52,87.39,3,3,3,5.35,15,84.08
3,0,8.3,6.49,2,0,1,2.23,35,10.11
0,6,52.37,43.12,2,1,3,3.02,16,36.41
19,3,52.99,51.36,0,1,0,5.7,110,33.09
10,6,19.69,37.73,3,1,2,4.8,97,36.85
8,0,80.01,83.32,2,1,3,6.12,75,64.11
17,1,40.53,52.17,1,3,2,4.88,93,54.65
12,3,42.84,55.83,1,0,3,4.92,123,27.52
21,0,91.58,67.47,0,1,2,6.65,127,43.96
11,0,27.26,34.17,1,3,2,4.05,71,29.27
17,2,39.69,37.21,0,0,2,6.87,93,15.99
21,5,74.31,69.05,3,2,1,3.73,91,59.06
11,4,48.2,47.16,1,0,0,3.47,143,21.02
6,0,59.31,48.28,2,2,3,6.18,117,56.5
23,0,48.0,55.1,3,2,3,1.57,54,69.9
5,4,30.5,39.34,3,2,3,2.53,135,44.42
0,2,19.65,25.81,1,2,3,1.93,66,12.01
13,5,81.51,65.23,0,2,0,4.57,116,29.86
23,2,29.77,19.55,2,2,0,5.27,147,9.99
2,2,94.76,89.14,3,2,1,1.56,124,78.46
20,1,5.91,20.9,1,0,2,2.47,25,20.64
19,1,84.38,66.07,0,0,0,3.32,39,49.28
22,4,90.26,76.71,2,0,3,3.27,122,74.84
10,3,10.28,18.4,2,2,0,2.08,27,35.12
6,4,61.48,63.44,0,1,3,2.54,11,60.18
12,0,75.44,58.5,0,1,1,6.58,46,36.07
3,3,60.38,48.21,2,1,1,5.7,78,29.52
20,3,84.21,57.83,0,3,1,3.28,28,47.85
15,6,16.92,19.33,0,1,1,3.08,31,7.76
11,2,90.39,77.03,1,1,2,1.98,57,69.08
12,0,54.55,46.62,1,2,1,3.59,94,31.97
17,4,35.99,51.25,3,3,1,3.89,86,59.02
12,1,52.27,42.12,1,2,1,6.93,122,25.19
20,6,35.54,32.88,3,3,0,5.96,148,25.49
22,2,45.99,32.48,2,2,0,4.37,14,21.08
22,5,19.08,16.4,1,3,1,2.31,107,13.88
14,4,81.02,55.73,2,2,0,5.44,33,45.93
17,3,40.07,43.25,0,2,1,7.12,60,25.62
7,4,47.03,53.19,3,2,1,1.97,58,44.29
0,1,86.86,56.79,1,1,0,6.59,108,20.23
9,0,86.63,86.11,3,0,1,2.58,46,79.32
20,5,75.93,65.05,2,1,2,5.71,136,57.35
3,6,7.7,4.32,1,2,3,2.6,64,9.37
13,6,86.57,70.89,1,2,1,5.1,124,42.93
4,2,21.99,29.05,0,0,2,2.93,144,17.53
10,2,44.45,53.37,2,3,0,4.75,82,42.2
3,2,86.27,67.07,0,2,1,5.1,24,42.65
17,4,13.55,25.67,2,2,2,5.21,108,30.46
19,4,16.98,21.88,0,1,1,5.6,69,11.61
18,5,56.85,56.54,0,2,3,1.91,57,59.63
16,6,47.09,60.91,0,2,3,5.72,74,49.51
5,2,40.07,39.27,0,1,3,2.43,52,27.64
12,4,77.87,73.92,3,3,1,5.56,49,54.75
2,3,85.52,52.56,3,0,0,2.24,149,33.58
8,6,94.23,85.73,3,1,2,4.38,49,69.09
12,2,16.07,38.0,2,1,3,3.82,74,33.1
16,1,65.86,52.18,0,0,0,7.3,110,28.65
2,2,83.42,78.29,3,0,3,5.28,41,54.93
19,4,26.65,45.48,3,3,0,2.03,97,38.24
11,6,48.2,48.63,0,3,2,5.71,136,29.31
21,5,5.65,23.61,3,1,3,2.66,124,41.68
12,0,17.12,31.46,3,1,0,3.22,14,34.25
13,3,16.3,32.02,1,1,1,3.77,67,8.18
16,1,68.68,88.45,2,2,3,6.16,10,78.99
19,2,61.0,66.21,3,1,1,7.16,95,60.94
3,6,8.48,11.17,1,0,2,7.05,55,0.0
12,6,58.61,60.46,3,1,0,2.52,135,43.53
0,1,11.13,13.16,1,2,2,1.86,34,17.65
11,0,23.2,37.96,3,2,2,6.47,130,36.22
19,4,86.12,64.9,0,0,2,3.23,58,59.27
20,2,45.25,44.53,2,3,2,5.0,139,44.48
6,3,75.32,63.36,2,2,1,7.37,38,47.07
9,6,33.29,31.14,1,2,2,2.62,47,32.04
13,6,14.97,18.54,1,3,1,3.75,59,10.83
9,6,84.94,82.22,0,2,3,6.71,148,52.43
4,5,19.74,19.28,2,2,2,5.4,113,10.17
7,6,36.47,32.83,3,3,1,7.13,125,36.24
9,5,68.11,73.21,2,3,3,5.29,87,61.96
12,6,58.26,50.87,1,3,1,3.32,122,42.83
22,3,88.52,87.18,2,2,3,6.33,98,63.67
13,0,93.89,79.55,1,0,3,6.06,104,60.79
9,5,18.2,30.67,3,1,2,7.1,128,34.76
15,6,25.39,31.49,1,2,1,4.36,148,18.97
18,2,62.52,68.48,2,1,1,4.52,91,45.84
10,2,18.21,30.34,1,0,3,3.44,72,35.36
11,4,53.8,47.23,3,1,1,3.11,102,41.39
5,4,38.55,29.32,0,1,2,7.48,114,0.0
20,4,84.93,76.87,2,0,3,7.36,149,59.24
20,2,87.63,80.77,3,3,0,4.68,108,54.59
4,5,28.29,16.48,1,1,0,7.23,144,0.0
8,5,13.61,49.34,2,3,3,3.64,113,55.75
6,6,94.2,82.28,1,3,3,6.6,144,61.91
22,4,18.49,36.32,1,3,1,5.31,115,18.55
1,0,20.61,22.41,3,3,0,5.8,134,12.08
4,5,27.7,18.27,1,1,2,5.81,36,13.85
7,0,35.68,31.3,0,0,2,5.31,149,20.61
13,1,18.3,21.04,2,0,1,6.61,59,10.24
5,1,34.0,24.48,1,2,0,3.85,122,3.5
12,1,6.98,28.93,3,0,2,6.6,65,18.75
17,5,77.09,51.63,0,0,1,2.6,74,47.71
19,3,28.72,57.82,3,0,2,2.7,115,54.16
2,1,78.6,76.93,2,1,2,5.8,86,55.31
3,0,63.22,43.58,3,1,1,6.0,110,37.71
2,1,48.25,46.82,1,1,2,6.91,21,20.3
21,4,92.51,95.39,1,2,3,3.15,127,69.96
15,5,39.8,27.08,1,3,2,1.84,67,35.27
12,2,21.05,26.89,3,2,0,4.54,121,23.47
18,0,56.97,50.07,0,2,2,6.75,50,38.46
14,3,17.61,33.5,2,0,1,7.33,94,18.41
5,5,29.91,21.63,1,0,2,6.65,92,11.61
12,0,86.7,69.24,2,0,0,4.44,29,49.29
16,5,85.29,92.36,3,3,2,6.68,76,74.9
0,1,46.92,54.7,2,0,2,2.78,99,40.88
14,1,48.04,34.16,0,3,0,7.03,127,6.43
11,4,56.01,46.03,1,3,1,4.9,135,33.92
1,0,12.58,3.06,0,3,1,3.84,64,0.0
6,2,27.78,37.61,1,1,2,4.99,100,20.81
10,0,57.2,44.86,0,0,2,6.2,34,31.58
8,1,33.9,47.3,2,0,2,2.94,136,43.35
6,5,24.21,30.86,2,3,3,2.11,132,42.49
15,1,63.26,54.13,1,1,3,5.9,150,37.3
9,0,55.98,50.69,3,1,1,7.21,78,41.0
11,1,34.44,43.19,2,0,3,5.32,60,36.61
19,0,89.37,92.89,2,1,1,2.36,116,80.86
2,4,74.99,49.11,1,1,3,5.36,111,43.67
8,6,58.65,58.03,1,2,1,2.2,39,50.62
1,1,23.85,18.63,2,3,1,3.32,86,22.65
22,5,63.33,59.15,3,1,2,1.69,100,65.17
4,2,66.9,65.57,3,1,2,4.43,74,54.28
19,0,57.31,72.44,3,1,0,3.43,62,56.2
4,4,62.42,47.43,0,0,0,2.09,43,22.14
7,1,19.6,48.1,3,0,3,3.35,68,45.47
14,3,35.15,24.82,0,0,0,5.39,44,7.92
19,3,85.17,75.06,0,0,1,3.23,52,53.26
4,4,17.34,35.82,2,0,1,2.36,36,23.61
5,0,58.07,40.76,1,0,1,4.77,63,22.4
21,1,85.79,73.71,0,3,1,6.02,99,42.17
7,5,6.27,15.37,0,0,3,6.48,63,11.92
5,6,92.04,58.46,0,2,2,4.33,30,38.7
17,0,84.5,97.22,1,0,3,5.77,122,69.74
2,2,69.36,55.95,2,1,1,6.5,70,28.32
20,6,68.82,63.12,2,2,1,5.54,92,45.99
21,2,83.1,71.66,0,2,2,4.66,83,42.64
20,3,20.39,8.43,0,3,0,1.86,81,17.38
7,6,67.99,70.89,2,1,3,3.24,71,75.23
2,6,35.91,38.36,3,2,3,3.42,116,29.91
10,4,83.81,67.67,0,1,0,3.87,130,47.7
8,4,53.0,50.73,1,1,0,7.21,137,34.54
23,4,73.92,53.02,0,1,1,2.75,72,34.4
15,1,20.03,33.62,1,3,0,4.75,58,18.93
22,6,26.78,22.09,1,3,0,7.45,21,4.77
18,0,80.44,77.63,0,1,3,5.21,72,66.93
17,0,40.57,60.62,3,2,0,2.75,149,50.34
2,4,52.5,42.68,3,3,1,7.26,46,38.96
1,5,70.3,58.97,2,1,3,3.52,129,47.61
1,5,20.27,25.59,3,1,1,1.79,116,20.67
14,4,32.23,17.87,1,3,0,4.09,103,17.24
4,2,34.31,30.04,3,1,0,2.94,89,29.22
23,2,87.5,82.36,1,0,0,6.41,116,29.2
3,2,17.38,30.32,1,2,2,2.82,23,5.03
22,1,38.42,47.94,2,0,1,6.42,28,32.2
16,2,91.34,91.04,2,2,0,1.72,37,73.06
2,0,80.14,67.15,2,0,1,7.07,117,30.23
1,2,65.34,55.03,3,1,1,1.75,70,47.3
9,6,54.4,66.68,1,0,2,7.13,39,60.32
8,4,80.49,70.31,2,2,1,1.94,16,60.89
7,0,90.18,88.71,0,0,3,6.74,78,68.03
12,2,88.17,63.92,0,1,1,6.49,66,33.13
3,1,62.52,46.87,1,3,2,5.07,35,27.32
3,1,70.51,64.54,2,3,2,1.72,13,55.04
16,4,74.78,89.08,2,1,1,5.23,116,57.68
23,6,77.84,64.05,0,2,0,5.21,119,20.96
6,4,70.98,76.47,3,1,2,4.84,44,60.35
22,3,21.2,37.7,2,0,3,5.29,79,26.55
8,1,73.36,85.29,2,0,3,7.31,45,67.11
8,1,40.13,65.45,2,3,3,7.47,67,56.62
2,5,22.98,4.22,2,0,0,4.62,25,0.0
10,4,14.23,23.36,1,1,1,2.05,143,27.27
11,3,26.63,24.81,1,0,2,2.3,111,20.22
15,4,50.7,42.97,0,3,2,5.82,137,27.06
3,5,27.22,18.79,2,0,2,7.39,51,0.0
4,5,64.93,24.11,0,2,0,4.12,133,7.16
10,0,91.8,79.86,2,1,2,2.09,83,90.49
1,2,8.96,7.58,1,2,2,3.62,37,13.63
3,0,16.76,8.17,0,0,0,3.81,56,0.0
15,2,27.26,26.93,1,0,2,7.48,124,6.57
22,4,77.39,72.66,3,0,2,5.62,119,69.27
13,1,29.41,45.95,2,2,3,2.21,111,46.46
3,1,22.24,27.02,1,2,3,3.52,41,21.15
23,3,18.76,34.42,1,3,1,1.79,101,23.42
12,3,18.49,37.86,2,3,2,5.42,142,42.62
17,4,69.78,58.06,0,3,2,5.54,16,50.14
4,0,68.73,46.79,2,0,0,1.84,55,37.74
13,1,33.0,40.99,0,2,3,3.51,21,33.34
1,5,45.45,31.52,3,2,0,6.92,24,17.98
15,4,61.54,64.04,2,2,3,6.46,150,49.54
4,6,92.76,52.81,0,2,2,4.95,43,44.08
21,5,71.88,57.61,1,2,3,4.41,35,50.92
1,5,77.27,77.45,3,2,2,7.46,20,45.44
15,3,93.0,83.13,3,2,0,5.83,148,61.64
3,6,39.3,25.89,0,2,3,7.22,76,10.44
16,2,11.22,20.66,1,0,1,1.93,121,25.27
11,6,72.22,66.01,0,2,1,2.77,45,40.12
23,2,15.9,23.85,1,0,3,1.69,100,24.71
15,3,44.47,50.33,3,3,0,6.71,134,39.62
8,4,71.45,80.55,2,3,2,5.67,104,78.34
2,2,55.25,58.9,1,0,3,2.57,82,33.09
14,1,38.04,34.43,1,3,2,7.35,39,26.56
10,6,51.29,48.13,2,1,2,7.23,42,37.82
1,3,27.07,21.76,2,2,2,2.85,94,19.28
13,6,11.67,24.52,1,2,2,5.38,73,1.88
5,2,42.12,41.27,1,0,0,5.51,16,16.17
5,6,10.25,25.74,3,3,2,1.52,37,28.0
0,4,93.17,76.47,2,2,3,5.63,70,59.15
8,5,45.29,62.92,3,1,1,2.83,35,63.46
5,5,84.41,74.49,3,2,3,6.91,88,56.16
1,1,90.66,56.45,1,3,0,6.53,52,30.01
10,5,45.44,48.4,3,2,0,6.93,51,29.24
5,6,42.83,31.77,3,2,0,6.05,25,14.31
3,4,85.41,56.58,0,3,2,2.49,80,53.23
11,6,8.12,16.4,0,2,1,3.66,36,8.47
1,5,48.85,29.56,0,0,2,5.75,98,17.28
23,4,29.18,27.9,2,3,2,3.44,142,27.76
11,3,72.75,75.48,3,3,1,5.76,138,60.48
23,6,80.31,68.14,3,2,1,3.52,104,64.53
21,1,60.8,54.32,1,0,3,2.57,123,52.05
23,3,41.62,56.88,2,2,3,4.61,139,58.33
13,5,54.95,36.49,0,0,1,5.62,106,17.36
10,6,56.67,50.63,2,3,0,4.6,46,42.02
17,1,62.16,69.05,1,3,3,5.35,80,48.9
1,0,88.0,76.35,3,0,2,4.13,130,62.97
20,2,27.42,35.74,3,0,1,6.17,104,30.23
7,6,23.14,21.26,2,3,2,5.4,61,36.73
0,3,22.12,24.72,2,3,2,4.95,33,18.49
5,0,67.75,67.08,3,3,0,4.11,30,48.76
5,0,86.44,75.64,1,0,3,4.71,63,44.67
0,2,34.41,22.15,0,2,2,1.81,123,7.48
16,2,42.86,51.15,2,3,0,5.5,87,44.14
2,0,92.14,79.73,1,0,3,2.73,18,70.32
20,3,18.08,29.12,2,1,3,6.66,139,33.57
10,3,84.16,100.0,3,1,3,6.37,67,87.8
17,1,91.34,91.9,2,2,2,4.67,65,92.48
8,1,76.96,67.22,1,1,1,6.58,125,44.48
3,4,35.28,46.53,2,1,2,5.52,63,35.83
4,6,63.82,34.47,1,1,2,2.35,97,21.66
