hour,day_of_week,parking_location,previous_occupancy,traffic_level,weather,event_level,parking_price,available_spaces,occupancy_percentage
2,1,1,50.14,3,0,3,3.2,27,43.98
18,0,0,70.92,2,1,1,4.5,12,55.7
15,4,1,21.94,1,3,2,3.2,43,15.52
10,4,1,44.94,0,0,3,3.2,30,53.97
10,5,0,52.93,0,0,0,4.5,19,24.11
20,6,2,71.2,0,1,0,5.0,10,32.72
2,3,1,91.8,1,2,3,3.2,5,73.88
16,5,0,81.34,3,3,2,4.5,7,80.53
4,5,2,60.94,0,2,2,5.0,14,44.7
2,1,0,57.53,2,1,1,4.5,17,30.72
12,5,1,59.29,1,3,3,3.2,22,59.43
23,0,1,54.07,0,0,2,3.2,25,41.31
17,4,1,10.34,2,3,1,3.2,49,29.01
18,6,2,67.85,2,1,2,5.0,11,62.28
17,4,2,69.47,3,1,0,5.0,11,43.27
18,6,1,51.12,2,3,0,3.2,27,38.51
12,0,2,83.33,1,2,0,5.0,6,53.23
3,3,2,65.52,3,1,3,5.0,12,73.3
20,5,2,37.64,0,1,2,5.0,22,27.43
10,4,1,6.77,2,1,0,3.2,51,15.25
12,6,0,10.32,3,3,3,4.5,36,41.41
8,3,0,36.66,0,0,3,4.5,25,38.7
4,4,1,46.59,3,0,1,3.2,29,39.38
22,2,1,20.02,0,1,0,3.2,44,16.92
18,6,0,22.04,1,1,1,4.5,31,13.32
15,0,0,25.72,1,3,2,4.5,30,15.71
9,1,2,75.25,0,0,2,5.0,9,51.78
19,0,2,74.42,2,3,1,5.0,9,63.8
13,4,2,39.46,1,3,0,5.0,21,24.0
10,1,0,20.51,2,1,2,4.5,32,36.23
10,2,0,14.98,1,3,2,4.5,34,25.96
5,5,0,12.84,2,3,1,4.5,35,14.31
2,2,2,40.22,3,3,2,5.0,21,49.95
13,1,1,9.1,2,1,2,3.2,50,6.23
21,0,2,35.03,0,1,2,5.0,23,15.41
1,1,1,91.54,1,3,0,3.2,5,55.53
20,6,1,50.68,1,1,1,3.2,27,26.17
19,3,1,79.04,0,0,1,3.2,12,52.24
6,6,2,16.63,0,2,3,5.0,29,26.59
15,1,1,29.13,0,1,3,3.2,39,25.49
3,2,1,90.19,3,3,3,3.2,5,77.67
18,1,2,39.52,1,3,1,5.0,21,36.96
16,2,1,63.36,3,0,1,3.2,20,72.31
8,3,2,92.85,2,3,1,5.0,3,86.4
1,5,1,54.57,2,3,3,3.2,25,58.19
23,2,2,32.48,3,3,2,5.0,24,35.61
10,5,1,52.88,2,1,2,3.2,26,53.9
21,4,1,9.92,0,2,1,3.2,50,7.36
16,2,0,15.11,1,3,2,4.5,34,28.39
18,6,1,5.65,2,3,3,3.2,52,31.04
18,3,0,84.58,0,1,2,4.5,6,57.62
4,1,1,65.42,0,2,1,3.2,19,35.46
8,6,2,31.85,0,1,3,5.0,24,26.27
11,6,1,24.9,2,1,3,3.2,41,40.57
11,0,1,66.48,1,2,3,3.2,18,62.3
1,6,0,87.76,0,1,3,4.5,5,52.46
13,6,2,31.92,2,0,1,5.0,24,26.29
3,5,1,33.94,2,2,1,3.2,36,31.29
17,1,1,81.88,2,1,0,3.2,10,77.99
16,4,0,85.4,0,2,1,4.5,6,61.99
22,3,0,87.26,3,1,2,4.5,5,74.4
17,4,0,31.38,0,3,2,4.5,27,32.25
8,4,2,15.83,2,3,0,5.0,29,23.62
23,4,2,44.6,2,1,3,5.0,19,56.05
9,3,0,31.62,0,2,0,4.5,27,21.06
7,4,0,84.55,1,0,0,4.5,6,45.8
21,3,2,8.3,0,3,2,5.0,32,15.45
8,0,1,62.05,1,0,0,3.2,21,46.73
1,0,0,86.56,2,3,3,4.5,5,59.93
11,6,1,92.9,1,3,0,3.2,4,50.18
19,6,0,63.51,2,0,0,4.5,15,45.31
4,4,0,90.49,3,0,3,4.5,4,63.24
11,1,1,11.81,0,2,1,3.2,49,0.0
3,5,2,37.34,1,3,2,5.0,22,31.27
16,1,2,5.78,0,2,2,5.0,33,22.17
11,2,0,93.31,2,0,0,4.5,3,57.19
7,2,1,86.25,0,2,2,3.2,8,75.07
5,0,2,7.52,3,1,2,5.0,32,26.79
13,5,2,6.63,1,3,0,5.0,33,1.45
16,3,2,38.03,2,3,3,5.0,22,49.93
22,2,0,28.27,0,3,3,4.5,29,23.26
10,3,0,81.22,1,1,3,4.5,8,71.46
3,0,0,19.44,0,1,0,4.5,32,4.37
19,3,0,76.16,2,3,0,4.5,10,61.27
15,3,0,54.9,0,0,3,4.5,18,38.82
16,2,0,38.97,0,0,1,4.5,24,32.71
2,5,1,18.11,2,0,2,3.2,45,21.11
7,1,1,94.79,2,2,1,3.2,3,85.58
18,0,1,60.62,1,0,0,3.2,22,38.44
19,3,0,44.54,1,2,2,4.5,22,43.42
10,6,0,38.4,1,0,0,4.5,25,17.24
19,2,2,86.52,3,3,0,5.0,5,80.74
20,0,1,78.91,1,1,2,3.2,12,50.97
9,6,0,78.01,3,0,0,4.5,9,53.89
21,3,2,60.46,0,2,0,5.0,14,19.41
6,1,2,84.92,0,1,3,5.0,5,63.17
5,4,2,31.94,1,1,2,5.0,24,36.17
16,2,0,68.33,0,2,2,4.5,13,57.49
15,6,1,41.4,2,3,0,3.2,32,34.91
3,2,2,59.0,1,3,0,5.0,14,42.81
19,3,2,94.83,1,1,1,5.0,2,74.62
4,3,0,93.61,2,3,1,4.5,3,69.31
19,1,2,51.14,0,0,1,5.0,17,40.66
0,3,1,56.65,1,3,0,3.2,24,32.44
19,0,1,85.76,3,3,3,3.2,8,91.61
18,4,1,93.71,2,2,1,3.2,3,79.2
18,5,2,75.07,2,2,3,5.0,9,72.7
15,6,0,10.87,2,2,1,4.5,36,1.76
11,2,1,34.04,1,0,1,3.2,36,14.59
16,1,2,85.69,3,3,0,5.0,5,76.91
6,3,1,74.15,3,2,2,3.2,14,73.64
18,4,0,71.8,1,3,0,4.5,11,51.23
13,6,0,65.11,3,0,2,4.5,14,67.72
11,0,1,42.37,0,3,3,3.2,32,32.55
12,1,2,41.29,1,1,1,5.0,21,31.36
13,1,1,77.8,1,3,3,3.2,12,73.7
0,1,2,31.44,2,3,2,5.0,24,44.81
3,3,1,66.63,2,3,0,3.2,18,52.52
5,6,1,70.36,1,3,0,3.2,16,48.3
2,0,0,81.01,1,0,2,4.5,8,51.93
10,5,1,33.79,2,1,2,3.2,36,50.34
16,4,0,71.77,1,1,0,4.5,11,54.85
15,4,2,14.58,1,2,2,5.0,30,15.31
11,4,0,17.43,1,3,3,4.5,33,27.05
20,0,2,42.56,3,2,0,5.0,20,28.72
13,5,0,9.97,2,2,3,4.5,36,30.79
1,1,1,90.29,0,3,2,3.2,5,63.51
18,3,0,86.17,3,0,2,4.5,6,84.77
13,4,0,9.4,2,2,0,4.5,36,7.2
15,4,2,80.45,1,2,2,5.0,7,48.27
13,2,0,50.8,2,0,1,4.5,20,49.86
13,2,1,68.18,0,2,1,3.2,18,41.72
2,3,2,84.82,0,3,3,5.0,5,57.55
13,0,1,56.93,1,3,0,3.2,24,43.4
19,5,0,15.47,3,3,0,4.5,34,38.64
7,0,1,5.23,1,3,1,3.2,52,17.02
14,3,1,49.72,1,1,2,3.2,28,38.49
0,4,0,90.43,3,0,0,4.5,4,59.69
8,0,0,56.54,3,3,3,4.5,17,61.89
10,6,1,38.56,1,1,2,3.2,34,33.09
23,2,1,7.78,0,2,3,3.2,51,25.45
5,0,0,87.35,2,0,1,4.5,5,55.15
6,4,1,34.44,2,3,0,3.2,36,23.7
9,3,1,68.43,3,3,0,3.2,17,60.98
23,4,0,67.48,3,3,2,4.5,13,67.99
20,5,1,27.85,2,0,2,3.2,40,14.76
0,3,2,10.74,0,3,2,5.0,31,15.71
5,5,1,39.65,0,2,3,3.2,33,46.22
19,2,1,33.54,2,0,3,3.2,37,60.79
1,3,2,68.02,2,2,2,5.0,11,61.53
20,1,1,78.78,1,1,0,3.2,12,53.89
6,4,0,25.02,1,2,2,4.5,30,30.0
22,1,1,52.54,2,0,3,3.2,26,49.62
7,4,1,8.65,1,2,3,3.2,50,34.91
10,5,1,24.28,0,2,3,3.2,42,40.65
15,6,0,73.56,3,2,0,4.5,11,41.55
3,6,0,76.41,1,3,1,4.5,9,49.9
13,0,1,74.88,1,2,2,3.2,14,58.77
12,0,2,17.81,0,2,0,5.0,29,5.94
18,6,2,54.59,1,0,1,5.0,16,41.69
23,2,2,43.04,3,3,0,5.0,20,41.66
15,0,0,94.23,0,1,0,4.5,2,46.48
9,2,1,63.87,0,2,0,3.2,20,47.54
9,5,1,89.17,0,2,3,3.2,6,72.78
10,2,1,18.08,0,3,3,3.2,45,30.08
19,0,1,45.58,2,1,1,3.2,30,42.03
7,5,1,74.44,1,1,0,3.2,14,45.53
4,1,0,38.11,3,3,1,4.5,25,40.03
8,2,2,61.93,1,2,1,5.0,13,46.76
0,0,2,51.05,2,1,0,5.0,17,40.71
2,4,0,94.27,0,1,2,4.5,2,58.19
2,3,1,20.65,1,3,3,3.2,44,37.54
18,6,1,89.18,1,3,3,3.2,6,76.1
17,2,2,41.14,0,0,3,5.0,21,36.62
16,1,2,47.12,1,1,3,5.0,19,59.95
11,1,1,52.57,1,3,0,3.2,26,34.68
17,1,2,28.88,1,0,2,5.0,25,33.67
3,3,2,91.73,2,0,2,5.0,3,72.28
21,0,2,87.03,3,0,0,5.0,5,64.24
12,2,0,92.56,3,2,0,4.5,3,56.01
22,5,2,94.72,0,1,2,5.0,2,65.17
3,5,1,65.28,2,1,2,3.2,19,49.26
11,4,0,45.65,3,0,0,4.5,22,41.67
16,6,2,81.57,3,2,1,5.0,6,65.64
11,5,2,7.14,1,3,0,5.0,33,5.87
10,4,1,80.1,3,0,0,3.2,11,63.72
3,6,1,49.76,3,2,2,3.2,28,38.25
9,0,1,65.59,1,3,2,3.2,19,64.84
5,5,0,38.66,3,2,3,4.5,25,33.22
7,2,2,38.18,2,2,3,5.0,22,52.11
16,5,0,7.85,3,0,0,4.5,37,22.51
15,6,1,43.14,2,3,1,3.2,31,33.43
14,3,0,41.75,3,3,3,4.5,23,46.28
8,0,2,25.23,3,2,0,5.0,26,40.56
23,2,2,27.26,3,3,3,5.0,25,46.0
2,2,1,57.57,1,2,3,3.2,23,49.07
8,6,1,33.6,2,2,0,3.2,37,38.79
2,6,2,79.72,2,3,0,5.0,7,46.0
8,3,2,15.02,3,0,2,5.0,30,33.91
23,6,2,56.99,1,0,1,5.0,15,38.24
8,3,0,19.4,1,0,3,4.5,32,20.94
21,2,1,52.54,2,2,2,3.2,26,59.53
11,5,2,54.73,3,0,2,5.0,16,47.88
16,4,0,62.81,3,1,0,4.5,15,58.99
10,3,2,43.47,0,1,1,5.0,20,37.24
6,3,0,50.85,3,2,0,4.5,20,37.66
18,4,2,21.29,3,2,0,5.0,28,32.47
23,5,1,46.67,0,0,0,3.2,29,15.03
6,3,2,38.57,0,2,3,5.0,21,38.47
18,0,2,64.95,0,1,0,5.0,12,35.36
6,0,0,44.13,3,0,2,4.5,22,34.41
17,1,1,75.14,3,2,2,3.2,14,87.65
18,3,2,43.34,2,1,0,5.0,20,36.03
10,4,0,26.22,2,1,3,4.5,30,42.45
17,5,2,29.63,1,3,2,5.0,25,37.08
6,1,0,9.08,3,0,0,4.5,36,8.72
1,5,1,53.59,0,3,0,3.2,26,34.04
2,4,1,79.78,1,1,2,3.2,11,57.15
10,0,2,74.22,0,3,2,5.0,9,57.6
21,2,2,44.4,3,3,1,5.0,19,45.02
3,2,1,22.65,2,3,1,3.2,43,23.88
10,6,0,82.71,2,0,0,4.5,7,48.63
16,6,1,10.11,3,3,0,3.2,49,23.78
4,5,1,40.93,0,1,2,3.2,32,34.75
17,3,2,82.1,3,3,1,5.0,6,83.2
7,3,2,40.39,0,3,1,5.0,21,32.12
19,2,1,15.61,3,2,1,3.2,46,42.55
13,5,2,28.94,2,3,2,5.0,25,24.39
13,0,0,59.0,3,2,1,4.5,16,57.29
4,1,0,18.68,0,0,1,4.5,33,10.59
11,0,0,63.94,3,3,1,4.5,14,67.41
20,3,2,44.43,3,2,2,5.0,19,56.23
0,2,0,35.1,0,0,0,4.5,26,9.81
18,1,1,26.68,2,0,3,3.2,40,52.22
11,2,2,79.1,3,2,2,5.0,7,66.91
17,6,2,40.7,1,3,0,5.0,21,31.49
15,3,2,71.46,1,2,3,5.0,10,59.22
10,5,0,44.63,1,1,3,4.5,22,50.62
7,6,1,13.27,2,1,0,3.2,48,11.5
15,6,1,44.65,3,1,0,3.2,30,28.28
3,2,2,50.69,2,1,0,5.0,17,36.26
14,6,1,46.21,2,1,0,3.2,30,33.22
2,6,1,78.46,3,0,2,3.2,12,59.6
15,6,0,86.98,3,2,0,4.5,5,61.26
15,2,0,75.81,1,0,1,4.5,10,51.21
2,1,1,57.45,3,0,3,3.2,23,66.64
18,4,0,53.73,1,1,2,4.5,19,49.39
9,6,1,63.02,2,3,2,3.2,20,61.81
18,6,2,30.9,1,2,0,5.0,24,36.53
0,3,1,78.07,3,1,3,3.2,12,74.19
4,1,1,82.12,2,2,0,3.2,10,61.71
11,2,0,29.05,2,2,2,4.5,28,42.37
4,4,1,86.25,1,1,2,3.2,8,66.59
7,3,1,81.39,2,3,1,3.2,10,65.18
15,2,0,43.2,3,2,3,4.5,23,43.07
3,2,0,86.81,1,0,3,4.5,5,58.86
16,0,2,15.84,3,3,0,5.0,29,38.49
2,2,2,7.52,1,0,3,5.0,32,20.46
4,4,1,36.31,0,0,0,3.2,35,25.11
14,1,2,55.89,2,1,3,5.0,15,57.05
19,6,0,36.63,2,1,3,4.5,25,43.68
4,0,0,89.79,1,3,2,4.5,4,56.1
7,4,2,27.92,2,2,3,5.0,25,54.94
22,3,0,30.31,2,0,3,4.5,28,32.77
23,5,1,62.13,3,1,2,3.2,21,46.72
13,6,0,5.35,3,3,0,4.5,38,10.51
10,3,0,70.48,3,2,1,4.5,12,57.85
8,4,1,38.97,1,2,3,3.2,34,45.4
14,4,1,93.0,0,2,0,3.2,4,50.81
14,3,2,67.23,0,2,3,5.0,11,45.72
7,1,2,9.7,2,0,0,5.0,32,13.57
0,3,1,13.34,2,2,2,3.2,48,20.21
3,1,1,12.94,2,2,2,3.2,48,20.15
23,3,0,90.74,0,0,0,4.5,4,34.38
10,4,0,66.56,2,2,1,4.5,13,52.65
11,1,0,43.48,3,0,0,4.5,23,24.79
11,1,2,23.04,2,0,1,5.0,27,25.45
18,5,0,83.63,2,3,3,4.5,7,78.86
1,2,1,23.14,0,1,0,3.2,42,12.96
1,1,2,68.6,1,1,3,5.0,11,67.23
6,4,2,73.7,2,2,2,5.0,9,65.52
11,5,1,31.52,2,2,2,3.2,38,35.57
16,5,0,50.44,2,2,1,4.5,20,49.29
11,5,1,25.07,2,3,3,3.2,41,39.27
10,6,1,39.1,2,2,1,3.2,33,40.45
22,4,0,91.86,1,0,2,4.5,3,57.99
3,2,2,67.38,2,0,0,5.0,11,36.61
13,6,2,81.2,1,1,3,5.0,7,65.35
13,1,0,53.65,1,1,2,4.5,19,37.04
11,2,0,26.51,1,1,0,4.5,29,18.8
19,5,0,69.16,2,0,2,4.5,12,63.09
6,6,2,50.05,3,0,0,5.0,17,31.73
22,2,0,20.92,2,0,1,4.5,32,23.64
7,5,2,42.12,0,3,2,5.0,20,22.4
13,6,2,62.14,2,1,3,5.0,13,66.7
12,5,1,71.18,1,3,1,3.2,16,39.8
20,0,1,26.89,0,1,0,3.2,40,11.06
10,4,2,83.84,0,1,1,5.0,6,58.46
6,1,2,39.16,3,1,3,5.0,21,57.26
0,5,0,29.4,1,3,3,4.5,28,27.34
8,0,0,22.56,0,2,0,4.5,31,0.0
19,6,1,77.38,0,0,0,3.2,12,42.25
0,1,0,36.87,2,1,3,4.5,25,37.47
21,2,0,48.51,3,3,2,4.5,21,37.86
13,1,2,25.05,1,0,2,5.0,26,22.93
3,5,1,66.75,0,3,0,3.2,18,27.2
7,2,1,75.29,1,3,1,3.2,14,65.23
13,5,0,35.55,2,0,3,4.5,26,31.46
7,0,0,90.06,0,2,0,4.5,4,63.82
2,3,0,7.75,1,2,0,4.5,37,0.0
15,6,1,16.96,0,3,1,3.2,46,10.99
16,6,0,57.99,1,3,2,4.5,17,49.58
2,1,1,68.13,0,0,3,3.2,18,38.17
6,2,0,27.56,0,1,2,4.5,29,14.45
5,2,1,54.87,0,3,1,3.2,25,39.3
15,3,1,33.65,2,1,1,3.2,36,33.4
17,3,0,54.87,1,0,0,4.5,18,33.26
17,0,1,64.34,3,2,1,3.2,20,57.85
22,5,0,92.55,1,0,0,4.5,3,48.41
18,1,0,46.01,0,0,0,4.5,22,26.18
7,2,2,63.34,0,3,2,5.0,13,58.34
2,5,2,57.02,3,0,1,5.0,15,43.42
14,4,1,33.58,2,3,2,3.2,37,29.02
21,2,2,27.78,1,0,0,5.0,25,16.48
23,6,1,93.91,2,0,2,3.2,3,67.33
5,2,0,23.62,2,2,0,4.5,31,24.62
5,3,2,76.12,0,0,2,5.0,8,47.08
0,1,1,18.19,2,1,2,3.2,45,25.43
3,1,1,77.39,0,1,1,3.2,12,47.23
13,3,1,21.72,0,2,0,3.2,43,3.3
13,3,0,92.04,2,1,3,4.5,3,67.89
8,5,2,66.74,1,0,0,5.0,12,40.68
7,2,1,13.11,0,0,0,3.2,48,0.03
19,6,1,67.39,0,0,1,3.2,18,42.13
11,4,0,59.33,2,0,3,4.5,16,61.85
19,0,2,35.38,2,2,1,5.0,23,49.45
23,5,0,28.47,0,1,1,4.5,29,9.52
7,4,0,69.69,1,0,2,4.5,12,62.2
4,2,2,71.72,1,1,1,5.0,10,41.8
22,3,0,34.45,3,2,2,4.5,26,54.77
15,2,1,83.86,3,1,1,3.2,9,63.88
6,4,2,29.19,1,1,2,5.0,25,39.08
14,3,2,11.29,2,2,1,5.0,31,30.98
12,3,1,58.99,3,2,1,3.2,23,42.76
21,1,2,14.64,1,2,1,5.0,30,23.75
6,2,2,29.9,0,1,1,5.0,25,14.24
23,3,2,50.65,1,1,3,5.0,17,41.91
22,3,0,30.77,2,3,1,4.5,28,31.21
4,2,2,24.35,3,3,3,5.0,26,39.72
3,4,0,68.29,1,0,2,4.5,13,47.01
12,1,2,54.23,0,3,2,5.0,16,34.26
1,3,0,80.58,0,3,1,4.5,8,46.92
7,0,0,57.31,1,3,1,4.5,17,53.99
10,3,0,48.51,0,1,3,4.5,21,43.98
23,5,1,28.51,0,2,0,3.2,39,5.94
23,5,0,76.29,2,0,2,4.5,9,55.13
3,4,0,22.72,3,0,3,4.5,31,25.84
21,5,1,26.8,0,2,2,3.2,40,13.01
2,0,2,80.74,2,0,0,5.0,7,47.99
17,2,1,71.71,2,0,2,3.2,16,71.34
20,4,1,60.16,2,1,0,3.2,22,42.98
21,5,1,8.5,3,1,3,3.2,50,31.49
5,4,1,16.45,3,0,1,3.2,46,22.96
21,5,1,50.0,1,3,1,3.2,28,30.01
2,1,1,72.17,3,2,3,3.2,15,81.42
12,1,0,46.77,0,3,1,4.5,21,21.52
11,0,0,6.56,3,3,0,4.5,37,16.68
7,4,2,21.58,0,2,3,5.0,27,31.46
0,4,1,57.99,0,1,2,3.2,23,41.61
18,1,0,67.48,0,3,2,4.5,13,49.92
8,5,0,8.01,0,2,0,4.5,37,6.28
15,5,2,8.9,1,1,1,5.0,32,14.82
9,2,0,28.52,2,1,1,4.5,29,36.65
8,1,0,12.52,2,0,1,4.5,35,20.13
21,5,2,53.78,0,3,2,5.0,16,34.05
2,4,1,16.13,1,3,0,3.2,46,28.39
17,1,1,63.34,0,2,1,3.2,20,42.09
17,1,2,74.95,0,0,3,5.0,9,66.93
9,3,0,92.35,2,3,2,4.5,3,80.43
6,3,1,90.36,2,0,1,3.2,5,62.32
0,1,2,29.6,0,0,0,5.0,25,9.39
22,6,1,7.65,1,0,0,3.2,51,0.0
22,2,0,34.65,3,1,1,4.5,26,35.0
5,2,2,68.76,2,1,0,5.0,11,47.4
0,0,2,10.38,0,3,0,5.0,31,19.06
2,6,0,37.37,3,1,3,4.5,25,48.48
1,1,0,31.82,0,3,3,4.5,27,30.86
19,6,2,24.74,1,1,2,5.0,26,34.94
21,3,0,68.55,2,2,3,4.5,13,70.68
3,6,2,64.32,2,2,1,5.0,12,41.61
17,1,0,53.19,0,3,2,4.5,19,43.88
4,1,2,86.97,3,3,3,5.0,5,71.29
8,5,2,14.28,0,3,0,5.0,30,13.61
14,5,1,18.47,2,3,1,3.2,45,26.45
17,3,0,39.51,1,0,0,4.5,24,19.88
20,0,1,64.03,3,0,3,3.2,20,72.03
1,6,2,57.57,3,1,3,5.0,15,54.05
4,2,2,11.66,3,0,2,5.0,31,24.64
6,6,0,91.26,3,1,2,4.5,3,69.55
7,6,1,32.46,2,2,1,3.2,37,45.58
23,5,2,37.31,0,1,0,5.0,22,6.73
18,4,0,61.13,2,0,3,4.5,16,62.95
7,4,2,90.06,1,3,3,5.0,3,85.32
23,3,0,64.64,2,1,3,4.5,14,58.78
11,0,2,90.93,0,3,1,5.0,3,59.78
12,2,0,21.88,2,2,0,4.5,31,19.88
10,5,0,60.69,1,2,2,4.5,16,45.13
3,5,1,79.6,2,3,0,3.2,11,63.69
22,3,1,50.81,1,1,0,3.2,27,28.14
0,4,0,37.6,1,0,3,4.5,25,29.71
4,0,1,93.63,0,3,3,3.2,4,77.7
5,3,0,17.69,3,2,1,4.5,33,20.49
6,3,2,41.98,0,1,2,5.0,20,30.61
3,6,0,83.6,0,2,2,4.5,7,43.8
0,2,1,86.04,1,1,0,3.2,8,65.58
16,1,2,93.23,0,3,0,5.0,2,75.89
23,2,0,84.64,3,2,1,4.5,6,63.67
2,1,0,9.59,1,1,3,4.5,36,19.57
7,3,2,88.68,0,2,1,5.0,4,60.82
12,4,0,43.54,1,3,2,4.5,23,33.09
22,5,2,63.65,0,1,0,5.0,13,28.16
16,6,1,40.48,2,3,3,3.2,33,55.66
18,0,2,78.23,1,0,3,5.0,8,60.44
13,1,0,56.83,0,0,1,4.5,17,27.3
10,2,0,81.1,3,3,0,4.5,8,66.39
4,1,2,22.44,2,2,3,5.0,27,38.47
20,5,2,21.65,1,0,3,5.0,27,22.7
19,0,2,44.63,2,2,2,5.0,19,52.11
0,0,0,5.43,2,1,1,4.5,38,14.17
17,6,1,67.36,0,1,2,3.2,18,54.19
2,6,1,31.64,3,1,1,3.2,38,39.82
17,1,1,55.16,1,1,2,3.2,25,55.4
19,2,0,11.3,0,3,3,4.5,35,24.33
3,3,1,20.36,2,1,1,3.2,44,25.22
10,3,1,61.06,3,1,0,3.2,21,43.28
2,6,0,32.51,2,3,2,4.5,27,44.26
13,2,1,24.32,1,2,3,3.2,42,32.59
22,0,0,25.6,1,0,0,4.5,30,20.58
1,2,0,24.33,2,2,3,4.5,30,28.07
9,3,0,61.06,0,2,1,4.5,16,33.46
23,3,1,20.09,3,2,2,3.2,44,37.07
7,3,0,37.64,1,0,2,4.5,25,35.88
3,6,1,66.91,0,1,0,3.2,18,31.77
11,5,1,51.23,0,2,0,3.2,27,23.15
12,1,2,58.76,2,2,3,5.0,14,54.37
15,2,0,27.58,0,2,2,4.5,29,8.78
7,4,1,88.94,3,3,2,3.2,6,89.0
22,2,0,42.25,3,2,1,4.5,23,31.28
12,2,1,30.83,0,1,0,3.2,38,2.23
6,1,1,86.39,0,2,1,3.2,7,49.99
23,1,2,63.98,3,1,2,5.0,13,62.21
22,5,1,60.26,0,1,2,3.2,22,48.53
11,5,2,84.81,1,2,1,5.0,5,59.42
0,5,0,10.27,3,1,0,4.5,36,17.93
14,2,0,80.39,0,2,0,4.5,8,42.18
13,0,0,66.01,2,2,3,4.5,14,60.33
3,1,1,37.4,1,3,2,3.2,34,50.62
15,2,0,28.07,1,0,3,4.5,29,17.52
20,3,0,14.43,3,1,0,4.5,34,12.38
2,6,0,89.7,2,3,1,4.5,4,58.34
17,6,2,17.77,1,1,1,5.0,29,27.16
3,0,2,28.35,3,2,1,5.0,25,29.22
17,4,0,67.2,2,2,1,4.5,13,62.48
10,2,2,68.91,0,3,0,5.0,11,49.06
0,1,0,19.47,1,0,0,4.5,32,8.75
23,3,1,78.27,0,1,3,3.2,12,60.98
3,0,0,50.93,2,1,1,4.5,20,45.34
14,2,1,81.36,3,2,0,3.2,10,61.35
4,3,2,12.86,0,3,1,5.0,31,13.03
22,1,2,8.85,3,0,3,5.0,32,26.11
17,4,1,62.33,3,0,1,3.2,21,55.57
19,3,1,18.5,3,3,3,3.2,45,61.97
10,5,2,52.25,2,2,0,5.0,17,37.82
11,1,0,6.27,1,2,0,4.5,37,3.86
15,0,1,75.19,0,0,2,3.2,14,49.96
18,3,0,85.96,3,2,2,4.5,6,87.61
20,1,2,80.5,1,1,3,5.0,7,52.99
0,4,1,91.25,1,2,1,3.2,5,66.54
15,0,1,86.28,2,0,0,3.2,8,54.25
2,4,1,44.96,2,1,2,3.2,30,38.63
6,6,0,40.85,3,2,1,4.5,24,33.58
19,0,0,85.66,3,2,0,4.5,6,75.61
6,2,2,88.42,3,3,0,5.0,4,71.54
19,5,0,92.56,0,3,2,4.5,3,64.78
11,3,0,74.15,0,0,2,4.5,10,34.75
5,1,0,23.18,0,0,0,4.5,31,0.0
8,1,2,90.05,2,1,2,5.0,3,81.68
12,5,0,90.24,2,3,3,4.5,4,63.99
18,6,2,64.95,3,1,3,5.0,12,72.07
14,2,1,82.16,3,3,1,3.2,10,85.67
22,3,2,55.51,3,0,0,5.0,16,44.37
20,5,1,89.97,0,3,2,3.2,6,63.32
18,1,0,13.45,2,0,2,4.5,35,20.83
14,1,1,82.76,3,3,3,3.2,9,73.67
6,5,1,10.0,3,3,2,3.2,50,32.37
9,1,0,35.52,1,1,2,4.5,26,32.72
2,5,1,17.18,3,1,2,3.2,46,35.07
8,3,0,48.12,1,2,2,4.5,21,44.81
22,6,2,25.9,0,2,1,5.0,26,33.96
10,0,2,90.69,1,0,1,5.0,3,61.18
2,6,0,55.34,1,0,1,4.5,18,30.11
15,1,1,85.8,3,3,1,3.2,8,67.06
23,0,1,30.03,0,3,3,3.2,38,37.35
20,5,0,7.34,0,0,1,4.5,37,0.0
6,3,1,74.81,2,3,1,3.2,14,53.9
10,5,0,68.21,2,3,3,4.5,13,65.15
12,0,0,54.09,2,3,0,4.5,18,45.42
5,0,2,78.38,0,0,1,5.0,8,50.76
6,3,1,80.61,1,2,1,3.2,11,46.73
5,6,2,57.91,3,0,1,5.0,15,43.36
23,2,1,91.93,0,0,1,3.2,4,63.21
17,5,2,69.77,3,0,3,5.0,11,73.15
20,6,2,65.92,0,1,1,5.0,12,36.02
19,6,1,37.53,0,2,1,3.2,34,35.92
23,3,1,5.2,3,0,1,3.2,52,8.83
2,4,1,26.68,1,0,3,3.2,40,23.44
21,3,2,73.75,2,1,3,5.0,9,63.64
1,4,1,68.89,1,0,0,3.2,17,45.78
11,3,1,34.79,2,3,0,3.2,36,35.63
14,3,0,61.3,1,0,0,4.5,15,33.83
8,3,2,22.58,1,1,1,5.0,27,25.44
3,4,1,28.73,3,1,2,3.2,39,45.6
4,5,0,90.27,2,0,0,4.5,4,48.85
19,6,1,42.19,2,3,2,3.2,32,55.53
7,4,1,27.05,3,0,1,3.2,40,43.75
7,0,0,48.84,1,1,3,4.5,20,58.74
22,4,2,39.83,3,2,2,5.0,21,47.65
3,2,2,70.66,2,1,1,5.0,10,50.59
21,0,2,91.59,3,1,2,5.0,3,84.39
22,0,1,58.26,1,0,0,3.2,23,40.21
14,4,0,58.2,2,1,1,4.5,17,37.81
3,6,0,37.84,0,0,1,4.5,25,5.28
3,3,2,55.82,0,1,0,5.0,15,33.81
6,3,0,33.74,0,1,1,4.5,27,4.57
13,0,2,5.1,2,1,2,5.0,33,9.29
3,4,2,82.95,1,0,2,5.0,6,55.89
10,0,0,43.65,1,3,3,4.5,23,49.36
2,5,2,49.29,2,0,1,5.0,18,28.09
12,5,0,12.52,1,0,2,4.5,35,9.01
0,6,1,80.34,0,0,2,3.2,11,48.57
17,1,1,20.33,2,3,3,3.2,44,43.62
1,1,2,41.96,2,1,3,5.0,20,58.38
4,2,1,80.62,0,1,2,3.2,11,54.7
4,5,2,46.2,1,3,1,5.0,19,39.4
19,1,1,88.8,0,0,2,3.2,6,56.48
1,6,2,23.84,2,0,2,5.0,27,16.08
10,1,2,69.37,0,0,3,5.0,11,59.09
14,0,2,93.02,0,2,0,5.0,2,61.05
12,1,1,54.47,1,3,3,3.2,25,45.5
16,5,1,67.3,1,2,3,3.2,18,65.31
19,4,2,40.39,3,3,0,5.0,21,41.28
9,2,2,72.62,0,3,1,5.0,10,48.93
19,4,2,86.8,3,1,0,5.0,5,73.3
7,4,1,68.28,1,0,2,3.2,17,53.66
23,3,2,89.23,1,0,0,5.0,4,41.77
12,3,2,57.98,0,3,1,5.0,15,28.62
17,0,2,56.94,1,2,0,5.0,15,33.2
21,1,0,32.42,1,3,0,4.5,27,20.45
19,3,1,68.87,2,2,1,3.2,17,67.02
20,0,2,84.38,3,3,1,5.0,5,73.86
12,3,2,63.17,2,3,2,5.0,13,51.73
1,0,2,25.97,0,3,0,5.0,26,18.2
11,5,0,53.97,1,3,1,4.5,18,37.26
4,0,0,73.03,2,0,3,4.5,11,58.39
21,0,2,89.54,2,2,3,5.0,4,75.33
5,4,2,19.09,2,3,1,5.0,28,21.75
5,1,0,16.47,2,1,0,4.5,33,11.25
5,2,1,42.16,2,3,3,3.2,32,59.65
15,2,2,16.31,3,1,2,5.0,29,38.31
13,1,0,93.24,2,0,1,4.5,3,57.88
22,5,2,43.19,2,2,2,5.0,20,43.58
9,4,0,53.02,1,0,0,4.5,19,25.28
6,1,0,25.44,1,1,1,4.5,30,19.27
1,4,2,45.42,2,3,1,5.0,19,36.22
0,4,1,93.62,3,0,2,3.2,4,80.25
8,3,1,48.98,3,0,0,3.2,28,63.49
22,4,2,5.79,2,3,1,5.0,33,14.31
12,6,0,26.83,3,3,3,4.5,29,57.31
21,3,1,93.06,0,1,0,3.2,4,51.75
2,2,1,94.02,1,1,0,3.2,3,50.95
2,3,2,23.94,0,3,3,5.0,27,22.66
20,5,0,60.37,2,2,3,4.5,16,65.98
2,4,1,11.92,3,3,1,3.2,48,29.35
1,0,1,56.97,0,0,0,3.2,24,21.16
9,3,1,16.33,0,2,2,3.2,46,21.34
22,5,2,78.68,1,2,1,5.0,7,52.52
16,1,1,89.56,3,0,2,3.2,6,83.59
2,6,2,20.57,0,2,0,5.0,28,6.03
20,5,2,46.64,3,0,3,5.0,19,60.52
20,5,2,14.18,0,3,2,5.0,30,6.43
19,0,2,35.52,1,2,2,5.0,23,46.65
21,4,1,10.86,2,0,2,3.2,49,18.75
5,3,0,28.81,2,2,0,4.5,28,16.49
23,4,2,94.12,3,0,3,5.0,2,87.46
7,5,1,9.01,0,3,1,3.2,50,2.79
19,2,0,82.31,0,0,1,4.5,7,36.73
13,3,0,11.97,1,2,3,4.5,35,21.23
18,4,0,52.61,2,0,0,4.5,19,38.83
15,5,2,45.69,1,0,0,5.0,19,12.73
15,5,0,88.84,2,3,3,4.5,4,60.62
14,2,2,22.91,1,1,1,5.0,27,29.45
18,6,1,21.17,3,0,2,3.2,43,41.36
17,0,0,72.38,0,2,2,4.5,11,54.61
3,3,1,70.31,2,0,3,3.2,16,74.52
19,4,2,67.93,2,2,2,5.0,11,74.17
12,0,2,7.35,0,3,1,5.0,32,17.32
7,3,1,28.4,2,2,2,3.2,39,34.96
12,4,1,80.59,0,0,2,3.2,11,42.8
23,4,0,59.08,2,0,1,4.5,16,42.77
20,0,0,59.2,2,0,0,4.5,16,36.13
20,1,1,31.63,0,2,1,3.2,38,25.94
11,1,1,28.42,0,2,3,3.2,39,17.76
18,4,0,90.19,1,2,0,4.5,4,64.35
9,2,2,70.5,3,1,0,5.0,10,66.51
16,4,1,16.42,0,0,3,3.2,46,31.73
15,5,0,89.39,3,3,3,4.5,4,74.75
5,5,2,57.41,2,2,0,5.0,15,40.89
6,1,0,35.0,3,2,0,4.5,26,24.48
1,6,2,40.74,3,0,2,5.0,21,39.13
3,1,0,70.29,1,1,3,4.5,12,46.46
10,0,1,38.86,2,1,2,3.2,34,41.84
11,0,1,57.09,2,2,3,3.2,24,55.67
3,1,2,68.94,0,3,2,5.0,11,45.65
10,6,0,22.58,2,3,3,4.5,31,34.65
14,1,2,89.98,1,2,2,5.0,4,57.21
5,4,1,37.06,0,1,1,3.2,35,31.55
8,2,0,42.74,3,1,2,4.5,23,47.75
8,0,1,67.87,1,2,1,3.2,18,56.75
12,3,2,59.79,3,1,2,5.0,14,46.65
8,0,1,44.61,0,1,3,3.2,30,51.68
17,3,0,63.48,2,3,3,4.5,15,69.62
7,3,1,86.25,1,2,2,3.2,8,68.92
10,3,1,77.03,3,1,0,3.2,13,62.29
9,1,0,79.18,3,2,2,4.5,8,79.81
4,5,0,28.26,3,1,1,4.5,29,7.84
16,4,2,42.75,3,0,0,5.0,20,39.17
5,1,0,54.84,3,3,3,4.5,18,58.79
7,3,1,8.98,1,1,1,3.2,50,15.75
19,0,2,74.28,3,1,3,5.0,9,96.31
22,6,0,34.11,2,0,1,4.5,26,19.12
16,5,1,30.43,1,3,2,3.2,38,44.22
21,2,0,28.34,0,2,2,4.5,29,28.97
20,4,2,30.5,2,1,3,5.0,24,43.42
11,4,1,35.42,1,2,0,3.2,36,17.22
18,4,2,59.43,2,1,2,5.0,14,53.3
7,0,2,57.52,0,1,1,5.0,15,44.81
11,6,1,28.01,2,1,1,3.2,40,33.08
12,6,0,23.58,2,0,3,4.5,31,29.02
23,6,1,79.37,2,3,0,3.2,11,60.84
20,6,0,13.35,2,3,2,4.5,35,35.69
11,6,1,51.15,3,3,1,3.2,27,52.52
15,5,0,51.85,3,1,3,4.5,19,44.13
4,0,2,56.67,1,3,0,5.0,15,36.68
19,3,1,84.71,3,1,0,3.2,8,79.95
13,1,0,61.15,3,3,0,4.5,16,45.22
12,1,2,92.63,0,0,1,5.0,3,60.12
18,5,2,83.42,1,1,0,5.0,6,54.76
15,5,1,24.33,2,2,2,3.2,42,30.45
1,3,0,26.71,2,3,0,4.5,29,18.1
6,5,1,36.03,0,1,1,3.2,35,17.17
4,0,1,40.24,1,1,2,3.2,33,34.54
17,1,2,54.77,1,3,2,5.0,16,46.55
0,6,0,25.93,2,1,0,4.5,30,10.01
4,3,2,25.01,2,2,0,5.0,26,14.24
14,3,0,39.33,0,1,1,4.5,24,14.81
16,3,0,65.48,0,0,2,4.5,14,41.56
12,1,1,66.93,1,1,3,3.2,18,61.32
20,5,0,92.85,0,2,0,4.5,3,48.85
22,5,1,23.22,3,0,0,3.2,42,22.19
3,4,1,40.36,1,0,2,3.2,33,23.73
22,2,0,91.82,2,3,3,4.5,3,75.05
14,4,2,67.1,0,0,3,5.0,12,38.88
15,6,0,58.31,1,0,2,4.5,17,34.14
2,4,2,53.57,3,2,0,5.0,16,48.43
14,3,2,11.8,2,2,2,5.0,31,30.72
17,1,1,85.4,1,0,1,3.2,8,66.45
13,3,0,61.3,2,0,1,4.5,15,47.96
2,2,2,56.45,2,3,1,5.0,15,49.31
12,4,0,53.56,0,2,2,4.5,19,31.77
22,0,0,40.27,3,2,2,4.5,24,48.51
17,1,2,27.92,3,0,0,5.0,25,40.79
3,5,1,72.98,2,0,0,3.2,15,40.29
23,2,2,50.86,0,0,0,5.0,17,23.21
23,3,0,8.05,1,3,1,4.5,37,6.72
4,3,1,40.92,2,3,2,3.2,32,31.71
19,3,2,88.57,3,2,3,5.0,4,94.38
9,5,2,38.65,2,2,1,5.0,21,32.47
14,1,1,42.19,0,0,2,3.2,32,28.43
10,5,2,61.16,2,3,3,5.0,14,57.24
18,1,0,77.15,0,2,2,4.5,9,53.03
23,2,1,65.16,1,2,2,3.2,19,48.06
19,4,0,81.5,2,3,1,4.5,7,75.7
22,6,2,15.26,2,0,0,5.0,30,5.59
22,1,2,88.21,1,1,3,5.0,4,61.09
2,4,2,86.35,1,0,2,5.0,5,61.08
6,0,2,51.72,3,1,0,5.0,17,40.11
17,0,0,61.23,2,1,1,4.5,16,57.0
14,5,1,24.15,0,1,0,3.2,42,0.0
1,5,2,45.32,2,2,3,5.0,19,48.41
2,2,0,23.24,2,1,2,4.5,31,39.88
12,4,1,6.98,2,0,3,3.2,51,20.88
14,2,2,93.28,2,0,1,5.0,2,64.69
4,1,1,28.32,0,2,0,3.2,39,1.03
4,3,2,58.38,3,2,2,5.0,15,53.19
3,2,1,32.02,3,3,2,3.2,37,47.03
13,5,1,38.36,0,3,0,3.2,34,14.14
0,2,1,40.8,0,0,2,3.2,33,29.27
13,2,1,35.15,0,2,0,3.2,36,17.66
11,3,2,62.37,3,0,2,5.0,13,48.83
11,5,2,91.48,3,0,2,5.0,3,77.05
16,1,0,43.58,1,3,0,4.5,23,26.75
12,6,2,92.6,2,1,1,5.0,3,57.48
17,3,1,65.1,0,3,0,3.2,19,47.0
18,4,1,59.64,0,0,2,3.2,22,56.67
22,6,0,26.34,0,2,0,4.5,29,0.0
19,3,1,10.66,0,1,2,3.2,49,19.97
12,1,1,81.67,3,3,1,3.2,10,70.26
11,5,1,56.66,3,2,0,3.2,24,47.33
5,0,0,42.3,0,3,3,4.5,23,41.11
14,3,2,78.08,2,1,2,5.0,8,59.56
3,6,1,32.95,0,3,1,3.2,37,24.35
22,2,1,75.53,2,3,3,3.2,13,78.56
20,4,0,34.52,3,3,2,4.5,26,52.57
2,3,0,87.88,3,1,3,4.5,5,78.25
18,1,2,29.12,3,3,0,5.0,25,42.96
2,2,0,17.38,0,2,0,4.5,33,0.0
17,3,2,67.83,0,0,0,5.0,11,32.23
2,0,2,19.66,0,3,2,5.0,28,17.78
11,2,1,90.44,0,0,3,3.2,5,62.42
15,2,2,64.0,2,2,3,5.0,13,60.48
17,5,1,25.78,2,0,3,3.2,41,44.44
10,0,2,23.79,3,3,2,5.0,27,39.12
22,5,0,88.15,0,2,2,4.5,5,49.79
18,2,1,59.71,1,3,1,3.2,22,65.77
4,4,1,85.44,2,2,0,3.2,8,64.1
16,3,2,14.92,2,2,0,5.0,30,29.3
17,2,0,88.29,1,3,0,4.5,5,63.3
8,6,2,51.8,0,1,2,5.0,17,37.26
17,1,0,65.16,1,2,2,4.5,14,45.63
21,0,0,38.56,0,1,3,4.5,25,30.45
19,5,1,10.32,2,0,0,3.2,49,0.21
18,4,0,91.22,3,3,3,4.5,4,89.24
15,6,1,94.51,0,1,2,3.2,3,57.7
6,3,2,37.81,0,0,3,5.0,22,26.97
19,0,2,89.95,2,3,2,5.0,4,96.02
8,0,0,20.1,0,3,1,4.5,32,28.66
12,3,1,18.92,3,2,2,3.2,45,40.3
7,1,1,11.58,3,1,2,3.2,49,30.04
7,6,0,40.21,1,3,0,4.5,24,38.77
3,0,1,9.71,1,2,0,3.2,50,9.15
23,6,1,40.52,1,1,2,3.2,33,24.77
3,1,2,17.46,1,1,0,5.0,29,9.32
2,0,0,70.75,3,3,0,4.5,12,58.22
22,1,0,80.0,3,3,0,4.5,8,54.45
13,1,2,66.9,0,2,2,5.0,12,46.2
10,2,2,23.04,0,0,3,5.0,27,30.83
17,2,0,74.02,2,0,1,4.5,10,51.4
9,3,0,27.46,2,1,0,4.5,29,23.0
3,3,1,73.35,2,2,2,3.2,15,55.49
17,0,2,56.07,1,3,1,5.0,15,56.75
4,0,0,38.0,1,3,2,4.5,25,26.45
13,1,0,12.51,0,1,1,4.5,35,2.93
22,1,2,79.48,1,0,2,5.0,7,46.53
22,0,2,89.57,2,1,1,5.0,4,56.48
8,2,2,64.93,1,0,3,5.0,12,52.68
18,3,2,91.81,1,3,2,5.0,3,76.4
14,2,2,89.07,1,0,1,5.0,4,56.09
11,2,0,22.51,3,3,0,4.5,31,25.85
3,3,0,70.81,2,2,2,4.5,12,44.87
9,3,0,36.44,3,0,1,4.5,25,38.53
15,2,0,48.88,0,2,0,4.5,20,14.98
23,1,2,19.13,3,2,1,5.0,28,32.86
0,2,1,92.73,0,0,1,3.2,4,50.52
17,0,0,70.35,1,0,3,4.5,12,60.27
20,3,0,29.02,1,1,2,4.5,28,18.13
22,6,0,38.43,0,0,2,4.5,25,27.49
10,2,1,43.02,3,2,2,3.2,31,49.34
2,0,1,72.28,3,2,3,3.2,15,70.15
6,4,0,88.31,2,0,0,4.5,5,51.62
20,0,2,33.93,1,0,1,5.0,23,20.89
21,1,0,47.53,3,2,2,4.5,21,43.04
15,1,1,58.39,2,1,0,3.2,23,28.58
2,6,1,40.4,1,1,1,3.2,33,20.71
2,6,1,50.38,3,1,1,3.2,27,37.31
11,3,2,14.51,0,0,3,5.0,30,25.96
14,4,2,20.09,1,3,3,5.0,28,44.78
0,4,0,41.1,0,3,0,4.5,24,16.42
16,4,1,87.34,0,2,0,3.2,7,48.87
13,3,0,36.44,0,1,3,4.5,25,30.97
0,6,1,27.48,2,0,0,3.2,40,9.53
2,5,1,71.86,3,1,1,3.2,15,53.03
10,0,1,90.42,2,3,3,3.2,5,83.96
17,2,0,46.32,1,0,3,4.5,21,43.45
19,6,0,5.77,1,3,3,4.5,38,22.99
10,2,0,66.93,0,1,0,4.5,13,28.37
7,1,0,42.36,2,1,0,4.5,23,29.32
23,6,1,65.63,0,3,0,3.2,19,39.04
11,4,2,29.99,3,3,3,5.0,25,48.8
7,3,0,5.22,1,3,0,4.5,38,10.06
10,2,0,36.0,1,1,1,4.5,26,15.79
0,0,1,68.43,0,2,3,3.2,17,57.88
7,2,2,40.38,0,1,1,5.0,21,26.08
12,3,0,24.73,0,0,3,4.5,30,24.24
22,6,0,46.76,2,1,1,4.5,21,31.62
17,2,1,72.71,1,0,1,3.2,15,52.42
18,1,1,15.75,3,0,3,3.2,46,33.68
13,2,2,67.26,2,2,2,5.0,11,70.72
2,6,0,65.06,3,2,0,4.5,14,48.92
9,3,0,38.37,3,1,2,4.5,25,53.28
23,2,1,92.33,0,2,3,3.2,4,77.81
1,4,1,85.52,0,3,3,3.2,8,66.02
21,4,2,33.45,3,3,0,5.0,23,42.75
16,2,1,7.8,1,2,0,3.2,51,11.4
6,6,1,32.75,3,0,2,3.2,37,40.1
18,4,0,23.42,2,2,2,4.5,31,33.38
20,0,0,54.25,2,0,2,4.5,18,38.66
1,2,2,87.69,1,0,1,5.0,4,54.83
2,6,0,83.33,1,1,3,4.5,7,49.89
15,2,1,32.52,2,1,2,3.2,37,36.53
23,3,2,43.57,0,0,3,5.0,20,31.19
0,4,2,8.29,1,0,1,5.0,32,0.0
15,4,0,53.97,2,3,3,4.5,18,50.28
3,6,0,10.7,0,2,0,4.5,36,0.0
15,1,2,89.47,1,2,2,5.0,4,69.85
14,3,2,83.02,3,0,2,5.0,6,70.65
2,3,0,24.28,1,3,1,4.5,30,26.94
16,1,1,67.94,3,1,0,3.2,18,64.43
21,4,0,56.12,3,2,3,4.5,18,54.88
20,0,2,77.12,2,1,0,5.0,8,50.11
0,3,2,47.81,0,0,1,5.0,18,22.55
5,2,0,22.26,0,1,0,4.5,31,4.45
5,1,1,62.59,3,0,1,3.2,21,51.86
10,5,1,12.23,0,3,3,3.2,48,20.79
3,1,0,57.61,2,1,2,4.5,17,45.7
20,1,0,24.14,2,3,0,4.5,30,21.45
18,5,2,66.64,3,3,1,5.0,12,60.68
19,6,1,79.52,3,0,0,3.2,11,65.42
4,0,0,14.86,1,1,2,4.5,34,4.62
0,1,0,41.02,2,0,0,4.5,24,29.32
21,4,1,71.02,2,0,1,3.2,16,53.9
6,5,2,19.73,3,3,0,5.0,28,33.27
15,6,1,55.99,2,2,0,3.2,24,30.31
21,3,2,65.47,0,1,0,5.0,12,38.37
0,0,1,36.93,3,0,3,3.2,35,52.33
0,6,2,79.88,2,2,3,5.0,7,66.5
0,1,2,50.96,0,2,3,5.0,17,39.23
3,0,0,61.43,0,0,2,4.5,15,27.48
1,4,0,17.68,0,0,1,4.5,33,0.0
19,4,2,7.08,2,1,0,5.0,33,14.43
14,0,2,9.57,3,2,3,5.0,32,27.39
23,1,0,86.35,1,3,3,4.5,5,75.97
19,4,1,84.44,0,1,1,3.2,9,49.95
23,1,2,77.68,3,0,0,5.0,8,55.66
5,4,2,22.97,2,3,1,5.0,27,30.51
6,2,0,52.29,2,1,1,4.5,19,39.13
20,4,2,76.65,0,2,3,5.0,8,59.37
5,3,1,65.72,3,0,0,3.2,19,53.64
1,2,2,15.4,0,0,2,5.0,30,8.19
16,2,0,85.6,2,0,3,4.5,6,76.38
19,4,1,19.46,2,3,3,3.2,44,44.26
23,3,0,20.46,2,0,0,4.5,32,18.23
22,4,1,86.09,2,3,1,3.2,8,78.59
2,4,0,48.62,1,3,1,4.5,21,25.55
18,1,1,38.56,2,2,1,3.2,34,32.54
20,6,2,54.83,1,3,0,5.0,16,35.65
16,3,1,93.33,1,3,0,3.2,4,75.37
19,5,0,15.77,2,2,0,4.5,34,30.33
20,6,1,73.13,2,3,3,3.2,15,70.45
10,6,1,35.09,0,2,1,3.2,36,33.95
0,4,2,15.53,3,0,0,5.0,30,27.9
10,5,0,42.97,0,0,3,4.5,23,42.16
4,3,0,54.39,1,1,1,4.5,18,37.54
2,5,1,23.54,1,1,1,3.2,42,6.81
2,2,2,41.47,1,1,0,5.0,20,23.36
16,4,1,62.21,1,0,1,3.2,21,51.1
12,0,0,56.88,1,2,2,4.5,17,40.65
12,6,0,70.08,1,1,2,4.5,12,43.88
17,1,2,80.28,3,3,1,5.0,7,87.22
13,4,2,41.82,3,3,2,5.0,20,46.06
15,0,0,43.07,1,2,3,4.5,23,43.22
2,1,0,49.7,1,3,3,4.5,20,46.33
20,6,0,55.97,2,1,2,4.5,18,36.48
10,5,1,14.75,0,3,0,3.2,47,3.11
3,1,2,33.14,1,3,0,5.0,23,12.26
19,0,0,20.47,0,0,0,4.5,32,11.33
17,5,2,39.73,2,2,0,5.0,21,36.95
1,6,0,92.6,0,1,2,4.5,3,46.62
4,1,2,57.45,3,1,0,5.0,15,33.54
0,4,0,43.64,1,1,0,4.5,23,22.84
6,1,2,55.93,2,3,2,5.0,15,51.92
2,5,1,65.22,2,3,1,3.2,19,45.91
17,2,0,44.15,1,1,3,4.5,22,41.36
12,0,0,45.29,1,1,0,4.5,22,19.84
23,2,2,68.13,1,2,1,5.0,11,49.47
17,3,1,10.48,3,2,0,3.2,49,26.0
14,5,1,53.61,2,1,2,3.2,26,37.33
12,0,2,54.26,0,1,0,5.0,16,24.57
1,6,1,73.11,1,3,0,3.2,15,49.78
1,4,1,93.44,1,1,2,3.2,4,66.25
14,6,1,76.62,3,1,3,3.2,13,70.59
0,6,0,50.34,3,1,2,4.5,20,42.33
1,1,0,20.25,1,1,3,4.5,32,17.46
5,0,0,57.94,1,2,3,4.5,17,41.79
21,5,1,80.09,0,2,3,3.2,11,46.36
11,1,1,88.92,2,0,3,3.2,6,79.87
17,1,2,79.28,0,3,0,5.0,7,56.54
9,3,2,22.01,3,1,0,5.0,27,32.36
4,6,0,69.13,2,0,1,4.5,12,43.86
8,5,2,84.21,0,2,2,5.0,6,62.63
2,3,2,66.29,3,0,3,5.0,12,60.11
18,1,1,66.72,3,3,0,3.2,18,62.68
4,2,1,50.01,1,3,0,3.2,27,29.52
9,4,0,62.33,0,2,1,4.5,15,56.05
23,1,0,31.49,1,3,2,4.5,27,34.2
14,3,0,12.99,1,1,3,4.5,35,19.45
11,0,1,79.49,1,1,3,3.2,11,71.2
13,2,1,89.88,3,2,2,3.2,6,85.25
18,1,0,82.11,3,1,3,4.5,7,73.54
6,4,0,35.05,2,3,1,4.5,26,29.32
15,6,0,13.42,3,1,2,4.5,35,22.08
20,1,1,30.21,0,1,0,3.2,38,13.83
13,5,2,80.86,0,2,2,5.0,7,49.29
10,4,1,64.02,3,0,1,3.2,20,59.82
3,6,0,92.0,2,2,3,4.5,3,67.97
5,6,0,35.84,0,3,1,4.5,26,22.39
22,0,0,54.63,3,3,1,4.5,18,39.73
12,5,2,76.1,0,0,1,5.0,8,35.83
7,4,2,26.06,3,0,3,5.0,26,37.65
10,0,0,91.77,3,0,3,4.5,3,77.43
13,1,0,58.32,1,3,1,4.5,17,40.44
12,6,0,5.71,2,1,3,4.5,38,19.1
16,3,2,7.26,2,0,3,5.0,32,31.78
6,2,0,84.4,3,2,3,4.5,6,81.94
15,2,2,63.08,2,3,3,5.0,13,70.76
10,5,1,73.68,1,0,1,3.2,14,51.03
22,1,0,75.56,0,0,2,4.5,10,43.86
3,1,2,42.84,1,0,1,5.0,20,24.95
3,4,1,76.88,0,0,1,3.2,13,46.08
11,6,2,89.38,2,0,1,5.0,4,51.01
12,1,0,20.5,1,0,0,4.5,32,15.21
16,1,1,73.77,2,2,0,3.2,14,67.83
9,3,1,32.7,0,0,3,3.2,37,26.95
21,1,1,33.93,1,2,0,3.2,36,15.71
11,4,0,42.15,1,1,2,4.5,23,32.95
3,1,1,82.73,0,2,3,3.2,9,58.99
2,0,2,6.99,3,2,1,5.0,33,25.65
23,1,2,44.05,2,2,1,5.0,20,36.17
3,6,0,66.2,3,3,3,4.5,14,72.38
22,6,2,14.94,3,0,3,5.0,30,31.17
6,3,2,76.3,0,2,3,5.0,8,71.03
2,2,0,89.77,3,1,2,4.5,4,74.51
7,5,0,13.18,0,2,3,4.5,35,11.45
14,1,2,18.77,3,0,1,5.0,28,37.98
10,4,0,92.67,2,1,2,4.5,3,81.2
18,4,0,22.81,3,3,2,4.5,31,47.1
14,4,1,12.1,1,3,3,3.2,48,29.38
9,1,1,90.7,0,1,1,3.2,5,53.75
15,5,1,85.34,0,0,3,3.2,8,44.75
23,4,1,64.02,0,2,2,3.2,20,43.66
9,6,2,54.63,3,1,0,5.0,16,56.4
3,1,2,87.73,2,1,2,5.0,4,70.15
9,4,0,64.0,0,0,3,4.5,14,59.27
20,5,0,64.26,0,1,1,4.5,14,37.09
5,1,0,80.93,0,0,2,4.5,8,45.68
22,5,1,63.79,1,0,3,3.2,20,55.39
14,0,1,50.33,2,2,3,3.2,27,62.18
14,5,2,40.07,3,3,1,5.0,21,40.54
7,4,1,50.28,2,0,3,3.2,27,55.73
22,1,0,52.02,3,0,2,4.5,19,47.18
0,0,2,37.47,1,0,2,5.0,22,15.5
7,5,0,45.33,1,2,2,4.5,22,40.97
10,1,2,77.17,2,3,1,5.0,8,72.31
11,3,2,42.49,0,1,1,5.0,20,24.33
11,0,2,7.3,3,0,0,5.0,32,15.24
3,6,2,30.47,3,0,3,5.0,24,40.12
5,3,0,25.86,0,2,1,4.5,30,0.0
2,6,1,76.42,0,1,2,3.2,13,56.55
13,1,1,45.44,2,1,2,3.2,30,40.28
8,1,1,30.23,2,0,2,3.2,38,35.46
13,4,2,77.96,0,3,3,5.0,8,67.57
14,4,1,6.73,2,1,3,3.2,51,30.05
16,5,0,20.68,1,2,0,4.5,32,17.17
13,6,2,79.43,2,2,3,5.0,7,71.96
15,5,1,54.56,1,0,0,3.2,25,19.18
14,0,2,74.63,1,0,2,5.0,9,51.48
15,2,0,80.44,1,3,2,4.5,8,65.05
14,6,2,89.78,0,3,0,5.0,4,42.83
7,3,0,10.71,0,1,1,4.5,36,2.08
5,6,1,76.93,0,0,3,3.2,13,50.82
18,3,2,68.79,3,1,0,5.0,11,62.13
8,0,1,23.63,1,3,0,3.2,42,27.94
13,3,0,88.85,1,2,0,4.5,4,41.12
4,5,2,41.38,3,0,0,5.0,21,14.94
10,4,2,84.88,3,2,2,5.0,5,87.61
12,0,0,59.46,0,0,3,4.5,16,31.79
15,1,0,52.41,1,1,2,4.5,19,32.88
12,5,0,19.36,1,1,1,4.5,32,0.0
8,6,0,87.29,3,1,3,4.5,5,86.05
23,5,1,55.1,2,2,1,3.2,25,44.01
12,0,0,5.55,2,0,1,4.5,38,8.85
19,4,2,6.65,0,3,2,5.0,33,23.52
17,5,0,74.99,1,2,0,4.5,10,35.68
13,4,1,19.57,0,1,1,3.2,44,3.17
21,4,1,58.89,2,3,3,3.2,23,57.52
3,3,1,66.3,3,1,2,3.2,19,56.79
22,1,0,30.14,3,1,3,4.5,28,39.09
20,1,1,56.24,1,0,3,3.2,24,48.13
12,5,1,26.62,1,3,1,3.2,40,26.48
17,0,1,90.17,3,3,3,3.2,5,86.71
12,0,2,82.42,1,0,3,5.0,6,62.06
6,2,1,30.92,3,3,2,3.2,38,47.82
19,5,1,52.59,2,3,3,3.2,26,57.86
5,4,0,50.06,1,1,2,4.5,20,33.97
7,4,0,91.4,2,3,3,4.5,3,86.21
12,3,1,40.46,0,2,0,3.2,33,18.46
20,0,1,55.6,1,2,1,3.2,24,43.35
9,2,2,88.58,1,0,1,5.0,4,63.31
11,0,2,19.65,3,0,0,5.0,28,18.58
0,5,0,54.54,2,2,2,4.5,18,35.8
2,5,1,14.51,1,1,0,3.2,47,4.92
1,1,1,60.57,3,3,0,3.2,22,51.38
1,2,0,37.91,1,0,3,4.5,25,25.39
20,2,1,92.09,3,3,0,3.2,4,73.76
20,6,1,42.39,2,2,3,3.2,32,52.68
19,3,0,17.26,3,3,0,4.5,33,26.57
1,5,1,80.06,3,3,1,3.2,11,60.95
1,3,2,78.88,1,3,0,5.0,7,44.96
6,4,0,67.54,1,1,0,4.5,13,24.51
13,3,1,72.39,3,2,3,3.2,15,84.64
8,1,0,28.82,0,0,0,4.5,28,8.8
11,6,0,62.78,3,1,3,4.5,15,52.08
4,4,2,8.42,0,1,2,5.0,32,2.03
17,5,1,22.72,3,1,1,3.2,43,33.61
7,6,0,88.91,2,2,3,4.5,4,72.75
1,1,1,71.53,2,0,1,3.2,16,59.65
17,0,0,25.76,1,2,1,4.5,30,19.58
21,4,1,15.02,2,1,1,3.2,47,8.99
0,2,0,90.4,1,0,2,4.5,4,60.55
10,3,1,15.1,1,2,3,3.2,47,32.62
19,1,1,28.14,0,3,2,3.2,40,32.44
16,2,1,21.44,0,2,1,3.2,43,25.59
20,2,1,5.67,3,0,3,3.2,52,28.3
9,2,0,33.27,2,2,2,4.5,27,40.78
8,5,0,92.68,1,2,3,4.5,3,64.68
17,4,0,35.77,3,2,1,4.5,26,35.05
3,3,1,50.39,2,1,0,3.2,27,30.37
5,0,1,72.13,2,0,3,3.2,15,55.97
14,3,2,54.6,0,0,2,5.0,16,35.72
16,1,0,71.92,2,1,1,4.5,11,47.95
2,2,0,64.55,0,2,3,4.5,14,42.64
12,2,2,59.77,2,2,0,5.0,14,41.16
8,0,2,63.47,0,2,3,5.0,13,56.61
12,2,2,76.92,2,1,2,5.0,8,63.74
23,1,0,68.92,1,1,2,4.5,12,44.51
1,5,0,76.26,0,0,0,4.5,9,24.86
23,6,0,18.1,1,3,0,4.5,33,13.46
10,0,0,65.99,0,1,2,4.5,14,44.69
18,4,2,71.33,0,2,2,5.0,10,66.55
10,4,2,32.0,3,1,0,5.0,24,35.77
7,2,2,83.71,1,1,2,5.0,6,67.22
18,3,2,32.42,1,0,2,5.0,24,36.12
16,5,1,26.94,0,3,1,3.2,40,26.01
3,2,1,83.04,1,0,2,3.2,9,55.17
16,0,2,27.23,1,3,3,5.0,25,46.05
18,2,2,42.4,2,0,1,5.0,20,52.6
9,1,1,38.11,0,0,0,3.2,34,27.28
22,2,2,85.83,3,3,3,5.0,5,88.44
15,1,1,45.97,0,3,3,3.2,30,32.23
8,1,1,67.49,2,3,1,3.2,18,55.48
0,6,2,76.46,0,3,1,5.0,8,45.9
16,0,1,61.51,3,1,3,3.2,21,78.54
5,4,2,89.93,2,0,0,5.0,4,52.87
18,5,1,77.23,3,2,1,3.2,13,67.33
12,4,0,41.02,3,2,2,4.5,24,52.04
11,6,0,90.57,3,2,2,4.5,4,74.45
3,0,1,52.21,2,0,2,3.2,26,51.04
17,2,1,7.03,3,0,1,3.2,51,24.7
3,1,1,28.4,0,2,3,3.2,39,24.42
10,4,2,60.96,2,3,2,5.0,14,69.54
20,4,0,19.11,3,3,2,4.5,32,31.1
22,6,0,57.57,1,2,3,4.5,17,40.46
23,2,2,37.54,3,1,0,5.0,22,27.53
22,1,1,53.09,2,1,2,3.2,26,44.11
13,6,1,5.17,1,2,3,3.2,52,21.45
4,4,0,81.36,1,2,2,4.5,7,46.85
20,5,1,37.57,0,0,2,3.2,34,24.46
19,3,1,17.61,3,1,1,3.2,45,31.64
23,3,1,44.41,2,2,1,3.2,31,37.05
15,2,0,48.76,1,3,2,4.5,20,37.54
3,5,1,62.37,3,3,3,3.2,21,64.06
12,1,1,52.21,0,3,1,3.2,26,31.47
10,6,0,8.92,3,0,0,4.5,36,11.92
20,1,0,83.44,1,1,1,4.5,7,46.12
9,3,2,46.09,2,2,0,5.0,19,49.99
7,2,2,11.93,0,3,3,5.0,31,28.49
1,4,1,74.55,2,1,2,3.2,14,59.67
20,4,2,64.41,2,3,0,5.0,12,43.12
18,6,2,63.45,3,2,2,5.0,13,65.89
0,5,0,43.42,1,2,2,4.5,23,26.28
10,1,1,41.94,0,2,2,3.2,32,42.92
11,1,2,53.27,0,3,2,5.0,16,34.86
11,6,0,9.55,0,2,3,4.5,36,0.0
22,3,2,31.91,1,2,3,5.0,24,36.52
3,0,0,93.91,3,1,1,4.5,2,66.23
7,5,0,64.6,0,1,0,4.5,14,28.33
4,4,1,42.7,0,2,3,3.2,32,41.72
5,0,1,25.01,0,3,2,3.2,41,5.54
21,5,0,72.07,1,2,0,4.5,11,45.78
22,4,0,28.43,2,3,2,4.5,29,38.48
1,4,1,19.61,1,2,0,3.2,44,7.84
15,6,0,18.91,1,1,0,4.5,32,0.0
5,3,2,70.63,0,2,0,5.0,10,39.67
4,3,2,62.85,3,2,1,5.0,13,58.7
7,4,0,11.28,0,3,0,4.5,35,3.2
4,1,1,15.35,0,1,3,3.2,47,7.7
11,1,0,62.05,2,0,1,4.5,15,53.51
23,5,1,56.4,3,0,2,3.2,24,55.98
14,1,2,66.74,1,0,3,5.0,12,53.71
17,3,0,21.02,0,2,3,4.5,32,30.28
11,1,0,70.39,2,3,3,4.5,12,66.5
0,1,0,89.25,1,2,0,4.5,4,54.05
2,4,2,59.09,1,0,2,5.0,14,30.3
6,5,0,22.65,3,1,3,4.5,31,31.13
5,3,1,66.16,3,3,0,3.2,19,51.48
20,0,1,35.88,1,0,3,3.2,35,33.16
20,1,0,9.44,2,2,3,4.5,36,28.99
20,1,0,32.21,2,1,3,4.5,27,25.24
15,6,0,86.5,3,3,1,4.5,5,56.38
13,2,2,42.0,3,2,0,5.0,20,33.61
15,2,2,82.82,1,2,2,5.0,6,61.76
9,0,2,50.78,0,2,2,5.0,17,48.88
16,3,0,51.53,0,3,2,4.5,19,53.85
19,6,1,5.47,0,2,1,3.2,52,7.65
18,2,1,62.34,3,2,0,3.2,21,64.85
14,4,2,14.7,2,3,3,5.0,30,38.25
1,1,0,48.09,3,2,2,4.5,21,51.18
17,1,2,28.43,0,2,3,5.0,25,37.99
8,5,0,40.31,0,1,3,4.5,24,31.4
17,0,1,53.34,0,1,1,3.2,26,33.42
12,3,2,6.3,2,0,1,5.0,33,5.22
21,2,0,30.61,0,2,3,4.5,28,27.06
8,0,0,94.07,2,1,2,4.5,2,75.17
22,3,2,10.17,3,3,2,5.0,31,29.38
20,6,0,33.75,0,3,3,4.5,27,29.81
7,0,2,33.93,2,3,0,5.0,23,35.7
11,5,1,39.14,2,1,1,3.2,33,24.69
12,3,1,66.63,3,2,0,3.2,18,50.99
18,5,2,27.3,0,3,1,5.0,25,30.44
16,0,2,46.42,0,2,1,5.0,19,31.61
20,6,0,63.04,0,2,1,4.5,15,31.63
8,0,0,34.01,2,1,0,4.5,26,28.25
12,6,0,90.39,3,1,3,4.5,4,69.17
10,4,0,93.17,0,2,1,4.5,3,57.62
21,2,2,15.77,1,3,1,5.0,29,8.26
7,0,1,35.94,2,0,3,3.2,35,48.83
14,4,2,23.72,3,0,1,5.0,27,20.12
2,0,0,21.81,3,0,3,4.5,31,40.21
20,4,2,49.19,2,2,0,5.0,18,35.34
9,5,2,55.74,3,1,3,5.0,15,61.93
8,1,2,43.31,3,1,3,5.0,20,67.88
13,1,1,29.53,3,3,3,3.2,39,41.97
11,1,2,30.08,1,0,3,5.0,24,26.68
20,1,1,94.29,1,0,2,3.2,3,53.62
12,0,1,88.13,1,0,2,3.2,7,68.59
12,1,1,11.83,3,1,3,3.2,48,44.58
2,4,0,64.09,1,2,3,4.5,14,41.03
0,2,2,46.12,3,0,2,5.0,19,42.19
9,5,2,66.99,2,0,2,5.0,12,58.83
23,5,2,58.73,0,0,0,5.0,14,19.53
22,5,2,85.03,1,3,3,5.0,5,66.48
15,3,1,11.03,0,0,3,3.2,49,12.08
15,2,2,36.46,2,2,0,5.0,22,30.86
9,6,0,93.69,1,2,1,4.5,3,56.91
4,1,1,21.41,1,0,0,3.2,43,9.87
0,3,0,16.46,0,2,1,4.5,33,0.0
8,3,0,70.61,0,1,3,4.5,12,52.42
7,5,1,74.97,3,2,1,3.2,14,57.73
4,3,1,65.5,3,0,1,3.2,19,50.92
6,5,2,74.86,1,2,3,5.0,9,55.16
0,6,1,67.43,3,3,1,3.2,18,63.19
14,2,1,17.22,2,0,3,3.2,46,28.2
22,6,1,59.74,1,2,3,3.2,22,50.55
16,1,1,74.92,1,2,1,3.2,14,60.99
10,6,2,82.9,2,0,2,5.0,6,55.1
10,1,0,27.16,3,2,1,4.5,29,25.98
7,5,1,16.47,1,2,1,3.2,46,18.23
3,2,1,75.3,1,1,3,3.2,14,62.01
14,6,0,28.09,3,1,1,4.5,29,24.06
13,0,2,7.87,2,2,0,5.0,32,6.31
0,3,1,79.27,1,2,1,3.2,11,52.44
9,6,0,50.54,1,3,2,4.5,20,42.43
6,0,1,34.4,2,0,0,3.2,36,27.37
4,1,2,6.03,0,3,2,5.0,33,15.69
16,0,2,8.18,0,0,0,5.0,32,2.34
12,2,0,76.34,2,2,0,4.5,9,47.61
15,2,1,49.07,0,1,2,3.2,28,34.39
17,4,0,18.47,2,0,0,4.5,33,21.75
23,1,1,37.27,3,2,3,3.2,35,60.81
19,1,1,19.88,0,2,0,3.2,44,15.58
14,1,1,15.16,1,2,1,3.2,47,21.31
21,6,2,29.87,3,1,0,5.0,25,18.47
11,6,1,54.46,0,1,1,3.2,25,23.72
23,1,1,23.9,3,2,3,3.2,42,29.89
18,1,0,35.93,0,0,2,4.5,26,29.55
15,0,0,48.01,3,3,2,4.5,21,53.77
21,6,2,42.8,1,2,0,5.0,20,7.81
12,4,1,16.58,0,3,1,3.2,46,12.33
17,5,2,8.5,2,0,1,5.0,32,23.96
6,2,1,8.19,0,2,2,3.2,50,12.89
23,4,1,36.52,1,2,0,3.2,35,14.81
14,0,1,69.69,2,3,3,3.2,17,71.53
18,4,1,16.81,2,1,2,3.2,46,34.88
11,4,0,75.83,1,3,1,4.5,10,52.55
20,2,0,69.41,3,0,0,4.5,12,44.98
1,4,1,5.35,1,3,2,3.2,52,18.09
2,4,1,7.41,1,2,1,3.2,51,16.21
12,3,1,22.55,1,3,2,3.2,43,25.12
17,1,1,10.05,3,0,2,3.2,49,36.45
19,0,0,52.82,2,1,2,4.5,19,60.27
10,6,2,8.57,0,2,3,5.0,32,20.57
15,1,1,77.24,3,2,2,3.2,13,63.27
13,2,0,49.37,1,0,2,4.5,20,36.81
23,4,1,70.52,1,2,1,3.2,16,57.07
15,1,2,72.56,0,1,3,5.0,10,59.94
10,2,2,50.61,3,0,1,5.0,17,56.58
23,4,0,88.28,0,2,2,4.5,5,39.89
2,4,2,94.12,3,2,3,5.0,2,81.21
23,4,1,37.33,0,0,1,3.2,34,14.54
3,0,1,16.33,2,3,0,3.2,46,17.83
6,3,1,37.69,0,2,0,3.2,34,26.88
19,3,2,25.1,1,1,0,5.0,26,17.2
17,4,0,52.79,3,3,0,4.5,19,65.21
23,1,0,39.05,2,3,2,4.5,24,36.31
17,1,1,48.24,2,3,1,3.2,28,48.17
15,5,0,73.69,0,3,0,4.5,11,38.28
8,4,2,29.66,3,0,0,5.0,25,39.86
0,5,2,53.37,1,0,1,5.0,16,34.83
2,1,1,35.16,2,0,1,3.2,36,24.0
7,6,2,75.65,3,3,3,5.0,9,84.04
0,1,0,62.56,2,1,2,4.5,15,42.41
12,4,1,5.77,2,1,2,3.2,52,13.25
18,1,1,64.4,0,3,2,3.2,20,55.55
23,6,0,20.31,1,0,3,4.5,32,12.91
11,2,0,70.2,2,1,1,4.5,12,53.99
21,5,1,56.06,0,1,0,3.2,24,19.58
23,2,1,41.13,1,1,2,3.2,32,32.56
20,5,0,67.47,3,2,0,4.5,13,40.27
11,3,1,82.09,3,2,0,3.2,10,68.28
7,0,2,75.09,3,1,3,5.0,9,75.72
23,1,0,54.08,3,0,2,4.5,18,54.44
5,4,2,70.04,3,2,2,5.0,10,71.73
9,1,1,42.25,0,2,2,3.2,32,35.82
1,1,1,76.01,3,2,2,3.2,13,69.52
19,3,2,79.61,2,1,1,5.0,7,64.61
15,1,1,17.36,3,3,0,3.2,45,27.52
2,0,2,26.42,2,2,1,5.0,26,26.75
5,4,0,29.3,0,3,3,4.5,28,23.75
13,4,0,19.95,2,2,3,4.5,32,30.91
12,5,1,40.33,3,1,0,3.2,33,21.83
19,6,0,22.37,0,1,2,4.5,31,19.13
6,0,0,58.6,2,2,1,4.5,17,46.59
22,2,1,14.15,2,2,2,3.2,47,26.07
10,1,2,29.29,1,2,0,5.0,25,31.82
19,6,0,64.9,3,2,0,4.5,14,51.75
5,3,2,40.87,0,1,0,5.0,21,14.2
0,0,1,42.93,1,0,0,3.2,31,15.29
1,4,0,76.81,3,1,0,4.5,9,49.73
8,0,0,93.61,2,3,1,4.5,3,85.42
22,1,2,55.86,0,2,2,5.0,15,40.57
1,5,0,12.12,0,3,3,4.5,35,9.45
8,3,1,14.26,2,2,2,3.2,47,27.27
2,5,2,92.17,3,3,0,5.0,3,56.74
22,3,1,66.13,0,0,1,3.2,19,30.71
16,5,0,72.72,0,2,1,4.5,11,50.73
18,3,0,65.82,1,0,0,4.5,14,38.96
17,0,2,21.17,0,0,3,5.0,28,24.03
15,0,1,45.35,0,0,2,3.2,30,23.35
18,5,0,76.83,1,1,1,4.5,9,56.57
0,0,0,82.97,2,0,1,4.5,7,52.81
20,2,1,26.36,3,1,1,3.2,41,27.41
17,0,0,58.64,1,0,1,4.5,17,40.86
17,2,1,19.14,2,0,2,3.2,44,47.58
9,4,0,91.24,3,1,3,4.5,4,92.52
19,1,2,27.7,0,1,1,5.0,25,33.55
9,3,1,70.4,3,1,0,3.2,16,50.39
1,6,2,25.8,0,1,3,5.0,26,20.66
21,0,0,60.44,2,1,1,4.5,16,37.96
5,0,1,64.33,3,0,0,3.2,20,50.35
2,1,0,34.56,3,1,2,4.5,26,44.25
14,5,1,78.7,1,3,3,3.2,12,65.4
5,2,2,84.68,2,0,1,5.0,5,53.24
20,4,0,81.96,0,0,1,4.5,7,36.77
10,0,2,34.77,1,3,1,5.0,23,40.59
0,5,1,71.99,3,2,3,3.2,15,73.72
22,0,2,55.35,0,1,3,5.0,16,42.87
12,4,0,58.34,0,3,3,4.5,17,44.32
6,1,2,47.97,2,1,0,5.0,18,33.52
16,6,1,59.02,2,2,3,3.2,23,66.92
12,2,0,17.21,1,2,1,4.5,33,16.3
0,1,0,41.8,0,0,3,4.5,23,31.51
18,2,2,20.99,0,3,3,5.0,28,35.83
9,0,2,30.21,2,2,2,5.0,24,43.44
16,1,0,16.5,1,0,3,4.5,33,28.09
21,4,1,24.12,3,3,0,3.2,42,23.65
14,2,2,75.37,1,2,2,5.0,9,51.62
16,2,1,54.49,1,3,0,3.2,25,48.33
6,5,0,7.13,0,3,2,4.5,37,0.2
5,0,1,75.97,2,1,1,3.2,13,60.71
9,2,1,86.85,1,3,3,3.2,7,79.22
20,1,0,84.24,3,0,1,4.5,6,65.03
12,3,2,79.07,1,1,3,5.0,7,65.97
8,2,0,94.3,3,2,1,4.5,2,83.18
18,0,2,57.78,1,2,0,5.0,15,42.12
20,0,2,91.63,1,0,2,5.0,3,64.49
21,5,2,90.4,1,0,0,5.0,3,51.79
7,0,2,33.19,1,3,2,5.0,23,32.19
17,5,0,82.71,1,3,1,4.5,7,70.36
14,6,0,76.32,3,2,3,4.5,9,80.99
10,3,2,74.82,2,2,1,5.0,9,70.26
9,2,2,85.67,0,3,1,5.0,5,65.85
2,5,2,39.58,0,0,2,5.0,21,25.78
6,6,1,41.0,0,3,3,3.2,32,32.37
13,0,1,62.6,2,0,0,3.2,21,39.35
21,6,0,71.4,0,2,2,4.5,11,46.74
20,6,0,84.18,1,1,1,4.5,6,41.24
4,0,1,83.83,3,3,3,3.2,9,75.26
16,0,0,69.92,0,0,2,4.5,12,46.63
2,5,0,91.12,0,2,3,4.5,4,62.07
16,0,0,21.08,0,0,1,4.5,32,9.06
8,4,0,90.53,1,0,1,4.5,4,58.46
10,0,2,10.78,0,1,3,5.0,31,23.07
17,4,2,55.01,2,3,0,5.0,16,45.26
10,1,2,13.12,2,1,2,5.0,30,16.98
19,0,0,56.12,0,2,3,4.5,18,44.05
12,0,1,40.11,2,2,3,3.2,33,48.27
23,1,2,12.34,1,3,2,5.0,31,23.99
15,3,1,63.33,0,1,1,3.2,20,39.0
7,0,1,70.81,1,0,3,3.2,16,67.28
18,5,2,20.68,2,3,0,5.0,28,24.25
9,4,2,67.5,0,1,3,5.0,11,52.26
12,2,2,21.11,3,0,0,5.0,28,23.5
3,6,1,17.37,3,3,2,3.2,45,30.98
2,4,1,18.26,0,3,1,3.2,45,17.69
13,4,2,58.92,0,0,3,5.0,14,44.51
4,1,2,75.09,1,3,2,5.0,9,65.92
23,4,1,58.72,3,2,3,3.2,23,61.34
20,3,1,77.84,0,1,3,3.2,12,62.38
16,6,1,58.23,1,2,3,3.2,23,71.08
17,3,0,76.76,2,0,0,4.5,9,54.46
14,4,1,92.89,0,0,1,3.2,4,55.2
1,2,1,40.19,0,0,1,3.2,33,14.16
9,0,2,18.49,0,0,0,5.0,29,15.06
11,0,1,17.19,0,2,0,3.2,46,10.81
21,6,0,58.77,2,3,0,4.5,16,33.44
5,5,2,54.24,3,1,3,5.0,16,59.93
11,2,1,21.58,1,0,1,3.2,43,15.99
8,4,0,84.39,1,1,3,4.5,6,71.54
3,0,2,91.11,0,2,3,5.0,3,70.12
2,0,1,27.79,3,3,0,3.2,40,33.7
8,3,1,23.62,3,2,3,3.2,42,49.72
1,4,2,24.25,2,1,0,5.0,27,24.1
1,6,2,39.87,1,2,1,5.0,21,33.58
8,5,1,81.79,0,0,3,3.2,10,58.06
4,1,1,58.64,3,1,1,3.2,23,51.08
13,5,2,11.08,0,2,3,5.0,31,4.26
0,3,0,47.57,0,0,2,4.5,21,29.14
7,5,2,13.13,2,0,0,5.0,30,22.96
10,1,1,41.56,0,3,3,3.2,32,44.07
23,0,2,41.32,0,0,0,5.0,21,16.0
15,0,1,63.35,2,0,2,3.2,20,50.22
21,6,2,54.45,0,2,1,5.0,16,27.22
8,0,0,83.73,1,1,0,4.5,7,53.6
10,6,2,6.46,2,3,2,5.0,33,23.89
10,5,0,74.66,0,3,1,4.5,10,45.95
21,1,1,7.04,3,3,0,3.2,51,12.42
23,6,0,32.39,0,1,2,4.5,27,19.11
23,1,2,84.17,2,3,0,5.0,6,60.01
18,1,2,67.14,0,1,2,5.0,12,50.9
12,4,0,20.48,2,0,0,4.5,32,10.65
12,2,2,49.17,3,3,3,5.0,18,59.06
23,2,0,69.97,3,2,3,4.5,12,73.41
6,1,1,89.36,1,0,3,3.2,6,64.38
8,4,0,62.09,0,3,3,4.5,15,57.66
21,0,0,7.22,3,0,0,4.5,37,4.3
9,1,0,49.97,2,2,2,4.5,20,55.97
5,3,1,18.77,0,1,0,3.2,45,9.25
13,3,1,9.3,0,0,0,3.2,50,1.72
7,4,2,58.87,1,3,1,5.0,14,60.02
21,1,0,74.92,2,2,1,4.5,10,54.26
21,4,2,8.25,1,3,1,5.0,32,20.62
7,5,0,75.52,3,2,0,4.5,10,68.08
12,2,0,68.57,2,3,1,4.5,13,43.92
23,1,0,72.68,3,3,0,4.5,11,50.03
17,3,0,27.03,3,3,0,4.5,29,27.41
5,4,1,40.42,1,2,1,3.2,33,36.24
14,0,2,15.78,3,0,0,5.0,29,9.15
14,3,2,26.5,1,1,3,5.0,26,20.28
15,1,2,32.25,0,2,3,5.0,24,23.77
0,3,1,33.75,1,0,3,3.2,36,22.41
7,6,0,20.75,1,0,0,4.5,32,11.21
20,3,1,21.98,3,1,1,3.2,43,22.02
5,5,2,86.13,3,3,3,5.0,5,69.13
7,2,0,75.55,0,1,2,4.5,10,52.1
7,6,0,36.0,0,3,1,4.5,26,24.28
4,5,2,90.29,2,3,3,5.0,3,64.58
3,6,0,26.5,2,1,1,4.5,29,14.31
8,5,2,41.61,2,0,3,5.0,20,48.54
20,4,2,78.22,1,3,0,5.0,8,46.92
0,3,1,44.86,3,3,2,3.2,30,50.2
6,6,1,26.12,1,2,0,3.2,41,19.62
1,5,0,38.17,1,3,3,4.5,25,47.37
13,2,1,50.06,1,0,1,3.2,27,30.02
6,0,2,60.86,3,1,0,5.0,14,38.86
19,0,2,41.5,1,2,3,5.0,20,50.52
14,1,1,43.82,2,0,3,3.2,31,46.15
18,0,2,28.75,3,3,3,5.0,25,58.0
15,1,2,53.18,0,2,1,5.0,16,35.49
10,0,0,24.75,2,1,0,4.5,30,36.28
20,6,1,83.08,2,0,0,3.2,9,39.43
11,0,1,72.26,3,0,0,3.2,15,49.0
22,4,1,41.93,0,2,0,3.2,32,28.57
23,2,2,72.25,2,3,0,5.0,10,48.41
14,1,2,5.63,3,0,2,5.0,33,27.87
16,4,1,36.0,1,1,3,3.2,35,49.99
6,6,0,44.63,2,2,2,4.5,22,44.33
19,5,2,47.28,1,1,0,5.0,18,45.33
16,6,2,72.39,2,2,2,5.0,10,69.61
21,4,2,91.65,1,2,0,5.0,3,44.57
6,4,1,39.2,0,3,1,3.2,33,21.0
18,1,0,36.55,3,2,3,4.5,25,69.72
11,5,1,59.95,0,2,0,3.2,22,18.95
4,5,0,30.31,0,1,3,4.5,28,22.79
4,1,1,17.72,3,0,1,3.2,45,8.86
13,2,2,91.54,3,0,2,5.0,3,65.88
7,4,0,77.86,2,0,1,4.5,9,63.56
2,0,2,91.26,2,3,0,5.0,3,63.05
10,5,0,24.6,1,0,1,4.5,30,15.17
15,1,0,6.6,2,1,1,4.5,37,4.81
7,0,2,44.35,2,2,2,5.0,19,40.14
22,2,0,89.02,2,2,0,4.5,4,59.64
18,5,2,17.45,2,0,3,5.0,29,34.92
12,1,2,15.55,2,3,2,5.0,30,19.82
22,3,0,11.21,3,1,3,4.5,36,29.52
10,5,0,73.85,2,0,3,4.5,10,67.41
3,0,0,75.73,1,0,2,4.5,10,47.25
0,5,0,67.58,2,3,0,4.5,13,42.31
22,2,2,9.8,0,3,2,5.0,32,13.78
23,4,2,70.1,0,3,3,5.0,10,50.61
17,1,2,45.38,3,1,0,5.0,19,48.0
2,0,2,19.21,2,3,1,5.0,28,30.12
7,5,2,31.56,0,1,0,5.0,24,22.69
0,5,2,50.1,1,0,3,5.0,17,44.76
1,6,2,34.67,3,3,3,5.0,23,44.76
5,4,1,92.28,2,1,0,3.2,4,64.19
13,3,2,47.73,3,2,3,5.0,18,60.38
1,1,0,38.49,2,2,1,4.5,25,26.41
23,2,1,65.58,0,0,3,3.2,19,43.61
10,4,2,63.55,0,3,0,5.0,13,46.47
6,2,0,5.22,0,0,0,4.5,38,0.0
12,3,0,60.66,2,3,2,4.5,16,40.57
18,1,0,26.94,3,1,3,4.5,29,58.68
7,3,0,38.77,1,1,0,4.5,24,32.43
1,1,1,68.57,2,1,0,3.2,17,46.97
1,0,2,55.16,2,2,1,5.0,16,43.48
20,0,0,38.18,2,0,0,4.5,25,23.34
2,3,2,20.07,2,0,3,5.0,28,27.33
15,2,2,50.49,1,2,2,5.0,17,40.67
9,0,2,33.74,2,2,2,5.0,23,36.95
18,3,2,87.16,1,3,1,5.0,4,59.51
1,1,0,53.09,2,3,2,4.5,19,60.91
21,0,1,82.94,3,3,2,3.2,9,76.01
16,0,2,40.12,0,3,2,5.0,21,42.77
10,3,2,79.47,2,3,1,5.0,7,69.18
4,6,1,10.09,0,1,2,3.2,49,0.8
23,1,2,31.83,1,3,2,5.0,24,30.78
7,1,2,12.04,2,3,2,5.0,31,35.45
11,1,0,7.85,1,2,3,4.5,37,16.2
9,2,2,87.7,0,0,1,5.0,4,51.74
5,5,0,69.52,1,0,3,4.5,12,50.17
9,2,1,61.26,0,1,0,3.2,21,38.4
3,4,0,52.92,2,2,1,4.5,19,41.69
0,6,2,56.26,0,2,1,5.0,15,34.87
6,6,0,62.48,1,3,3,4.5,15,48.04
2,3,1,79.39,1,2,0,3.2,11,47.43
9,4,2,58.72,3,2,0,5.0,14,64.51
20,6,2,72.37,3,3,1,5.0,10,54.44
3,5,0,30.29,0,3,3,4.5,28,12.56
0,2,2,92.91,0,2,1,5.0,2,58.69
2,0,1,7.87,2,2,2,3.2,51,17.53
12,0,2,39.79,1,0,0,5.0,21,13.9
6,6,1,84.38,2,2,3,3.2,9,76.24
11,3,0,21.25,3,0,3,4.5,32,32.48
0,2,0,17.72,0,1,0,4.5,33,0.0
7,2,0,37.89,3,2,2,4.5,25,61.45
9,1,2,43.54,0,0,0,5.0,20,14.88
10,5,2,89.01,0,2,2,5.0,4,62.95
13,4,1,80.25,2,1,2,3.2,11,52.58
18,6,2,46.77,3,2,3,5.0,19,65.57
11,2,0,92.57,2,1,0,4.5,3,51.71
20,3,2,62.81,0,1,1,5.0,13,40.4
12,0,0,83.63,0,1,2,4.5,7,49.05
6,6,0,27.15,3,0,1,4.5,29,31.05
5,3,2,49.01,2,0,2,5.0,18,40.22
7,3,1,7.67,0,3,0,3.2,51,0.0
14,2,0,5.8,2,0,0,4.5,38,3.05
5,1,2,68.49,1,1,2,5.0,11,48.83
21,6,0,15.65,0,0,2,4.5,34,0.0
11,3,2,54.3,0,2,0,5.0,16,20.61
20,4,0,67.64,3,2,3,4.5,13,60.72
16,0,0,7.9,2,1,3,4.5,37,40.74
8,1,0,45.39,0,3,0,4.5,22,31.57
5,5,1,66.57,0,1,1,3.2,18,32.97
17,0,0,85.08,1,2,2,4.5,6,70.9
7,0,0,31.93,1,1,1,4.5,27,14.59
5,5,2,92.68,1,2,1,5.0,3,54.72
22,2,1,81.01,2,0,2,3.2,10,64.86
11,1,1,63.56,0,1,3,3.2,20,48.15
1,3,0,40.27,0,2,1,4.5,24,16.53
11,1,0,69.0,2,3,0,4.5,12,45.28
11,0,0,78.46,3,1,2,4.5,9,66.1
20,0,2,32.3,0,1,2,5.0,24,22.83
17,0,0,94.35,1,1,2,4.5,2,76.82
4,1,0,86.78,2,1,2,4.5,5,65.04
3,4,2,48.7,0,3,3,5.0,18,45.19
14,2,1,70.05,3,2,2,3.2,16,75.99
1,0,2,52.16,0,1,2,5.0,17,39.61
7,0,1,73.48,2,1,1,3.2,15,72.66
3,3,2,79.43,1,2,1,5.0,7,49.31
0,5,2,7.09,2,2,1,5.0,33,3.89
22,2,1,12.12,0,1,1,3.2,48,3.67
2,0,2,35.28,0,3,2,5.0,23,27.29
0,1,1,87.59,2,1,2,3.2,7,77.19
22,3,2,40.84,3,1,3,5.0,21,44.66
4,1,1,84.88,2,0,1,3.2,8,58.85
19,6,2,46.62,3,1,2,5.0,19,58.79
0,5,1,31.0,1,3,1,3.2,38,23.69
3,2,1,86.06,0,3,1,3.2,8,52.94
2,6,1,55.46,1,1,0,3.2,24,30.87
16,2,2,37.44,3,0,1,5.0,22,52.93
14,0,2,9.0,3,2,2,5.0,32,38.32
11,6,2,14.98,2,2,0,5.0,30,12.84
5,6,2,17.54,1,3,0,5.0,29,5.27
2,2,0,37.84,2,2,1,4.5,25,39.52
13,4,2,59.66,2,0,3,5.0,14,48.17
5,1,2,32.68,2,3,0,5.0,24,38.84
14,4,0,10.9,3,2,0,4.5,36,22.74
16,4,2,28.83,2,3,1,5.0,25,50.29
20,4,1,41.78,0,0,1,3.2,32,24.85
11,3,0,94.3,0,1,3,4.5,2,48.45
0,4,0,40.37,2,1,0,4.5,24,18.09
6,3,1,13.03,3,1,1,3.2,48,24.85
20,5,0,57.3,3,3,1,4.5,17,42.92
12,1,2,87.77,2,0,0,5.0,4,52.9
14,3,2,75.8,2,0,1,5.0,8,56.91
10,2,2,80.26,3,0,1,5.0,7,68.78
3,3,1,88.54,3,3,2,3.2,6,71.76
21,0,1,62.29,0,0,3,3.2,21,49.65
18,2,2,94.54,1,2,0,5.0,2,69.85
23,6,2,8.0,1,0,1,5.0,32,2.56
20,0,0,80.14,2,1,1,4.5,8,57.88
6,4,1,82.13,1,2,3,3.2,10,67.14
6,4,2,87.5,1,0,0,5.0,4,56.63
5,3,2,48.04,0,0,1,5.0,18,25.67
22,0,2,75.9,0,2,1,5.0,8,53.23
13,0,0,22.56,1,0,1,4.5,31,0.0
10,1,1,59.28,3,1,3,3.2,22,73.32
23,0,0,37.28,1,2,2,4.5,25,27.12
14,0,2,58.66,0,0,1,5.0,14,25.93
21,1,1,65.8,1,0,3,3.2,19,59.46
23,1,0,36.24,3,1,3,4.5,26,49.64
1,5,0,24.46,2,2,0,4.5,30,1.81
8,4,2,33.95,2,0,1,5.0,23,40.71
17,0,2,64.76,0,1,1,5.0,12,50.24
19,4,2,65.92,3,3,1,5.0,12,64.98
3,0,2,71.72,0,1,1,5.0,10,35.73
7,2,2,16.39,3,1,3,5.0,29,35.49
13,0,2,78.67,3,2,3,5.0,7,73.9
19,0,2,66.93,2,1,0,5.0,12,53.31
2,0,2,7.75,3,1,3,5.0,32,36.7
14,3,1,35.2,3,3,3,3.2,36,53.26
7,3,2,47.0,2,0,1,5.0,19,37.71
5,2,2,37.46,3,2,1,5.0,22,41.89
12,4,0,15.57,2,1,0,4.5,34,7.96
9,5,2,23.66,2,3,1,5.0,27,27.66
15,5,1,7.21,1,2,0,3.2,51,0.0
7,4,0,13.38,2,3,3,4.5,35,40.41
19,3,0,28.97,1,0,0,4.5,28,22.25
1,3,0,78.8,0,0,1,4.5,8,42.22
20,1,2,52.4,1,3,1,5.0,17,34.91
0,3,2,43.2,0,1,3,5.0,20,35.89
17,0,0,64.59,3,3,3,4.5,14,67.09
8,6,1,53.74,1,2,3,3.2,25,48.24
9,2,1,16.84,3,1,1,3.2,46,33.54
0,5,1,25.04,1,0,1,3.2,41,15.02
16,6,1,25.03,1,0,2,3.2,41,19.17
3,3,2,59.0,0,2,1,5.0,14,28.92
15,6,1,46.55,3,0,0,3.2,29,31.03
17,3,1,39.88,2,0,3,3.2,33,58.33
20,0,1,55.1,1,0,0,3.2,25,24.53
16,0,1,92.31,2,3,0,3.2,4,75.23
7,0,2,33.28,3,2,3,5.0,23,58.51
17,6,1,51.82,2,2,2,3.2,27,53.86
19,3,2,48.23,1,2,2,5.0,18,51.98
7,2,1,69.5,3,2,0,3.2,17,54.21
2,3,2,70.73,3,1,1,5.0,10,54.26
21,1,2,70.62,3,1,0,5.0,10,61.25
3,6,2,23.14,0,2,2,5.0,27,25.51
14,6,1,45.42,3,3,2,3.2,30,54.54
5,0,1,78.01,0,3,1,3.2,12,55.67
3,5,1,39.34,2,2,2,3.2,33,26.82
18,2,1,93.58,2,3,3,3.2,4,85.9
3,0,2,37.83,0,3,2,5.0,22,28.3
16,6,2,49.79,0,2,0,5.0,18,45.72
16,0,2,47.71,3,3,2,5.0,18,62.2
1,1,2,44.03,3,0,0,5.0,20,39.29
4,0,2,81.11,0,0,1,5.0,7,46.54
19,3,1,18.97,2,1,3,3.2,45,43.77
12,4,0,56.09,0,0,1,4.5,18,25.05
2,2,1,60.67,2,1,3,3.2,22,50.13
23,0,2,81.61,1,0,0,5.0,6,28.96
6,0,2,59.83,3,3,3,5.0,14,74.42
0,6,1,91.4,2,2,1,3.2,5,60.57
22,5,2,83.5,1,0,0,5.0,6,32.0
0,6,0,36.39,2,2,1,4.5,25,29.14
13,3,1,82.39,1,2,0,3.2,10,52.73
23,3,2,91.26,0,1,2,5.0,3,62.44
13,5,1,28.15,2,3,0,3.2,40,28.48
14,4,2,59.92,3,3,0,5.0,14,44.76
9,3,1,30.36,1,3,2,3.2,38,33.99
3,2,1,63.46,0,0,0,3.2,20,26.69
13,3,1,13.43,0,1,1,3.2,48,10.16
21,0,2,71.08,1,3,2,5.0,10,43.28
2,1,0,42.78,3,1,1,4.5,23,38.04
21,5,0,57.86,1,1,0,4.5,17,31.37
9,6,1,7.33,3,1,0,3.2,51,24.36
12,0,0,67.59,1,1,3,4.5,13,55.37
3,0,1,49.64,1,2,3,3.2,28,52.92
14,0,1,61.27,3,0,1,3.2,21,34.3
4,5,0,33.41,2,3,3,4.5,27,47.32
6,2,1,18.12,0,2,0,3.2,45,6.65
17,2,1,44.19,0,0,0,3.2,31,34.69
1,0,2,89.96,0,3,3,5.0,4,59.45
10,6,0,25.5,3,2,2,4.5,30,28.9
14,3,2,65.83,0,1,2,5.0,12,53.48
3,5,1,9.49,0,1,1,3.2,50,0.0
7,4,2,69.63,3,2,3,5.0,11,76.61
8,0,0,26.46,2,0,2,4.5,29,36.24
15,5,0,45.64,3,2,1,4.5,22,42.6
23,3,1,38.1,0,2,1,3.2,34,28.94
20,4,1,15.16,2,1,1,3.2,47,19.64
4,1,1,36.1,0,1,2,3.2,35,18.43
0,5,0,36.51,2,2,2,4.5,25,36.32
1,6,1,51.99,0,2,3,3.2,26,43.41
14,2,2,92.51,3,1,1,5.0,3,60.13
3,0,2,47.3,1,3,1,5.0,18,44.87
5,5,0,87.3,1,3,2,4.5,5,43.49
20,6,1,46.54,3,1,2,3.2,29,52.42
20,3,1,14.68,0,2,1,3.2,47,4.23
20,4,1,25.71,3,3,0,3.2,41,33.56
6,1,2,41.68,2,0,1,5.0,20,36.08
14,0,1,34.28,2,2,0,3.2,36,26.41
14,6,2,82.92,1,3,0,5.0,6,51.6
4,3,2,66.08,3,0,3,5.0,12,63.88
13,1,0,57.05,1,1,3,4.5,17,49.12
12,4,2,49.21,1,3,0,5.0,18,45.02
9,0,0,40.75,1,3,1,4.5,24,27.99
18,0,1,60.1,1,3,1,3.2,22,34.88
16,1,1,16.21,1,2,3,3.2,46,33.5
12,3,1,19.63,0,0,1,3.2,44,4.21
17,2,1,32.28,1,0,1,3.2,37,28.65
18,1,0,20.41,1,3,2,4.5,32,25.83
13,2,0,65.94,1,2,1,4.5,14,46.32
6,2,2,7.23,3,0,0,5.0,32,4.85
18,3,2,19.42,0,0,1,5.0,28,20.52
17,3,2,86.23,3,0,0,5.0,5,73.66
23,6,1,94.78,3,3,2,3.2,3,81.77
3,5,2,48.88,0,3,3,5.0,18,42.15
10,2,1,49.58,2,3,3,3.2,28,68.21
22,6,0,74.61,0,0,1,4.5,10,33.65
12,3,0,8.26,0,2,1,4.5,37,0.0
22,1,0,43.43,3,3,0,4.5,23,39.05
0,2,1,13.98,0,2,1,3.2,47,11.25
0,5,2,41.08,1,3,0,5.0,21,29.41
19,5,0,93.54,0,2,2,4.5,3,53.81
8,2,1,72.83,0,0,3,3.2,15,57.75
12,1,0,93.65,0,1,0,4.5,3,37.76
10,1,1,72.14,3,1,2,3.2,15,76.35
9,0,1,59.73,0,0,2,3.2,22,49.67
22,4,0,72.88,3,2,1,4.5,11,55.62
2,3,1,64.32,0,3,2,3.2,20,41.7
18,3,0,46.77,3,0,2,4.5,21,56.78
21,4,2,31.33,3,1,1,5.0,24,34.05
15,5,2,51.82,2,2,3,5.0,17,59.52
9,5,2,28.26,3,1,2,5.0,25,54.18
3,0,2,48.8,1,0,1,5.0,18,37.18
16,4,0,18.15,3,0,2,4.5,33,37.42
11,6,2,55.89,0,0,2,5.0,15,42.89
3,5,0,27.08,2,3,0,4.5,29,18.86
8,2,2,31.42,3,1,0,5.0,24,34.53
23,2,2,49.91,2,3,1,5.0,18,39.74
6,6,2,19.63,1,2,0,5.0,28,5.21
4,0,2,91.61,2,1,1,5.0,3,64.49
16,3,2,45.22,3,3,1,5.0,19,59.87
4,0,2,36.71,3,1,3,5.0,22,40.56
22,6,0,7.63,2,0,0,4.5,37,0.0
20,0,0,80.89,2,3,2,4.5,8,64.81
23,0,2,61.33,3,2,2,5.0,14,63.91
21,2,0,42.48,2,1,1,4.5,23,30.95
5,1,1,27.1,0,2,3,3.2,40,28.17
5,3,0,72.06,3,3,1,4.5,11,51.38
8,2,1,90.09,0,1,1,3.2,5,55.08
11,2,2,39.27,2,3,0,5.0,21,31.71
21,3,2,17.14,1,3,1,5.0,29,21.51
17,3,1,14.83,0,3,0,3.2,47,16.0
15,6,1,5.57,1,0,3,3.2,52,7.33
21,3,1,71.96,0,0,0,3.2,15,32.46
15,3,1,93.33,1,0,3,3.2,4,78.52
9,4,1,94.35,1,2,0,3.2,3,68.9
9,1,2,75.58,1,1,1,5.0,9,56.01
12,4,0,19.6,0,3,0,4.5,32,0.0
2,6,1,92.99,2,0,1,3.2,4,56.99
17,2,1,34.5,0,1,2,3.2,36,33.8
15,1,1,35.03,3,1,1,3.2,36,38.2
17,2,0,66.86,0,3,2,4.5,13,56.61
12,1,0,9.41,0,0,3,4.5,36,10.69
18,4,1,79.32,1,1,0,3.2,11,54.18
22,6,2,94.76,1,3,1,5.0,2,58.31
13,4,2,74.76,3,3,2,5.0,9,82.32
10,0,2,75.35,2,3,2,5.0,9,69.02
2,2,2,40.13,1,2,0,5.0,21,16.8
18,4,1,10.93,3,0,0,3.2,49,14.4
21,2,0,76.34,0,0,1,4.5,9,35.29
16,4,1,58.74,3,1,2,3.2,23,72.29
20,4,2,86.84,1,1,3,5.0,5,63.21
20,2,1,15.44,1,2,1,3.2,47,23.32
19,4,2,32.46,1,0,2,5.0,24,36.93
12,2,0,37.46,0,2,1,4.5,25,24.76
2,0,0,66.5,2,1,0,4.5,13,35.47
0,2,0,75.9,2,0,1,4.5,10,44.59
4,3,0,91.49,2,3,1,4.5,3,65.01
10,0,1,31.59,2,1,0,3.2,38,33.81
17,6,1,49.43,0,0,2,3.2,28,36.85
10,3,1,7.61,3,1,1,3.2,51,29.42
0,0,0,27.77,2,3,0,4.5,29,24.32
5,6,1,38.66,2,3,1,3.2,34,25.26
23,5,0,58.44,0,0,3,4.5,17,32.56
23,0,1,47.38,3,2,2,3.2,29,48.56
9,1,0,37.8,2,2,1,4.5,25,35.47
19,2,0,61.17,1,3,3,4.5,16,63.66
17,3,0,79.58,3,3,0,4.5,8,64.78
22,5,0,26.75,2,2,1,4.5,29,8.7
21,2,1,35.86,3,2,2,3.2,35,43.2
15,4,1,68.44,3,1,1,3.2,17,50.82
9,0,1,75.01,0,3,2,3.2,14,63.66
15,4,1,79.29,3,3,2,3.2,11,78.22
7,6,0,23.84,2,3,1,4.5,30,15.96
8,3,0,53.53,0,3,3,4.5,19,44.02
14,3,2,86.0,3,2,3,5.0,5,82.32
13,2,2,40.28,1,3,1,5.0,21,23.68
13,6,0,43.69,3,3,3,4.5,23,54.47
9,0,0,93.63,0,0,2,4.5,3,67.43
9,2,0,15.17,1,0,0,4.5,34,8.29
0,0,0,68.5,1,3,0,4.5,13,34.47
14,6,0,81.52,1,1,0,4.5,7,26.13
13,3,1,18.57,2,3,0,3.2,45,23.8
22,6,2,69.3,0,1,1,5.0,11,48.31
12,4,2,47.28,2,1,0,5.0,18,43.62
11,3,2,81.76,0,3,2,5.0,6,55.08
1,3,1,86.67,1,2,1,3.2,7,51.87
4,1,1,83.52,2,2,2,3.2,9,72.98
8,3,1,10.79,1,1,2,3.2,49,22.4
9,4,0,73.12,1,2,1,4.5,11,56.26
8,6,1,87.94,2,1,2,3.2,7,75.44
9,3,0,60.92,0,3,3,4.5,16,53.64
18,6,1,59.08,3,1,1,3.2,23,64.5
3,6,0,9.05,3,0,1,4.5,36,18.55
7,3,2,82.04,3,2,2,5.0,6,77.27
3,3,2,9.18,1,3,3,5.0,32,19.17
7,0,2,33.22,1,3,2,5.0,23,26.51
16,1,0,88.33,3,0,3,4.5,5,81.4
1,6,0,90.48,2,3,0,4.5,4,48.72
8,0,2,94.27,3,1,0,5.0,2,77.12
0,2,2,47.88,0,3,1,5.0,18,28.66
22,4,1,20.97,3,2,0,3.2,43,23.11
17,1,0,48.92,2,3,0,4.5,20,48.38
5,6,1,14.21,3,1,0,3.2,47,17.66
4,4,1,83.53,3,2,1,3.2,9,67.76
2,0,2,55.45,0,2,3,5.0,16,54.2
11,1,1,41.41,0,0,3,3.2,32,35.96
18,5,0,12.16,0,3,1,4.5,35,9.49
14,6,2,41.47,2,0,3,5.0,20,38.68
21,6,2,82.96,3,3,3,5.0,6,82.14
8,5,0,68.31,0,0,1,4.5,13,38.73
6,0,0,12.42,0,0,1,4.5,35,0.0
11,5,0,19.39,1,1,3,4.5,32,24.69
4,0,2,40.31,1,0,1,5.0,21,33.69
23,0,1,14.12,0,0,1,3.2,47,10.82
4,4,1,89.06,2,0,3,3.2,6,82.12
11,3,2,63.71,3,1,2,5.0,13,71.89
12,4,0,13.53,0,1,1,4.5,35,12.12
1,5,0,75.93,0,0,3,4.5,10,47.1
11,0,2,38.16,0,0,2,5.0,22,23.1
10,3,1,27.04,0,2,1,3.2,40,12.69
6,5,0,56.3,1,1,1,4.5,17,30.49
3,3,2,6.2,0,3,0,5.0,33,3.57
1,3,0,46.89,1,3,0,4.5,21,26.53
0,3,2,80.94,0,0,3,5.0,7,43.85
11,6,2,88.53,2,3,0,5.0,4,56.49
2,0,2,35.83,1,2,3,5.0,22,42.44
23,6,1,62.82,0,3,0,3.2,20,25.1
5,5,0,25.41,0,1,2,4.5,30,12.37
15,5,2,55.42,1,0,2,5.0,16,40.15
16,2,1,27.86,2,3,3,3.2,40,57.83
11,3,1,56.42,0,2,1,3.2,24,44.03
21,2,0,20.45,1,0,3,4.5,32,18.64
2,1,1,89.71,2,0,1,3.2,6,63.32
5,6,1,84.82,1,0,3,3.2,8,62.58
6,3,0,35.32,0,1,0,4.5,26,13.2
3,5,2,74.9,1,1,1,5.0,9,48.84
7,0,0,13.6,0,1,2,4.5,35,23.83
7,5,2,71.63,3,3,2,5.0,10,59.21
18,4,2,30.42,3,3,3,5.0,24,61.86
7,6,1,17.21,1,2,1,3.2,46,23.47
21,0,0,66.04,0,2,2,4.5,14,39.23
18,3,1,47.28,0,3,2,3.2,29,32.04
21,3,1,52.71,2,1,3,3.2,26,52.11
2,3,1,51.85,3,2,0,3.2,26,39.23
23,0,0,10.35,1,2,0,4.5,36,12.44
14,3,1,9.62,2,1,2,3.2,50,22.65
23,2,0,59.11,0,3,0,4.5,16,22.81
8,4,1,61.15,3,0,0,3.2,21,40.9
22,1,1,9.25,1,0,2,3.2,50,15.73
14,3,1,39.06,0,1,1,3.2,34,25.18
1,4,2,60.16,3,3,1,5.0,14,54.61
9,0,2,64.1,3,1,1,5.0,13,65.82
3,5,2,79.54,1,0,2,5.0,7,49.82
22,5,2,42.87,3,3,1,5.0,20,49.08
7,0,2,54.34,0,0,3,5.0,16,53.42
5,0,0,57.07,1,0,0,4.5,17,16.52
13,5,0,33.08,2,3,0,4.5,27,12.59
10,1,1,9.84,2,1,0,3.2,50,29.7
2,6,1,5.38,1,0,3,3.2,52,17.91
19,3,2,80.25,3,1,1,5.0,7,66.22
20,2,0,23.02,3,2,0,4.5,31,12.52
17,1,0,61.72,0,3,1,4.5,15,45.89
14,4,2,56.93,3,0,2,5.0,15,46.66
9,0,2,40.97,0,1,1,5.0,21,28.61
13,2,0,80.01,2,2,1,4.5,8,55.26
12,2,0,67.86,1,2,0,4.5,13,36.22
3,1,1,7.05,1,2,2,3.2,51,21.61
1,2,1,74.9,0,1,0,3.2,14,48.62
6,3,0,50.63,1,3,0,4.5,20,25.57
10,4,1,36.23,0,0,2,3.2,35,24.04
3,0,2,70.42,3,3,3,5.0,10,75.36
2,6,2,66.75,0,3,2,5.0,12,54.06
20,6,2,32.95,1,2,3,5.0,23,31.44
8,4,1,93.47,0,1,1,3.2,4,67.63
14,6,2,63.38,0,1,2,5.0,13,33.28
12,2,0,59.52,1,1,1,4.5,16,35.44
17,5,0,11.29,3,0,2,4.5,35,22.04
17,5,0,30.14,1,0,3,4.5,28,33.78
7,3,2,45.23,3,2,2,5.0,19,57.9
20,1,1,61.76,3,2,0,3.2,21,53.19
8,3,0,51.15,1,1,2,4.5,20,54.4
20,6,2,73.67,3,1,1,5.0,9,54.61
9,6,0,28.63,1,0,2,4.5,29,13.27
2,3,1,68.19,2,3,2,3.2,17,59.35
18,1,0,78.49,2,3,2,4.5,9,73.89
0,5,0,73.85,2,0,3,4.5,10,57.13
18,0,0,74.38,3,1,3,4.5,10,76.26
1,1,0,84.97,0,2,3,4.5,6,66.44
4,3,1,12.58,1,0,2,3.2,48,15.07
14,6,0,67.75,2,0,1,4.5,13,40.57
22,2,0,92.18,1,3,0,4.5,3,48.67
9,3,1,56.63,3,0,3,3.2,24,56.39
2,2,1,24.56,1,2,3,3.2,41,33.16
5,3,1,94.89,1,3,0,3.2,3,61.4
21,0,1,20.72,1,2,0,3.2,44,5.86
17,4,2,35.2,2,1,2,5.0,23,46.33
2,4,2,20.49,0,0,0,5.0,28,2.04
9,2,0,46.81,0,2,0,4.5,21,22.48
6,1,2,42.7,3,1,3,5.0,20,47.82
4,5,1,49.21,0,3,0,3.2,28,25.24
20,1,1,88.52,0,2,0,3.2,6,46.71
14,0,2,48.05,1,0,3,5.0,18,38.22
4,0,0,51.32,1,1,0,4.5,19,19.77
15,6,1,84.8,0,2,3,3.2,8,58.5
9,2,2,78.6,3,2,2,5.0,7,83.94
1,0,2,26.57,0,2,2,5.0,26,22.74
10,6,0,6.16,1,0,3,4.5,38,15.91
4,1,1,61.65,0,0,0,3.2,21,29.34
5,2,0,81.04,1,0,0,4.5,8,48.8
21,0,0,54.76,0,2,0,4.5,18,25.9
17,4,0,24.01,3,0,1,4.5,30,35.66
3,4,1,71.72,3,3,3,3.2,16,77.96
20,5,2,65.26,0,1,0,5.0,12,27.5
13,1,1,55.85,0,1,1,3.2,24,32.54
20,2,1,82.7,3,0,1,3.2,10,60.95
17,6,2,75.58,1,1,0,5.0,9,41.19
8,5,1,65.12,0,3,1,3.2,19,48.19
12,0,2,64.83,0,0,0,5.0,12,31.3
12,4,1,64.6,1,2,0,3.2,19,37.62
17,5,0,52.26,2,0,2,4.5,19,53.68
5,3,1,46.75,2,0,3,3.2,29,42.5
7,4,1,68.86,0,2,1,3.2,17,38.81
5,0,1,59.94,1,2,2,3.2,22,43.25
7,0,2,49.1,1,2,2,5.0,18,39.6
3,0,0,16.4,2,0,3,4.5,33,26.59
0,1,1,68.17,1,0,3,3.2,18,49.42
22,6,1,63.14,0,1,3,3.2,20,49.84
1,4,0,35.8,3,0,3,4.5,26,47.85
21,5,1,37.07,2,3,3,3.2,35,38.24
0,2,2,27.21,1,1,3,5.0,25,26.61
18,6,1,91.57,0,2,2,3.2,5,71.07
7,1,0,82.42,0,0,1,4.5,7,54.87
12,6,0,55.49,3,2,1,4.5,18,31.79
6,0,1,41.15,3,0,2,3.2,32,45.58
11,0,2,71.31,2,1,3,5.0,10,50.34
10,0,0,52.5,0,1,3,4.5,19,40.8
12,5,0,92.83,1,0,2,4.5,3,62.26
9,1,2,9.96,1,0,0,5.0,32,28.7
12,3,0,8.09,0,3,1,4.5,37,1.07
19,3,0,56.17,0,1,2,4.5,18,35.25
10,5,0,23.3,1,2,1,4.5,31,17.51
8,2,2,59.39,1,2,1,5.0,14,49.88
3,0,1,75.33,2,2,1,3.2,14,53.33
8,2,0,17.43,2,2,0,4.5,33,15.08
3,2,0,44.65,1,3,1,4.5,22,27.86
4,5,2,66.98,1,2,1,5.0,12,45.27
22,5,2,80.05,2,1,3,5.0,7,64.67
2,0,0,49.67,0,1,0,4.5,20,12.63
11,5,0,23.55,0,3,1,4.5,31,4.71
20,0,0,57.72,3,1,3,4.5,17,54.72
22,4,2,45.91,0,2,1,5.0,19,21.47
3,2,0,74.47,0,3,1,4.5,10,38.02
3,2,0,55.0,2,0,0,4.5,18,34.95
8,3,1,30.15,2,0,2,3.2,38,37.74
13,2,1,72.9,0,0,3,3.2,15,40.37
23,5,1,51.6,3,0,1,3.2,27,47.89
4,6,2,20.98,0,2,1,5.0,28,12.18
3,5,0,55.68,2,2,2,4.5,18,35.16
6,3,1,90.35,2,1,1,3.2,5,62.5
20,3,1,68.5,3,0,1,3.2,17,50.48
0,3,0,31.89,2,2,3,4.5,27,41.86
9,5,2,68.98,2,0,1,5.0,11,51.89
2,3,1,30.43,0,2,3,3.2,38,28.34
3,3,1,53.84,3,3,1,3.2,25,51.08
22,2,2,52.39,0,1,2,5.0,17,25.9
0,2,0,27.27,1,1,1,4.5,29,24.45
7,3,2,36.31,1,2,2,5.0,22,45.3
21,4,2,89.8,1,0,1,5.0,4,50.92
14,3,0,27.55,2,2,0,4.5,29,19.83
1,5,2,77.09,0,1,2,5.0,8,52.29
11,5,2,65.06,1,1,3,5.0,12,51.18
23,3,1,52.94,1,0,0,3.2,26,37.44
9,6,1,17.38,2,3,2,3.2,45,51.76
12,1,2,23.41,2,1,2,5.0,27,28.88
12,6,0,21.11,3,0,2,4.5,32,21.27
15,2,0,57.81,0,3,0,4.5,17,20.82
4,3,1,92.6,3,3,0,3.2,4,57.27
20,1,2,83.95,1,2,2,5.0,6,68.94
23,3,1,7.27,1,0,2,3.2,51,8.86
3,2,0,29.64,2,3,1,4.5,28,32.69
19,4,1,19.15,0,0,1,3.2,44,23.31
19,0,0,92.81,3,0,2,4.5,3,74.2
17,5,2,26.2,1,2,1,5.0,26,23.21
8,6,1,23.12,3,1,1,3.2,42,44.74
11,3,1,60.88,0,0,2,3.2,22,37.52
20,3,1,55.06,3,2,3,3.2,25,57.92
3,4,2,25.33,1,1,3,5.0,26,24.04
19,1,2,65.33,2,3,0,5.0,12,56.64
22,5,1,13.73,3,0,1,3.2,47,27.56
16,1,1,6.74,0,3,0,3.2,51,13.8
8,4,0,12.42,1,2,3,4.5,35,29.22
13,2,1,37.84,3,0,2,3.2,34,51.36
1,5,1,92.75,0,2,0,3.2,4,56.01
22,5,1,54.25,0,3,3,3.2,25,44.44
8,1,2,72.93,2,0,2,5.0,9,81.69
1,4,2,33.93,0,3,0,5.0,23,15.42
19,3,1,69.74,3,1,0,3.2,17,69.01
15,2,1,91.96,3,3,3,3.2,4,84.34
14,4,0,37.2,0,0,1,4.5,25,19.38
1,6,1,94.92,0,2,2,3.2,3,58.45
18,0,2,62.46,3,3,3,5.0,13,81.06
15,6,2,72.37,2,1,1,5.0,10,64.45
19,5,2,27.7,3,0,0,5.0,25,37.94
19,3,1,62.88,3,1,0,3.2,20,61.14
5,4,2,50.99,1,2,3,5.0,17,42.86
5,2,2,91.08,1,2,2,5.0,3,66.86
22,0,1,86.42,2,1,1,3.2,7,56.24
12,4,0,40.7,2,3,0,4.5,24,33.83
10,5,1,90.22,1,2,2,3.2,5,76.29
6,1,2,84.63,1,2,0,5.0,5,49.87
15,5,1,58.13,1,3,0,3.2,23,44.3
18,5,2,12.39,2,3,2,5.0,31,43.23
0,5,2,19.47,1,1,2,5.0,28,19.25
13,2,0,11.92,1,1,2,4.5,35,15.75
23,2,2,14.72,0,2,3,5.0,30,16.46
6,2,1,92.93,3,2,1,3.2,4,72.6
6,5,2,24.1,2,1,2,5.0,27,20.54
21,6,1,67.18,3,2,1,3.2,18,52.52
1,2,1,62.29,3,2,1,3.2,21,54.71
9,6,0,61.8,2,3,0,4.5,15,36.23
10,3,0,23.6,1,1,3,4.5,31,36.22
19,2,1,57.14,2,3,2,3.2,24,69.78
3,0,1,61.3,2,0,2,3.2,21,50.25
10,4,1,56.34,3,3,0,3.2,24,40.02
3,4,0,21.75,0,0,0,4.5,31,0.0
18,6,1,70.08,0,3,3,3.2,16,53.86
15,5,0,11.59,0,0,2,4.5,35,0.0
11,0,0,58.21,0,3,0,4.5,17,35.69
9,3,1,44.26,2,3,2,3.2,31,39.12
3,5,1,27.53,0,3,3,3.2,40,21.04
22,3,1,77.67,0,3,3,3.2,12,64.85
15,3,2,20.83,1,1,1,5.0,28,12.39
7,5,2,88.97,3,0,1,5.0,4,67.28
9,4,1,84.61,1,3,3,3.2,8,90.37
17,4,2,37.45,1,2,1,5.0,22,40.73
17,3,0,32.46,1,3,2,4.5,27,44.22
11,1,2,17.37,3,2,3,5.0,29,42.54
7,3,1,87.47,1,2,1,3.2,7,67.84
15,6,2,61.48,1,1,2,5.0,13,50.84
15,4,2,7.86,3,1,1,5.0,32,32.42
14,4,2,50.99,1,1,2,5.0,17,29.9
1,0,2,12.72,1,2,0,5.0,31,8.07
11,6,0,56.64,3,2,3,4.5,17,55.35
14,1,0,50.81,1,0,2,4.5,20,30.97
22,6,1,12.46,2,0,0,3.2,48,12.08
12,3,1,78.43,2,0,2,3.2,12,62.34
8,6,0,28.61,0,2,1,4.5,29,29.31
13,6,2,53.73,0,2,3,5.0,16,46.74
4,5,0,62.51,3,0,3,4.5,15,63.27
2,6,2,91.61,1,2,1,5.0,3,50.33
16,4,0,49.44,1,0,2,4.5,20,37.96
23,5,1,87.56,2,3,0,3.2,7,54.07
20,1,2,36.94,0,2,3,5.0,22,41.11
14,0,1,82.17,0,2,2,3.2,10,49.29
0,3,2,26.22,1,2,2,5.0,26,21.68
23,5,2,68.67,3,1,2,5.0,11,52.72
10,5,2,12.98,2,3,1,5.0,30,43.55
6,3,1,93.74,2,2,2,3.2,3,73.45
21,3,2,90.85,2,0,1,5.0,3,65.29
17,4,1,44.8,3,3,2,3.2,30,55.3
17,6,2,52.15,3,2,0,5.0,17,56.4
6,5,2,58.8,0,1,0,5.0,14,14.02
23,0,0,29.75,2,3,3,4.5,28,32.63
10,4,1,65.7,2,0,2,3.2,19,56.57
12,2,2,67.87,0,2,0,5.0,11,36.32
18,5,0,52.26,3,2,0,4.5,19,41.7
15,3,2,18.3,1,3,2,5.0,29,33.73
4,6,0,87.73,3,2,0,4.5,5,60.67
7,3,2,15.35,0,3,1,5.0,30,15.21
8,4,2,61.63,2,1,1,5.0,13,60.82
22,0,0,14.28,2,3,0,4.5,34,10.41
17,6,2,18.15,2,0,1,5.0,29,22.46
8,1,0,6.85,0,3,1,4.5,37,15.2
17,2,1,37.7,0,3,0,3.2,34,14.04
17,5,2,62.56,2,2,2,5.0,13,66.26
9,6,0,51.94,3,0,1,4.5,19,41.51
9,3,0,65.71,2,1,0,4.5,14,43.17
21,3,1,65.75,0,0,0,3.2,19,41.73
13,0,1,17.62,3,3,3,3.2,45,37.7
3,6,0,10.16,1,1,0,4.5,36,3.0
17,0,1,61.28,0,3,3,3.2,21,61.46
14,0,0,63.79,1,3,0,4.5,14,38.7
12,3,0,55.1,0,0,0,4.5,18,17.64
17,0,0,27.12,3,3,2,4.5,29,45.62
21,1,0,77.97,3,1,3,4.5,9,78.47
7,4,2,11.81,0,0,0,5.0,31,11.36
10,4,2,61.91,2,1,1,5.0,13,51.99
4,2,1,15.84,0,2,3,3.2,46,13.52
15,5,2,63.9,1,3,0,5.0,13,34.08
9,4,1,42.6,0,2,0,3.2,32,33.58
8,1,2,69.63,2,0,1,5.0,11,64.55
16,4,0,9.7,0,1,3,4.5,36,23.84
9,4,0,54.96,3,1,3,4.5,18,53.87
11,5,2,18.04,0,2,2,5.0,29,17.96
10,1,0,66.41,1,2,2,4.5,13,62.79
6,1,2,15.8,3,0,0,5.0,29,19.25
3,2,1,11.62,3,0,0,3.2,49,26.49
19,2,1,69.18,0,0,3,3.2,17,50.68
2,6,1,10.72,0,3,2,3.2,49,14.22
7,5,2,25.21,3,2,0,5.0,26,26.62
16,3,0,79.23,3,1,2,4.5,8,80.97
3,3,2,77.87,1,3,2,5.0,8,63.55
15,6,2,81.87,0,0,2,5.0,6,58.12
17,3,2,34.35,0,0,3,5.0,23,40.63
15,1,2,52.52,1,1,2,5.0,17,38.42
7,0,2,74.6,2,0,0,5.0,9,52.0
0,2,1,17.33,0,3,3,3.2,45,21.23
21,4,1,70.2,2,3,0,3.2,16,47.72
7,3,1,13.77,3,2,2,3.2,47,47.12
19,2,2,87.19,0,3,3,5.0,4,82.63
4,3,1,62.36,3,1,0,3.2,21,38.9
3,6,1,49.4,3,0,3,3.2,28,51.64
18,6,0,48.63,1,1,3,4.5,21,47.1
22,1,0,21.32,0,0,2,4.5,31,5.32
20,0,0,36.13,1,3,1,4.5,26,27.88
18,1,1,70.44,1,2,0,3.2,16,61.69
5,5,1,53.68,1,3,2,3.2,25,47.98
21,3,2,52.64,3,1,0,5.0,17,49.99
16,6,1,22.57,0,2,2,3.2,43,21.04
4,4,0,67.13,1,1,0,4.5,13,34.58
3,3,1,40.28,3,1,1,3.2,33,35.2
20,1,0,21.45,0,2,2,4.5,31,15.51
6,2,2,89.94,0,3,0,5.0,4,51.96
18,1,2,50.61,1,2,3,5.0,17,63.06
3,3,0,52.52,3,2,2,4.5,19,58.49
6,1,0,93.32,3,2,0,4.5,3,68.1
6,2,0,37.98,3,1,3,4.5,25,40.23
6,0,1,89.87,3,3,2,3.2,6,71.7
16,5,0,67.54,0,3,3,4.5,13,59.21
21,6,2,61.98,1,1,2,5.0,13,52.53
21,3,0,26.1,2,3,2,4.5,30,30.6
17,3,1,9.66,0,1,1,3.2,50,3.75
4,6,1,44.4,3,2,0,3.2,31,48.31
23,3,0,5.92,2,2,0,4.5,38,8.63
13,4,2,11.39,3,3,1,5.0,31,28.07
13,2,0,58.58,1,3,1,4.5,17,31.67
16,3,2,70.2,2,1,3,5.0,10,73.01
18,3,2,20.12,0,2,2,5.0,28,31.82
22,4,1,70.93,0,2,1,3.2,16,45.71
13,4,2,90.48,2,3,2,5.0,3,69.32
14,3,1,71.89,0,0,2,3.2,15,44.49
17,0,0,75.62,1,2,3,4.5,10,64.2
6,6,0,68.06,3,2,1,4.5,13,61.36
7,6,2,25.23,1,1,0,5.0,26,24.12
15,1,1,37.48,1,1,0,3.2,34,17.49
1,2,2,90.43,1,2,0,5.0,3,47.37
7,6,0,64.51,2,1,2,4.5,14,56.47
17,2,2,76.01,3,0,3,5.0,8,77.39
23,5,2,92.18,2,3,2,5.0,3,68.83
12,5,0,25.83,1,1,3,4.5,30,16.29
9,6,1,33.95,1,0,2,3.2,36,26.39
10,0,2,63.03,0,0,3,5.0,13,53.58
16,3,0,7.19,0,3,1,4.5,37,10.41
13,3,0,56.41,1,1,1,4.5,17,48.46
0,5,0,77.78,1,1,3,4.5,9,57.77
12,1,1,59.94,3,1,2,3.2,22,50.52
9,2,0,31.59,3,0,1,4.5,27,27.42
16,1,1,70.17,0,2,3,3.2,16,65.66
21,5,2,18.14,1,0,3,5.0,29,18.62
23,6,0,85.53,0,3,1,4.5,6,53.81
14,0,0,14.08,0,1,2,4.5,34,9.36
8,1,1,82.71,1,0,1,3.2,10,48.0
10,2,0,49.8,3,1,1,4.5,20,43.38
4,6,0,43.58,0,0,3,4.5,23,21.66
22,3,0,50.06,2,1,2,4.5,20,43.78
20,1,0,23.02,1,0,0,4.5,31,0.0
20,2,2,46.19,2,2,2,5.0,19,46.04
7,4,0,81.47,3,3,2,4.5,7,69.95
7,2,1,77.09,3,1,2,3.2,13,75.97
20,0,2,19.67,3,0,1,5.0,28,28.18
13,5,1,65.61,1,0,2,3.2,19,52.67
16,2,1,82.12,0,3,3,3.2,10,74.04
11,1,1,78.78,3,1,0,3.2,12,53.09
10,5,2,43.31,3,1,2,5.0,20,61.38
15,5,0,9.33,3,0,3,4.5,36,22.21
19,1,0,88.81,1,2,1,4.5,4,69.5
8,0,2,40.63,1,0,1,5.0,21,30.65
19,0,0,37.49,0,3,0,4.5,25,25.16
5,5,0,73.36,1,0,0,4.5,11,28.22
9,4,0,28.76,1,0,1,4.5,28,24.89
21,5,0,80.13,1,2,3,4.5,8,62.43
22,4,0,11.84,3,1,0,4.5,35,10.35
22,2,1,71.66,2,2,0,3.2,16,46.29
7,4,1,91.92,0,0,3,3.2,4,72.82
20,5,0,94.62,2,3,3,4.5,2,69.35
22,2,2,88.14,2,1,0,5.0,4,47.89
23,6,0,83.37,2,3,1,4.5,7,58.63
0,6,2,30.1,3,3,1,5.0,24,34.53
17,5,2,92.0,3,2,1,5.0,3,78.97
23,6,1,88.51,1,1,0,3.2,6,52.19
18,2,1,53.09,1,1,0,3.2,26,44.15
5,0,0,41.19,0,2,2,4.5,24,24.81
18,3,0,14.83,3,0,0,4.5,34,16.34
2,5,2,58.16,3,0,2,5.0,15,47.35
11,5,1,68.05,2,2,0,3.2,18,47.88
15,2,0,41.36,0,0,0,4.5,23,11.81
10,2,2,41.54,2,1,0,5.0,20,34.15
16,3,2,56.6,3,2,1,5.0,15,57.12
5,5,0,7.5,0,1,1,4.5,37,0.0
14,0,0,91.21,2,3,1,4.5,4,62.85
15,2,0,31.09,2,3,1,4.5,28,32.76
15,1,0,17.68,2,0,3,4.5,33,30.54
6,5,1,5.49,2,0,1,3.2,52,5.5
7,3,0,82.12,3,3,3,4.5,7,89.52
6,0,1,82.69,0,0,0,3.2,10,41.21
11,1,0,13.58,2,1,1,4.5,35,15.37
14,0,2,18.7,3,3,0,5.0,28,12.79
8,3,2,45.31,3,2,1,5.0,19,47.32
9,6,1,21.71,1,1,0,3.2,43,10.38
6,3,1,71.22,3,0,0,3.2,16,49.44
5,6,0,10.22,1,1,0,4.5,36,0.0
15,5,0,54.47,1,2,0,4.5,18,26.73
19,6,1,39.45,3,0,1,3.2,33,46.05
6,2,0,46.85,1,2,2,4.5,21,31.14
20,6,1,43.23,1,1,0,3.2,31,25.3
13,1,1,18.78,2,1,2,3.2,45,36.89
4,3,0,24.83,2,3,1,4.5,30,22.43
8,4,1,10.83,3,3,1,3.2,49,29.7
0,2,1,15.38,2,2,3,3.2,47,27.3
0,1,2,93.01,0,2,1,5.0,2,55.93
8,0,0,30.18,0,1,1,4.5,28,16.58
10,0,1,32.63,3,0,0,3.2,37,25.23
19,3,2,16.44,1,1,0,5.0,29,9.82
3,6,0,72.96,0,0,3,4.5,11,49.43
20,1,2,88.17,0,1,2,5.0,4,63.71
5,3,2,76.08,0,1,1,5.0,8,52.98
3,6,1,60.14,0,2,1,3.2,22,34.39
16,5,2,78.19,3,1,2,5.0,8,69.1
18,0,2,41.38,2,1,0,5.0,21,36.61
14,3,0,82.35,2,2,3,4.5,7,59.01
2,1,2,76.87,0,0,3,5.0,8,43.64
2,1,0,5.16,2,0,2,4.5,38,13.81
9,1,0,48.9,3,2,2,4.5,20,59.73
10,4,0,28.82,3,2,0,4.5,28,45.24
23,1,1,12.76,1,3,3,3.2,48,25.36
6,1,2,81.16,2,2,2,5.0,7,57.65
4,1,1,5.72,1,3,3,3.2,52,20.77
22,2,1,70.71,3,2,3,3.2,16,69.88
3,4,0,93.94,3,3,2,4.5,2,74.48
0,2,1,48.38,0,0,1,3.2,28,26.91
10,2,1,38.41,1,2,2,3.2,34,34.86
9,3,1,59.52,0,3,2,3.2,22,51.98
14,4,0,77.42,2,3,1,4.5,9,59.91
21,0,0,26.62,1,1,2,4.5,29,29.68
22,6,2,27.56,2,3,3,5.0,25,40.52
6,6,1,59.65,3,1,0,3.2,22,49.52
23,4,1,89.59,3,0,2,3.2,6,70.99
15,4,0,31.86,0,3,3,4.5,27,25.96
1,4,2,38.91,0,1,1,5.0,21,29.47
22,3,1,94.4,3,0,1,3.2,3,62.93
3,2,1,20.86,0,0,0,3.2,44,0.0
14,2,2,11.93,1,0,1,5.0,31,16.11
18,1,0,58.08,3,3,2,4.5,17,64.64
5,5,1,7.18,1,3,3,3.2,51,17.72
6,2,2,21.24,0,3,2,5.0,28,18.73
11,1,1,61.0,3,0,1,3.2,21,51.33
21,6,0,64.36,2,3,3,4.5,14,62.73
5,3,0,50.94,1,2,0,4.5,20,32.16
15,4,0,39.54,2,1,0,4.5,24,23.93
10,1,1,56.86,2,2,2,3.2,24,66.05
2,1,1,62.9,2,3,3,3.2,20,64.85
17,5,0,77.31,3,1,0,4.5,9,64.6
19,3,2,76.35,3,0,0,5.0,8,57.86
13,1,0,64.83,1,3,2,4.5,14,58.41
4,5,1,85.48,3,0,2,3.2,8,69.48
3,2,2,80.42,3,0,2,5.0,7,50.9
10,4,0,16.99,0,2,1,4.5,33,23.84
12,2,0,91.1,1,3,0,4.5,4,52.66
13,3,0,85.26,2,3,1,4.5,6,58.3
5,5,1,33.88,3,3,1,3.2,36,33.28
12,6,0,6.82,2,3,1,4.5,37,13.45
7,1,2,59.36,2,0,3,5.0,14,57.14
16,4,0,44.46,1,1,0,4.5,22,27.35
19,6,2,72.46,0,2,1,5.0,10,46.84
15,4,1,52.21,3,1,0,3.2,26,39.94
0,1,0,11.88,2,2,2,4.5,35,17.25
23,1,0,27.02,1,1,3,4.5,29,32.0
0,1,0,84.43,3,1,3,4.5,6,74.84
23,0,0,8.39,0,0,0,4.5,37,0.0
0,5,0,71.3,1,2,1,4.5,11,45.06
12,6,1,31.27,3,3,2,3.2,38,40.18
2,3,0,45.74,1,3,0,4.5,22,19.39
2,4,2,52.79,3,1,2,5.0,17,63.83
16,5,0,27.51,3,2,0,4.5,29,37.21
17,2,0,63.68,0,0,0,4.5,15,43.9
2,3,0,67.41,1,2,0,4.5,13,42.72
23,4,0,12.66,3,1,3,4.5,35,27.5
7,2,2,38.65,1,3,2,5.0,21,30.65
7,0,0,71.99,0,2,3,4.5,11,50.4
7,3,0,69.95,0,0,2,4.5,12,50.85
11,5,2,54.01,0,3,3,5.0,16,41.68
4,0,1,74.99,0,2,1,3.2,14,42.65
10,1,0,14.69,1,0,3,4.5,34,10.53
5,1,2,15.64,1,1,0,5.0,30,7.92
1,5,0,64.17,3,0,2,4.5,14,44.13
8,3,0,67.4,2,1,3,4.5,13,60.66
16,3,1,78.31,0,3,3,3.2,12,75.33
18,4,2,21.29,0,3,1,5.0,28,18.68
8,1,0,51.51,0,2,0,4.5,19,23.45
7,4,2,64.47,1,1,2,5.0,12,57.13
18,0,0,25.13,2,1,0,4.5,30,30.46
16,0,2,51.52,0,3,3,5.0,17,51.38
19,5,0,62.46,1,0,2,4.5,15,56.36
21,4,1,24.3,1,3,2,3.2,42,19.75
19,1,1,38.8,0,3,1,3.2,34,26.14
22,3,0,24.47,0,3,0,4.5,30,0.0
9,0,1,86.26,0,2,2,3.2,8,55.67
9,4,2,26.31,0,3,1,5.0,26,27.87
7,5,1,15.88,3,0,1,3.2,46,21.94
5,1,1,8.16,3,3,0,3.2,51,10.01
17,2,2,9.05,2,0,1,5.0,32,25.91
17,1,2,22.24,3,0,3,5.0,27,53.44
19,2,0,59.74,3,0,3,4.5,16,72.74
4,1,2,6.59,3,2,1,5.0,33,27.42
11,1,2,30.81,0,0,0,5.0,24,3.56
5,3,2,10.24,3,2,0,5.0,31,20.57
21,6,2,41.33,1,0,0,5.0,21,21.19
6,5,2,9.37,2,2,0,5.0,32,6.47
3,2,2,59.68,3,0,2,5.0,14,56.13
13,6,0,66.96,1,2,2,4.5,13,36.76
21,1,2,70.82,1,0,3,5.0,10,51.49
21,6,0,25.19,0,3,1,4.5,30,11.99
2,2,1,83.17,0,1,3,3.2,9,68.31
7,3,2,67.13,0,2,0,5.0,12,49.39
3,1,0,10.1,1,1,0,4.5,36,4.2
7,5,2,44.67,3,2,3,5.0,19,61.27
12,2,1,74.1,1,1,3,3.2,14,59.22
6,6,0,32.98,2,0,2,4.5,27,17.21
1,0,0,39.34,0,3,2,4.5,24,21.74
12,3,1,61.66,2,2,2,3.2,21,49.68
1,1,1,9.99,3,1,3,3.2,50,35.54
5,6,1,92.02,1,0,0,3.2,4,54.9
0,2,0,20.7,1,3,0,4.5,32,14.97
2,4,0,7.4,3,1,0,4.5,37,17.73
10,6,0,5.48,2,3,1,4.5,38,18.39
20,3,0,40.96,1,3,0,4.5,24,16.75
18,0,2,84.58,0,3,2,5.0,5,67.62
2,1,0,78.78,3,2,0,4.5,8,51.02
0,1,2,87.08,2,0,2,5.0,5,69.24
8,6,0,53.04,0,0,2,4.5,19,31.74
15,6,1,45.39,2,0,0,3.2,30,25.87
17,3,2,39.73,3,1,1,5.0,21,53.99
19,6,1,9.18,3,2,2,3.2,50,30.7
8,1,0,86.86,0,3,0,4.5,5,57.96
4,4,1,49.66,1,0,2,3.2,28,28.97
0,2,0,45.96,3,2,3,4.5,22,53.98
3,1,2,51.37,3,0,1,5.0,17,44.17
1,1,2,76.47,2,1,0,5.0,8,55.06
20,2,1,25.2,1,0,2,3.2,41,13.8
6,2,1,68.89,3,1,3,3.2,17,59.27
19,1,1,68.97,2,2,1,3.2,17,67.99
13,2,2,81.46,2,2,3,5.0,6,69.24
12,0,1,5.78,3,3,3,3.2,52,33.0
10,6,2,20.34,1,2,1,5.0,28,19.37
19,2,1,47.39,2,1,2,3.2,29,59.16
1,0,0,81.55,0,3,0,4.5,7,42.81
2,4,2,91.86,2,3,2,5.0,3,75.61
10,6,1,58.54,2,3,3,3.2,23,58.02
9,2,2,24.09,3,3,3,5.0,27,56.52
13,5,1,21.61,1,3,0,3.2,43,5.87
17,4,1,62.55,3,0,2,3.2,21,63.03
14,5,1,23.91,2,2,0,3.2,42,9.02
6,2,1,54.78,0,1,1,3.2,25,29.79
7,0,2,80.13,0,1,3,5.0,7,71.12
18,2,1,40.08,0,0,2,3.2,33,36.55
4,6,2,39.06,1,0,1,5.0,21,19.81
12,5,1,8.25,2,3,3,3.2,50,26.79
12,5,0,27.87,3,3,3,4.5,29,40.97
18,6,2,67.84,3,2,0,5.0,11,60.39
17,2,1,37.44,2,0,0,3.2,34,35.67
11,2,2,19.25,1,2,2,5.0,28,16.99
7,6,1,14.52,2,0,3,3.2,47,32.58
8,4,1,13.55,1,2,0,3.2,48,5.26
9,2,2,64.32,0,0,2,5.0,12,51.39
5,1,1,60.14,2,1,3,3.2,22,50.42
15,6,2,51.67,3,0,3,5.0,17,59.94
5,0,1,50.03,0,3,2,3.2,27,22.7
15,0,0,18.78,0,2,3,4.5,32,28.04
18,5,0,50.05,0,3,3,4.5,20,35.79
23,0,2,10.39,0,0,3,5.0,31,6.3
2,1,1,88.33,0,2,2,3.2,6,60.75
18,6,1,10.22,0,1,3,3.2,49,25.05
2,2,2,43.12,0,1,0,5.0,20,16.61
8,5,1,5.05,1,3,0,3.2,52,14.99
4,3,1,75.75,2,0,2,3.2,13,54.43
3,0,2,19.96,0,3,2,5.0,28,17.22
4,1,0,88.24,1,0,3,4.5,5,59.62
1,5,0,8.96,3,1,2,4.5,36,16.38
19,0,2,78.87,0,0,0,5.0,7,35.93
1,4,0,64.1,3,2,3,4.5,14,62.93
9,2,2,27.48,2,2,0,5.0,25,30.42
16,2,0,23.22,2,2,0,4.5,31,32.52
23,6,0,37.19,1,3,2,4.5,25,20.74
20,4,2,79.56,1,3,3,5.0,7,62.58
3,4,1,82.58,1,3,2,3.2,10,70.54
23,2,2,20.78,0,1,0,5.0,28,6.83
15,2,1,36.81,1,0,0,3.2,35,21.44
4,4,0,26.37,3,0,3,4.5,29,39.25
10,0,2,16.04,0,1,1,5.0,29,18.59
22,1,0,63.18,2,2,2,4.5,15,61.88
9,4,0,36.13,2,0,1,4.5,26,33.8
4,4,2,25.28,0,3,0,5.0,26,5.72
21,0,0,82.94,0,3,2,4.5,7,56.61
22,5,1,72.35,2,0,2,3.2,15,50.69
23,3,1,74.64,0,3,1,3.2,14,46.31
22,1,2,8.53,3,2,2,5.0,32,31.07
20,5,0,87.36,0,1,1,4.5,5,38.02
10,6,0,56.73,0,2,2,4.5,17,37.1
4,2,1,50.34,1,2,3,3.2,27,49.9
14,1,1,5.95,1,1,2,3.2,52,8.84
5,2,2,85.79,0,2,1,5.0,5,56.92
11,4,1,53.95,2,0,0,3.2,25,28.86
15,0,0,79.26,1,1,2,4.5,8,46.7
22,3,2,64.0,2,3,2,5.0,13,69.07
6,0,1,76.7,0,0,1,3.2,13,33.04
6,0,2,67.36,0,2,3,5.0,11,51.07
17,3,2,87.89,0,1,1,5.0,4,71.47
0,5,0,25.29,0,1,1,4.5,30,5.64
13,6,1,23.19,3,0,2,3.2,42,37.89
17,0,1,69.13,1,2,0,3.2,17,56.0
13,1,1,50.13,1,2,2,3.2,27,41.39
9,2,0,58.92,2,2,3,4.5,16,61.2
19,4,1,68.77,0,1,3,3.2,17,47.67
8,6,1,54.27,2,2,1,3.2,25,47.53
17,4,0,75.89,2,2,1,4.5,10,64.43
11,3,0,33.7,3,2,1,4.5,27,35.18
0,0,0,82.31,0,2,0,4.5,7,54.23
12,0,2,14.69,0,1,2,5.0,30,14.17
1,1,2,62.06,3,2,1,5.0,13,58.85
22,4,1,85.11,1,2,0,3.2,8,58.94
14,2,1,27.74,0,3,2,3.2,40,26.8
8,1,0,34.42,2,1,2,4.5,26,39.29
11,4,0,32.49,1,1,0,4.5,27,13.14
14,5,2,55.78,3,2,1,5.0,15,46.28
6,3,0,42.16,3,2,3,4.5,23,52.59
6,6,0,14.72,2,1,2,4.5,34,15.99
10,5,2,85.22,0,0,3,5.0,5,66.52
6,5,1,23.42,2,2,1,3.2,42,16.39
18,6,0,53.07,0,2,1,4.5,19,35.29
2,1,1,58.53,3,3,1,3.2,23,64.35
19,5,2,8.67,2,2,1,5.0,32,23.08
8,6,1,13.61,1,2,0,3.2,48,23.89
13,6,1,92.45,3,0,0,3.2,4,62.45
3,4,1,64.81,2,1,3,3.2,19,59.62
9,5,1,8.02,1,0,2,3.2,51,17.09
18,6,2,76.48,0,2,2,5.0,8,56.23
6,5,0,50.77,2,2,2,4.5,20,28.64
3,6,0,11.77,1,3,1,4.5,35,13.05
12,5,0,66.27,0,2,3,4.5,13,56.54
3,2,1,49.94,0,3,1,3.2,28,34.59
7,5,1,23.44,2,2,2,3.2,42,39.2
10,2,1,83.99,3,3,2,3.2,9,83.12
13,5,2,31.22,1,1,0,5.0,24,21.24
15,5,1,30.61,0,2,0,3.2,38,9.14
16,6,0,29.55,2,2,0,4.5,28,28.5
20,4,1,74.07,0,2,1,3.2,14,35.27
1,3,1,68.55,0,2,0,3.2,17,32.59
8,1,1,86.28,2,3,0,3.2,8,70.8
0,4,1,25.64,2,0,3,3.2,41,39.23
0,3,2,75.77,0,1,1,5.0,8,48.82
5,3,0,56.57,0,2,3,4.5,17,31.1
14,4,0,32.78,0,2,1,4.5,27,6.42
21,5,1,8.19,2,2,3,3.2,50,27.61
18,1,0,78.71,2,0,3,4.5,9,67.23
15,3,0,26.7,2,3,3,4.5,29,42.07
18,5,1,61.86,0,2,1,3.2,21,34.32
4,5,1,54.4,3,1,0,3.2,25,39.43
20,5,1,5.4,0,3,1,3.2,52,1.12
21,5,0,94.49,3,1,2,4.5,2,73.61
2,5,2,78.29,3,0,2,5.0,8,56.91
11,6,1,48.78,1,3,2,3.2,28,27.77
19,4,0,66.23,3,1,3,4.5,14,73.27
11,1,0,47.89,2,3,0,4.5,21,35.98
20,3,0,72.01,3,2,1,4.5,11,62.83
22,4,1,17.09,0,0,1,3.2,46,3.33
11,0,1,45.17,0,1,0,3.2,30,24.0
1,5,1,35.2,3,3,2,3.2,36,46.05
8,3,1,46.37,3,3,0,3.2,29,58.06
5,6,2,45.54,2,0,3,5.0,19,42.94
11,1,2,17.88,1,3,0,5.0,29,2.97
14,6,1,92.88,1,3,0,3.2,4,55.3
11,3,2,6.39,1,2,0,5.0,33,5.09
4,4,2,5.91,1,0,3,5.0,33,19.9
7,4,2,38.61,2,2,3,5.0,21,45.02
16,4,0,60.83,3,1,3,4.5,16,67.17
0,6,1,21.17,1,0,3,3.2,43,27.29
5,1,1,52.99,3,3,3,3.2,26,62.0
21,5,0,70.05,0,2,1,4.5,12,32.75
2,6,0,13.47,3,0,0,4.5,35,20.64
9,1,1,93.6,2,1,1,3.2,4,68.18
4,1,1,35.3,2,3,0,3.2,36,36.6
2,3,2,62.82,1,1,0,5.0,13,42.12
10,5,2,14.96,1,1,2,5.0,30,22.28
12,6,0,68.85,1,0,0,4.5,12,30.23
4,5,2,80.64,3,0,1,5.0,7,58.79
1,5,1,14.48,0,3,1,3.2,47,8.01
3,3,1,16.33,2,3,0,3.2,46,13.99
15,4,2,30.29,3,0,2,5.0,24,35.21
20,1,1,6.07,2,2,3,3.2,52,23.57
4,3,0,93.74,2,2,2,4.5,3,67.26
7,1,0,58.85,2,3,0,4.5,16,45.59
8,0,1,59.68,2,2,3,3.2,22,53.34
8,5,0,91.31,2,3,1,4.5,3,69.94
5,5,0,79.88,3,0,1,4.5,8,51.31
1,3,2,78.28,2,0,3,5.0,8,54.39
12,0,0,35.56,3,1,3,4.5,26,41.84
8,0,0,35.14,2,1,1,4.5,26,32.42
8,0,1,31.26,3,3,1,3.2,38,53.88
6,5,0,36.2,3,1,3,4.5,26,38.06
22,1,0,38.26,0,1,0,4.5,25,15.05
14,1,2,17.6,3,2,1,5.0,29,37.0
10,6,1,37.04,2,3,2,3.2,35,42.5
4,6,2,45.21,1,0,1,5.0,19,25.8
19,5,1,32.84,3,2,1,3.2,37,54.59
21,2,1,19.88,0,1,0,3.2,44,5.13
0,4,0,38.61,2,0,1,4.5,25,28.98
22,1,1,48.28,2,3,1,3.2,28,40.35
16,6,0,69.87,3,3,3,4.5,12,79.61
2,0,2,69.01,2,0,1,5.0,11,48.9
18,5,0,23.24,2,3,0,4.5,31,14.07
2,3,0,8.3,2,2,3,4.5,37,21.49
1,5,1,32.34,2,2,1,3.2,37,20.85
2,3,1,19.14,3,1,3,3.2,44,38.52
11,1,0,40.62,3,1,0,4.5,24,24.96
14,5,1,93.14,0,0,0,3.2,4,46.72
9,4,0,21.3,2,0,3,4.5,31,35.76
2,3,2,33.7,1,0,0,5.0,23,9.29
4,2,1,70.26,0,2,0,3.2,16,33.87
20,2,2,50.83,3,0,2,5.0,17,53.64
23,3,2,8.95,3,2,1,5.0,32,30.47
18,1,1,19.55,3,2,1,3.2,44,33.66
2,1,2,89.17,1,1,1,5.0,4,50.48
19,1,0,14.28,1,0,1,4.5,34,27.98
16,0,2,62.16,3,2,1,5.0,13,65.07
12,6,1,76.31,0,3,1,3.2,13,45.56
3,1,2,28.89,0,1,0,5.0,25,5.45
23,1,0,70.26,1,3,0,4.5,12,41.49
10,1,0,20.29,2,1,0,4.5,32,30.61
1,6,2,30.63,1,0,2,5.0,24,24.49
5,3,1,33.06,0,2,2,3.2,37,31.23
9,2,0,94.68,2,3,0,4.5,2,69.01
1,2,1,24.31,3,3,1,3.2,42,27.78
7,0,0,16.63,1,3,2,4.5,33,23.09
11,2,1,88.31,1,0,0,3.2,6,43.24
22,1,2,19.57,1,0,1,5.0,28,15.21
2,5,2,84.14,1,2,3,5.0,6,71.4
13,0,1,63.54,2,3,1,3.2,20,53.11
21,2,1,56.92,1,3,0,3.2,24,34.68
19,5,2,72.62,2,1,2,5.0,10,61.0
22,5,0,70.34,0,1,1,4.5,12,34.88
4,3,0,14.95,2,2,0,4.5,34,3.71
19,1,0,94.95,0,3,0,4.5,2,52.18
23,2,2,89.77,1,0,3,5.0,4,71.79
7,1,1,85.69,3,3,3,3.2,8,89.1
11,4,0,61.01,1,3,2,4.5,16,43.85
12,2,0,52.05,2,0,0,4.5,19,28.33
11,4,0,53.27,1,3,3,4.5,19,50.87
6,4,2,6.34,3,2,1,5.0,33,23.02
23,6,1,49.95,3,3,1,3.2,28,42.26
22,2,0,61.14,3,0,3,4.5,16,52.96
9,6,0,64.28,1,3,1,4.5,14,46.01
19,2,1,34.89,1,0,0,3.2,36,28.78
9,4,1,47.42,2,0,0,3.2,29,38.49
19,4,2,62.27,3,1,3,5.0,13,73.44
14,5,0,43.55,2,2,2,4.5,23,36.47
11,3,0,91.59,2,0,2,4.5,3,63.8
3,5,0,68.49,3,1,2,4.5,13,50.43
15,2,1,5.11,3,1,0,3.2,52,19.32
7,3,2,7.1,1,0,1,5.0,33,11.55
5,3,1,67.13,0,0,3,3.2,18,48.14
4,4,0,42.14,1,0,0,4.5,23,5.05
23,4,1,80.55,2,3,3,3.2,11,72.29
2,0,1,20.57,3,3,1,3.2,44,25.04
19,5,0,6.24,1,2,1,4.5,38,6.5
20,5,2,39.93,0,2,0,5.0,21,29.97
0,0,1,71.25,1,0,2,3.2,16,51.86
14,6,0,92.46,2,0,1,4.5,3,63.35
13,4,1,84.53,0,1,1,3.2,9,54.14
8,0,2,48.57,1,3,2,5.0,18,56.45
16,3,2,78.15,1,1,2,5.0,8,64.83
9,5,0,11.33,3,3,3,4.5,35,48.17
10,1,2,56.5,2,1,2,5.0,15,62.36
10,6,1,88.19,2,1,0,3.2,6,63.13
19,2,1,40.67,2,3,2,3.2,33,55.09
15,1,0,91.41,0,1,0,4.5,3,42.09
9,2,2,24.86,1,2,3,5.0,26,40.37
22,3,2,14.51,3,2,1,5.0,30,26.62
19,4,0,52.23,2,2,2,4.5,19,56.73
22,6,1,86.65,2,2,0,3.2,7,66.36
17,1,2,33.02,3,3,1,5.0,23,42.67
9,6,1,77.01,2,1,2,3.2,13,73.75
18,3,0,20.23,2,1,2,4.5,32,31.08
7,0,2,72.1,0,2,0,5.0,10,53.07
6,6,0,55.13,0,1,0,4.5,18,16.16
10,2,1,20.75,0,0,3,3.2,44,29.21
23,4,1,69.63,1,1,2,3.2,17,50.4
13,4,2,69.24,2,2,3,5.0,11,53.88
9,0,1,51.39,3,2,0,3.2,27,61.56
11,1,2,25.29,1,1,1,5.0,26,13.63
6,4,2,16.91,2,2,2,5.0,29,28.32
15,2,2,91.15,3,1,3,5.0,3,74.96
8,0,2,64.02,2,2,2,5.0,13,55.63
13,0,2,77.83,1,1,2,5.0,8,54.62
8,5,2,67.73,1,3,1,5.0,11,49.87
7,1,2,79.65,2,2,3,5.0,7,71.46
23,0,1,19.62,1,2,1,3.2,44,16.9
8,3,0,49.73,0,1,1,4.5,20,22.56
1,0,0,65.04,2,3,2,4.5,14,54.85
9,4,2,14.31,2,1,3,5.0,30,37.0
12,3,0,18.5,1,3,3,4.5,33,10.83
2,4,2,62.06,0,0,0,5.0,13,24.43
7,3,2,83.18,3,3,3,5.0,6,91.34
3,5,1,64.44,1,3,1,3.2,20,37.26
12,4,2,8.26,2,0,0,5.0,32,10.77
17,2,0,92.34,0,0,3,4.5,3,70.52
23,0,1,17.56,1,3,3,3.2,45,22.75
9,1,2,25.93,2,1,1,5.0,26,33.57
20,0,2,92.75,0,2,0,5.0,3,54.6
5,0,0,74.39,1,0,0,4.5,10,31.46
18,1,2,89.29,2,1,2,5.0,4,77.4
13,1,1,77.6,3,2,0,3.2,12,66.24
18,0,2,63.66,1,3,0,5.0,13,45.31
18,2,1,30.61,0,1,0,3.2,38,23.13
12,3,1,34.42,0,0,3,3.2,36,20.74
6,1,0,90.25,2,1,1,4.5,4,58.69
12,1,1,82.46,2,2,1,3.2,10,64.43
19,0,2,37.35,2,3,1,5.0,22,31.98
23,0,2,38.59,1,3,0,5.0,21,22.5
22,1,0,31.79,0,3,2,4.5,27,24.82
4,3,0,34.35,0,0,3,4.5,26,24.63
14,4,2,82.46,0,2,3,5.0,6,57.0
2,5,1,5.95,1,2,1,3.2,52,0.0
16,4,2,44.24,1,1,0,5.0,20,38.71
23,4,0,89.86,0,3,3,4.5,4,60.51
1,6,1,53.84,2,3,3,3.2,25,57.48
15,1,0,45.54,1,0,3,4.5,22,38.19
22,5,2,33.11,3,3,2,5.0,23,39.77
20,6,2,11.65,1,3,1,5.0,31,18.62
9,3,0,25.2,0,2,3,4.5,30,26.2
2,5,0,13.14,2,1,2,4.5,35,23.17
22,0,2,16.4,2,3,3,5.0,29,42.97
22,6,0,19.72,3,2,1,4.5,32,28.8
13,3,2,32.18,2,3,3,5.0,24,43.24
23,1,2,5.99,1,2,0,5.0,33,19.62
0,0,0,90.51,2,3,0,4.5,4,59.21
14,5,0,16.14,3,1,2,4.5,34,25.25
0,3,2,39.48,2,0,2,5.0,21,37.06
22,2,0,84.16,3,1,2,4.5,6,60.79
16,2,1,14.59,3,3,3,3.2,47,56.76
21,6,0,48.52,3,2,3,4.5,21,47.23
13,2,1,81.03,2,2,2,3.2,10,71.98
1,0,1,55.13,1,2,0,3.2,25,40.38
0,1,2,23.93,3,2,0,5.0,27,30.54
8,1,2,71.2,3,0,0,5.0,10,54.81
17,4,1,66.32,1,1,2,3.2,19,57.25
3,5,1,37.6,0,0,2,3.2,34,4.64
20,5,1,9.17,3,1,3,3.2,50,27.94
5,4,2,5.71,0,2,0,5.0,33,3.0
11,5,0,79.29,3,3,1,4.5,8,58.72
4,2,0,33.94,0,0,1,4.5,26,8.51
11,4,1,17.4,3,2,2,3.2,45,31.48
10,0,2,51.67,2,0,0,5.0,17,48.67
0,3,2,87.87,1,0,3,5.0,4,65.03
13,3,0,5.76,0,3,0,4.5,38,6.76
18,0,0,10.05,3,2,2,4.5,36,31.78
22,3,1,42.53,0,0,3,3.2,32,33.46
7,5,1,65.84,0,0,0,3.2,19,32.43
21,2,1,47.85,3,0,2,3.2,29,60.38
21,3,0,85.78,2,1,2,4.5,6,63.54
23,2,2,8.97,0,0,3,5.0,32,25.36
8,1,2,35.61,1,2,2,5.0,23,38.31
20,0,2,36.62,2,1,3,5.0,22,52.17
13,2,1,35.61,2,2,1,3.2,35,33.69
1,5,0,48.89,1,0,0,4.5,20,23.51
6,6,1,76.15,1,0,2,3.2,13,43.11
16,4,0,33.61,0,0,3,4.5,27,34.84
3,4,0,72.0,0,0,1,4.5,11,28.37
10,4,1,18.18,3,0,3,3.2,45,44.74
18,3,1,55.47,0,1,3,3.2,24,43.12
3,2,0,38.76,3,3,2,4.5,24,43.87
11,4,2,53.53,0,2,3,5.0,16,49.59
5,5,0,14.7,3,1,2,4.5,34,26.29
12,2,1,90.81,1,3,3,3.2,5,66.54
5,3,1,86.56,3,3,1,3.2,7,60.98
23,3,1,79.38,3,3,2,3.2,11,76.42
1,1,2,85.35,1,3,0,5.0,5,62.83
23,2,2,18.2,2,2,0,5.0,29,11.75
19,0,2,50.33,1,3,2,5.0,17,66.23
20,3,1,33.61,3,1,2,3.2,37,41.11
20,4,0,84.86,3,3,0,4.5,6,49.2
4,4,1,22.05,3,0,0,3.2,43,11.7
22,6,1,24.8,2,1,0,3.2,41,20.44
14,0,1,66.8,1,3,2,3.2,18,54.46
23,5,1,13.0,0,0,1,3.2,48,8.88
21,5,0,70.91,2,2,0,4.5,12,34.37
13,3,1,29.13,0,1,3,3.2,39,26.65
8,1,2,64.48,2,0,2,5.0,12,60.07
2,2,1,83.57,3,0,0,3.2,9,58.13
2,4,2,59.87,0,2,2,5.0,14,38.95
9,6,2,24.14,3,2,3,5.0,27,46.36
19,4,2,9.42,2,2,1,5.0,32,28.89
12,3,0,9.02,0,0,3,4.5,36,9.95
11,4,2,12.99,2,1,1,5.0,30,19.56
5,0,1,57.18,0,0,0,3.2,24,31.91
13,4,1,36.34,2,0,0,3.2,35,16.68
15,0,1,26.88,2,1,0,3.2,40,9.21
23,6,0,24.74,2,2,1,4.5,30,25.61
17,6,2,90.37,1,1,1,5.0,3,59.18
14,3,1,15.69,0,0,1,3.2,46,2.43
21,2,2,32.43,1,0,1,5.0,24,17.79
10,5,2,47.43,3,1,3,5.0,18,56.63
22,4,1,5.04,3,1,0,3.2,52,3.88
8,4,2,87.89,0,3,3,5.0,4,69.94
3,3,1,13.92,1,2,0,3.2,47,12.01
10,1,1,66.42,3,3,3,3.2,18,78.95
3,0,2,61.6,1,0,0,5.0,13,36.35
2,1,2,77.82,0,1,0,5.0,8,35.86
21,3,2,63.62,3,0,0,5.0,13,51.85
19,2,2,74.24,1,0,1,5.0,9,53.2
5,3,1,42.91,2,3,3,3.2,31,37.83
20,1,2,48.98,1,1,1,5.0,18,35.18
1,6,0,68.15,2,2,0,4.5,13,44.53
6,2,2,56.16,1,1,2,5.0,15,39.73
16,5,1,51.04,2,0,2,3.2,27,58.13
7,2,1,23.5,1,3,2,3.2,42,29.88
17,3,2,28.23,2,2,2,5.0,25,48.55
20,4,0,37.26,0,2,3,4.5,25,39.46
1,1,2,5.84,0,2,0,5.0,33,0.0
0,1,1,42.56,2,1,1,3.2,32,33.81
22,2,1,5.25,0,1,2,3.2,52,5.11
12,5,0,55.85,3,3,2,4.5,18,61.33
12,1,1,68.36,3,0,3,3.2,17,68.58
11,3,2,55.59,1,1,3,5.0,16,61.02
10,4,0,67.42,1,1,3,4.5,13,60.69
16,4,1,5.0,2,2,0,3.2,52,14.69
13,3,2,10.35,0,3,2,5.0,31,10.47
3,0,1,67.86,3,3,3,3.2,18,72.13
15,0,1,77.26,0,2,1,3.2,13,34.29
16,3,1,69.59,1,0,2,3.2,17,56.49
2,5,0,64.67,0,3,0,4.5,14,25.17
9,0,1,68.66,3,1,0,3.2,17,61.26
18,6,2,71.56,0,1,0,5.0,10,53.81
14,4,1,70.19,1,3,3,3.2,16,61.62
3,0,1,71.42,3,1,3,3.2,16,58.43
0,2,0,11.66,1,1,3,4.5,35,12.23
13,1,2,10.69,0,3,1,5.0,31,10.24
11,6,2,37.5,0,1,3,5.0,22,29.04
23,3,2,52.48,2,2,0,5.0,17,47.57
12,2,1,73.64,0,0,0,3.2,15,40.56
22,1,1,35.12,1,3,1,3.2,36,34.18
5,3,1,29.76,2,1,0,3.2,39,20.49
10,0,0,75.33,1,2,2,4.5,10,66.83
3,1,0,27.44,3,2,2,4.5,29,30.24
13,1,1,78.88,2,1,0,3.2,12,57.85
4,4,1,20.94,0,1,0,3.2,43,2.76
11,4,0,37.35,3,0,1,4.5,25,23.36
8,3,2,41.1,3,1,0,5.0,21,46.64
4,0,1,31.96,0,1,3,3.2,37,36.12
2,2,2,5.3,1,1,1,5.0,33,5.02
12,5,0,26.2,1,1,1,4.5,30,21.68
22,1,0,35.39,1,2,0,4.5,26,7.41
4,1,0,33.23,1,3,2,4.5,27,21.85
9,0,2,75.7,3,3,2,5.0,9,77.67
5,5,0,9.26,2,3,3,4.5,36,21.05
19,0,2,40.01,3,2,2,5.0,21,53.48
9,4,2,8.38,1,1,1,5.0,32,18.07
23,6,0,88.76,2,2,0,4.5,4,49.17
5,4,1,76.12,0,0,1,3.2,13,39.75
1,2,0,93.39,1,3,2,4.5,3,66.68
13,1,1,86.91,2,2,0,3.2,7,55.06
15,0,0,33.42,0,0,0,4.5,27,5.51
23,1,2,67.24,3,1,0,5.0,11,46.79
20,6,2,32.59,1,1,0,5.0,24,7.81
21,1,0,84.94,0,1,0,4.5,6,43.58
15,0,0,41.97,3,0,1,4.5,23,45.07
8,5,2,38.83,0,0,2,5.0,21,36.22
10,2,1,87.27,1,1,1,3.2,7,66.75
3,2,1,80.31,0,1,0,3.2,11,37.1
10,5,2,91.98,2,3,1,5.0,3,72.01
8,3,0,10.98,3,1,0,4.5,36,27.06
0,6,2,26.9,0,1,2,5.0,26,2.99
4,3,1,32.08,1,3,0,3.2,37,19.12
12,4,1,43.19,1,3,1,3.2,31,38.04
8,6,1,47.58,2,0,3,3.2,29,45.46
23,3,2,31.23,1,0,2,5.0,24,28.84
11,1,1,76.14,2,0,3,3.2,13,67.18
23,6,0,25.09,2,1,1,4.5,30,8.97
15,1,0,67.69,0,2,3,4.5,13,47.69
0,0,2,81.66,2,1,2,5.0,6,60.49
4,4,1,59.33,2,0,2,3.2,22,51.59
16,6,0,36.87,3,0,2,4.5,25,48.3
13,0,0,21.91,2,2,2,4.5,31,28.72
7,5,0,17.09,3,1,0,4.5,33,21.88
12,5,2,71.98,1,0,1,5.0,10,43.62
21,6,2,47.22,2,2,2,5.0,18,35.76
9,2,1,9.17,3,2,1,3.2,50,30.46
1,1,0,93.55,0,1,3,4.5,3,55.81
7,3,1,65.42,2,3,2,3.2,19,72.99
22,0,0,80.98,3,3,0,4.5,8,62.68
18,5,1,44.44,2,0,2,3.2,31,50.9
20,4,1,90.99,3,3,2,3.2,5,90.83
21,3,2,22.96,1,0,1,5.0,27,13.91
2,3,0,21.66,3,1,3,4.5,31,32.4
6,4,0,85.13,2,3,1,4.5,6,58.48
1,3,0,85.25,1,3,0,4.5,6,39.56
0,5,1,49.91,0,0,0,3.2,28,8.05
20,6,1,16.32,0,0,3,3.2,46,16.78
22,6,0,32.47,1,0,1,4.5,27,5.75
3,4,2,72.87,3,1,1,5.0,9,53.05
17,5,1,81.14,1,1,1,3.2,10,59.42
12,2,2,36.29,1,1,2,5.0,22,28.85
1,0,1,10.51,1,1,2,3.2,49,20.31
21,2,0,64.92,1,2,3,4.5,14,51.89
20,6,0,71.55,3,3,3,4.5,11,61.74
13,0,1,43.16,1,2,3,3.2,31,48.45
16,3,1,57.48,1,1,1,3.2,23,52.83
9,1,2,93.86,2,2,2,5.0,2,72.92
19,3,2,27.05,2,2,1,5.0,26,39.77
10,1,0,56.57,1,3,2,4.5,17,46.78
23,5,0,59.99,0,3,2,4.5,16,31.62
1,5,0,54.42,2,1,1,4.5,18,46.49
4,5,0,83.22,2,3,3,4.5,7,68.18
23,4,0,59.45,2,3,1,4.5,16,43.97
6,1,0,50.71,2,0,3,4.5,20,45.5
7,3,1,16.07,2,2,3,3.2,46,45.16
18,0,0,68.29,3,0,0,4.5,13,50.79
4,2,0,16.89,0,1,1,4.5,33,0.64
12,3,0,7.39,0,0,1,4.5,37,0.07
6,4,2,48.97,3,1,3,5.0,18,47.17
4,0,1,56.52,3,2,2,3.2,24,63.25
23,5,2,94.91,1,1,0,5.0,2,42.33
4,3,0,69.11,2,0,3,4.5,12,54.6
2,6,0,81.37,1,1,0,4.5,7,30.32
16,3,1,36.17,3,2,1,3.2,35,42.96
20,3,1,50.8,1,3,0,3.2,27,40.59
3,4,0,92.68,3,0,0,4.5,3,65.88
16,5,0,42.56,1,1,2,4.5,23,44.56
12,1,1,77.66,1,0,0,3.2,12,34.68
19,3,0,52.34,2,0,0,4.5,19,33.2
3,0,1,25.16,1,0,3,3.2,41,29.56
23,3,2,57.24,0,3,1,5.0,15,40.47
14,5,1,24.63,0,3,2,3.2,41,13.93
20,6,1,5.27,3,2,3,3.2,52,24.79
8,1,1,26.23,1,1,0,3.2,41,14.82
22,2,2,22.38,0,3,3,5.0,27,36.52
15,3,1,38.38,3,1,0,3.2,34,30.28
3,2,1,84.97,3,2,3,3.2,8,80.56
22,1,2,39.91,1,2,1,5.0,21,30.43
19,2,0,81.07,2,2,0,4.5,8,67.26
7,2,0,55.01,3,1,0,4.5,18,41.38
13,3,1,5.69,0,1,1,3.2,52,7.5
9,6,0,21.99,1,1,2,4.5,31,15.7
13,3,0,88.82,2,2,2,4.5,4,73.36
23,2,0,59.38,2,2,2,4.5,16,38.44
21,4,2,88.66,1,1,0,5.0,4,50.66
5,5,1,32.91,0,2,3,3.2,37,37.01
23,3,2,69.49,3,0,1,5.0,11,59.58
10,3,0,74.48,2,1,0,4.5,10,55.29
16,1,1,92.81,3,3,3,3.2,4,90.88
18,6,1,6.64,1,2,3,3.2,51,22.72
11,6,1,90.7,2,2,0,3.2,5,66.45
10,1,2,40.24,1,3,1,5.0,21,42.95
10,2,2,80.42,1,2,3,5.0,7,78.23
20,1,1,54.02,2,2,2,3.2,25,50.26
9,6,2,55.82,3,1,0,5.0,15,47.21
6,0,0,37.34,3,3,2,4.5,25,48.14
8,1,0,79.56,2,2,0,4.5,8,59.36
4,2,2,28.76,0,2,1,5.0,25,16.3
9,3,0,49.3,2,0,0,4.5,20,27.23
2,1,0,55.42,3,3,2,4.5,18,60.04
2,3,0,71.83,1,1,3,4.5,11,56.32
17,5,0,47.45,2,1,0,4.5,21,31.94
1,5,1,66.23,1,0,2,3.2,19,51.32
13,0,0,48.68,0,0,0,4.5,21,16.71
18,0,1,64.34,2,0,3,3.2,20,69.17
17,0,2,65.67,1,0,0,5.0,12,50.98
10,6,0,68.85,2,0,1,4.5,12,53.94
4,4,2,79.1,2,1,0,5.0,7,53.43
22,3,1,53.67,3,3,3,3.2,25,61.98
20,5,1,22.4,3,3,0,3.2,43,36.16
14,4,1,66.17,2,0,2,3.2,19,48.81
2,1,0,11.94,0,1,0,4.5,35,0.0
0,3,0,24.71,2,3,2,4.5,30,29.49
7,4,1,76.29,3,2,3,3.2,13,85.73
3,0,2,44.16,1,3,3,5.0,20,52.79
20,4,1,49.82,2,1,0,3.2,28,32.27
4,3,1,93.87,3,0,3,3.2,3,85.48
6,0,1,26.17,1,0,1,3.2,41,18.66
23,1,1,6.76,1,2,2,3.2,51,10.85
19,3,0,15.02,1,0,3,4.5,34,35.23
5,2,1,27.01,3,1,0,3.2,40,30.42
9,2,2,70.33,1,1,1,5.0,10,51.38
12,4,0,74.82,1,3,3,4.5,10,66.07
15,2,2,55.89,2,3,0,5.0,15,36.95
22,3,2,27.95,2,1,1,5.0,25,26.7
20,5,0,51.96,3,2,2,4.5,19,44.72
23,0,1,6.35,3,1,3,3.2,52,34.36
0,2,2,66.36,3,3,1,5.0,12,56.68
5,0,1,60.29,3,1,1,3.2,22,56.67
13,6,2,6.96,1,2,3,5.0,33,21.94
1,1,2,78.53,1,3,0,5.0,8,46.98
8,5,1,73.71,2,0,1,3.2,14,68.44
3,1,2,32.74,2,0,1,5.0,24,23.16
22,2,2,62.18,2,1,1,5.0,13,38.69
1,4,2,59.13,0,3,2,5.0,14,47.98
3,5,2,17.89,0,2,0,5.0,29,0.0
4,1,0,22.39,0,0,1,4.5,31,14.05
3,1,0,66.49,1,1,3,4.5,13,51.12
13,6,0,89.02,3,2,3,4.5,4,66.42
8,2,0,56.87,3,3,3,4.5,17,63.05
21,1,2,56.1,3,1,2,5.0,15,45.25
6,5,1,63.2,2,0,2,3.2,20,50.76
12,0,1,44.65,0,0,0,3.2,30,9.1
15,6,0,9.88,3,0,0,4.5,36,10.12
15,6,2,40.69,3,0,2,5.0,21,39.03
19,5,1,86.02,3,1,1,3.2,8,72.1
4,2,2,77.45,1,1,3,5.0,8,64.19
12,0,0,88.47,0,1,0,4.5,5,44.8
19,2,0,18.75,3,3,3,4.5,32,54.85
20,2,0,50.54,0,1,0,4.5,20,14.59
14,6,0,57.63,3,2,1,4.5,17,44.98
15,4,2,23.89,3,2,1,5.0,27,28.59
20,6,1,23.09,3,0,3,3.2,42,36.24
14,5,1,75.38,2,3,2,3.2,14,57.21
22,5,0,65.47,3,1,0,4.5,14,39.78
3,0,0,63.25,3,3,3,4.5,15,61.97
8,0,2,29.03,3,0,2,5.0,25,46.73
2,0,2,50.61,1,3,0,5.0,17,32.81
2,4,2,7.08,2,2,3,5.0,33,30.47
11,1,2,16.7,3,0,0,5.0,29,18.06
5,6,1,51.64,0,3,1,3.2,27,26.28
9,0,0,32.87,0,2,0,4.5,27,18.99
10,6,2,91.91,1,3,0,5.0,3,56.69
14,4,2,47.43,1,0,2,5.0,18,39.34
22,0,1,12.52,3,3,2,3.2,48,30.51
20,0,0,6.61,3,3,1,4.5,37,20.92
9,2,2,70.27,0,1,1,5.0,10,49.27
7,2,2,20.44,1,1,2,5.0,28,39.49
18,2,0,21.9,3,1,0,4.5,31,31.62
2,3,0,43.14,2,1,0,4.5,23,26.41
12,0,2,28.77,0,3,0,5.0,25,9.67
10,0,0,60.49,2,3,0,4.5,16,53.16
4,4,2,48.71,3,0,3,5.0,18,52.51
14,6,2,15.03,1,0,2,5.0,30,4.51
7,1,0,75.63,1,0,0,4.5,10,44.22
4,6,0,43.33,2,2,2,4.5,23,37.22
15,2,1,59.98,3,1,1,3.2,22,47.04
4,2,1,5.35,2,3,0,3.2,52,10.1
16,0,2,61.38,3,3,3,5.0,14,77.15
3,2,1,30.46,3,0,3,3.2,38,42.46
10,3,0,49.49,1,2,3,4.5,20,57.73
19,4,2,31.79,1,3,3,5.0,24,40.24
5,1,2,94.66,2,3,2,5.0,2,88.03
18,1,1,25.78,0,2,3,3.2,41,35.66
17,3,2,87.16,0,1,2,5.0,4,68.94
21,0,2,87.62,0,3,0,5.0,4,49.48
4,1,2,42.89,3,1,0,5.0,20,25.83
17,4,2,32.36,3,3,3,5.0,24,54.08
22,6,1,39.29,3,1,1,3.2,33,33.11
18,4,0,94.04,0,3,2,4.5,2,75.44
4,1,1,60.69,1,3,0,3.2,22,30.53
19,6,2,54.03,1,2,1,5.0,16,40.16
2,3,2,8.23,0,0,0,5.0,32,0.0
14,5,2,81.31,1,0,0,5.0,7,44.72
11,1,1,12.54,1,3,0,3.2,48,11.89
12,4,1,9.23,3,3,0,3.2,50,13.27
12,0,0,29.74,0,2,2,4.5,28,9.41
0,4,0,47.82,3,3,0,4.5,21,42.02
12,1,0,85.58,3,3,0,4.5,6,69.95
22,6,2,76.11,0,1,2,5.0,8,43.83
10,0,2,22.79,1,3,0,5.0,27,17.42
6,4,0,38.49,1,3,2,4.5,25,29.59
23,0,1,75.22,3,1,3,3.2,14,74.66
2,4,1,52.44,3,0,3,3.2,26,54.92
11,3,0,20.7,3,2,0,4.5,32,28.99
12,6,1,40.64,1,1,0,3.2,33,25.04
11,4,1,61.33,3,1,2,3.2,21,59.42
22,2,2,92.59,3,2,1,5.0,3,61.34
10,0,2,64.56,2,3,1,5.0,12,56.42
23,4,0,6.46,0,0,1,4.5,37,0.0
1,3,1,68.45,1,3,2,3.2,17,50.23
17,0,2,27.58,0,1,1,5.0,25,25.81
14,4,2,82.59,3,2,0,5.0,6,62.98
5,1,2,39.55,1,3,0,5.0,21,16.19
5,1,2,22.97,2,0,0,5.0,27,21.22
17,0,0,47.12,1,0,1,4.5,21,35.99
15,2,2,27.97,3,3,3,5.0,25,50.03
14,1,2,26.22,3,1,3,5.0,26,47.27
1,0,2,56.59,1,3,1,5.0,15,37.22
14,3,2,74.06,1,1,0,5.0,9,50.21
23,1,0,80.15,0,2,0,4.5,8,37.27
0,0,0,40.79,0,2,3,4.5,24,40.13
11,3,1,11.01,3,3,1,3.2,49,20.41
11,0,1,48.56,3,2,3,3.2,28,66.58
21,6,0,44.04,3,2,2,4.5,22,37.16
6,3,0,22.73,2,1,3,4.5,31,45.57
11,6,2,85.65,0,1,0,5.0,5,34.8
17,6,1,92.67,0,1,3,3.2,4,78.43
1,6,0,9.66,2,1,2,4.5,36,11.82
19,3,1,76.62,1,3,1,3.2,13,68.47
19,2,1,63.11,0,0,2,3.2,20,49.17
17,5,0,28.53,0,2,1,4.5,29,13.16
15,0,2,62.16,2,2,2,5.0,13,37.85
17,5,1,16.58,3,3,3,3.2,46,62.24
18,2,0,11.25,1,2,3,4.5,36,29.8
21,0,0,94.41,3,1,3,4.5,2,61.53
10,1,2,62.27,1,0,1,5.0,13,49.01
10,1,0,27.79,2,1,3,4.5,29,45.44
15,0,0,45.5,0,1,3,4.5,22,27.6
4,4,1,90.51,2,0,0,3.2,5,53.03
20,0,1,44.49,1,2,1,3.2,31,32.23
18,5,0,86.04,3,1,2,4.5,6,82.82
15,3,1,83.19,1,3,1,3.2,9,58.88
7,5,0,35.97,0,0,0,4.5,26,21.45
8,2,1,67.64,0,3,2,3.2,18,62.93
10,0,0,64.44,1,1,1,4.5,14,44.89
15,1,1,74.41,1,1,2,3.2,14,44.92
18,4,2,37.93,1,1,0,5.0,22,29.86
16,5,2,9.7,2,3,0,5.0,32,24.65
22,1,0,20.39,3,2,2,4.5,32,31.74
23,2,0,60.49,2,0,3,4.5,16,54.66
16,6,0,74.76,1,3,2,4.5,10,66.1
8,5,1,73.04,2,0,3,3.2,15,71.16
14,2,1,57.53,3,1,3,3.2,23,59.83
10,1,2,12.63,0,2,1,5.0,31,18.84
15,2,2,6.56,0,2,0,5.0,33,12.06
19,3,2,75.39,0,1,2,5.0,9,49.45
8,3,0,54.44,3,3,2,4.5,18,64.71
12,1,0,75.44,3,3,3,4.5,10,82.79
1,0,2,19.65,1,3,2,5.0,28,18.4
17,3,2,41.67,3,1,3,5.0,20,68.02
11,5,0,87.73,2,3,3,4.5,5,76.96
11,1,0,20.44,3,0,2,4.5,32,18.54
12,2,2,10.54,3,3,2,5.0,31,36.35
5,1,1,63.81,3,2,0,3.2,20,49.17
14,1,2,58.51,1,2,3,5.0,15,51.52
17,4,1,90.68,2,0,2,3.2,5,76.43
8,2,2,86.58,0,3,3,5.0,5,80.4
3,1,2,72.45,3,1,0,5.0,10,52.97
9,6,0,6.72,1,2,0,4.5,37,2.48
4,1,0,48.23,1,0,2,4.5,21,29.33
8,1,2,85.65,2,3,1,5.0,5,70.96
15,6,0,44.03,3,1,2,4.5,22,34.1
2,3,0,91.59,2,3,1,4.5,3,61.68
17,0,2,63.72,3,3,2,5.0,13,74.19
5,2,0,14.85,2,2,2,4.5,34,24.51
21,3,0,50.83,3,0,0,4.5,20,41.78
17,1,0,67.61,2,1,3,4.5,13,68.57
6,3,1,10.88,1,2,1,3.2,49,8.86
13,4,1,36.02,3,2,2,3.2,35,38.64
2,1,2,69.54,1,2,2,5.0,11,54.69
2,5,2,19.14,2,0,2,5.0,28,21.46
22,3,1,36.35,1,2,1,3.2,35,26.89
19,6,2,67.09,1,0,0,5.0,12,45.04
3,0,0,74.8,1,1,0,4.5,10,42.06
6,2,1,51.67,1,0,3,3.2,27,45.39
4,5,0,91.12,3,2,0,4.5,4,58.61
9,6,0,88.28,3,2,0,4.5,5,61.15
6,1,2,47.61,2,3,3,5.0,18,49.85
7,6,0,19.42,0,1,0,4.5,32,9.93
12,1,1,74.56,0,0,1,3.2,14,38.39
4,2,1,26.88,0,0,1,3.2,40,3.51
21,2,0,80.85,2,3,2,4.5,8,70.47
17,2,2,57.84,3,3,2,5.0,15,64.36
18,6,0,40.47,1,0,2,4.5,24,34.59
4,5,0,55.07,1,2,2,4.5,18,40.08
16,5,1,52.95,2,1,3,3.2,26,59.62
20,1,0,88.23,3,1,2,4.5,5,55.06
4,6,2,24.29,1,2,2,5.0,26,25.58
18,3,0,88.53,1,3,3,4.5,5,85.55
8,4,0,7.82,2,0,0,4.5,37,15.58
18,4,0,74.23,3,3,3,4.5,10,68.38
11,4,0,87.77,2,0,0,4.5,5,63.44
19,4,0,40.46,2,2,1,4.5,24,33.92
3,3,1,11.58,2,0,0,3.2,49,2.12
9,4,0,77.42,0,0,2,4.5,9,56.19
6,6,0,80.86,3,0,3,4.5,8,68.73
5,2,0,35.26,0,3,1,4.5,26,19.26
7,3,0,51.67,1,2,2,4.5,19,42.72
9,1,1,77.85,1,2,1,3.2,12,68.96
3,2,2,22.28,2,0,3,5.0,27,32.28
16,5,0,61.61,0,3,3,4.5,15,43.19
13,4,2,43.76,0,3,2,5.0,20,41.06
19,1,2,20.7,3,1,1,5.0,28,39.84
16,3,0,79.83,1,3,3,4.5,8,79.14
3,5,1,34.22,2,0,0,3.2,36,23.04
1,0,1,89.1,2,1,3,3.2,6,89.23
10,0,1,56.2,2,0,3,3.2,24,58.77
11,2,0,51.31,2,0,2,4.5,19,40.03
5,4,1,43.1,2,3,2,3.2,31,49.4
18,2,0,41.06,3,1,1,4.5,24,44.38
13,5,2,78.62,3,2,1,5.0,7,66.72
17,5,1,65.98,1,3,0,3.2,19,31.42
2,3,0,74.63,0,3,1,4.5,10,41.91
19,2,1,42.9,3,1,2,3.2,31,56.36
4,0,2,28.53,1,1,1,5.0,25,20.36
10,5,2,12.82,1,0,3,5.0,31,20.57
10,6,0,74.9,0,3,3,4.5,10,63.93
19,3,2,42.37,2,3,2,5.0,20,51.88
6,3,0,50.83,2,2,1,4.5,20,39.26
5,5,0,47.24,3,1,1,4.5,21,36.74
8,4,0,43.8,2,3,2,4.5,22,52.45
8,0,2,66.55,2,1,2,5.0,12,71.75
4,4,2,59.79,2,1,0,5.0,14,41.37
4,6,1,92.48,3,3,1,3.2,4,78.04
5,5,2,17.5,3,1,1,5.0,29,24.51
11,3,0,56.62,3,3,1,4.5,17,46.56
8,3,0,10.69,1,0,0,4.5,36,5.71
9,1,2,77.71,1,1,3,5.0,8,67.58
17,4,2,60.47,0,1,1,5.0,14,47.49
5,1,0,43.55,3,1,2,4.5,23,43.83
21,2,0,77.2,2,3,0,4.5,9,45.62
18,1,1,45.95,3,1,1,3.2,30,51.94
4,2,0,25.5,3,3,0,4.5,30,16.27
7,2,2,47.53,1,0,1,5.0,18,37.37
4,0,2,11.37,0,1,3,5.0,31,16.04
6,5,0,85.81,0,1,2,4.5,6,58.32
8,3,0,70.79,3,2,3,4.5,12,83.08
3,6,2,73.43,1,0,1,5.0,9,36.6
0,1,1,83.7,1,1,3,3.2,9,66.77
10,4,0,76.24,3,2,0,4.5,10,63.05
16,1,0,43.87,1,1,3,4.5,22,45.6
7,3,2,15.68,3,3,2,5.0,30,42.02
20,3,2,38.6,2,1,0,5.0,21,25.59
8,3,0,89.07,3,3,2,4.5,4,93.74
21,4,2,90.42,0,0,1,5.0,3,47.37
5,5,0,74.11,1,3,0,4.5,10,41.61
12,2,0,23.4,0,1,3,4.5,31,3.48
18,5,1,22.5,0,0,2,3.2,43,26.26
1,1,1,84.18,3,2,2,3.2,9,81.42
22,2,2,17.77,2,0,2,5.0,29,17.98
8,2,2,57.57,1,0,0,5.0,15,35.79
11,6,0,39.04,1,2,1,4.5,24,24.8
15,0,1,32.18,0,3,2,3.2,37,26.48
15,2,2,65.96,0,1,1,5.0,12,40.14
0,2,1,91.36,3,2,3,3.2,5,82.53
20,5,0,74.99,0,0,1,4.5,10,44.72
14,3,0,48.75,1,0,1,4.5,20,22.9
23,6,1,44.66,0,3,1,3.2,30,41.71
11,5,1,86.69,3,0,0,3.2,7,65.39
14,4,1,57.03,0,1,3,3.2,24,48.08
10,5,0,49.7,1,2,0,4.5,20,24.69
21,1,0,66.46,3,0,1,4.5,13,54.95
19,3,1,26.34,2,3,3,3.2,41,53.79
21,4,2,10.74,1,2,3,5.0,31,10.97
12,1,1,81.96,2,1,0,3.2,10,45.55
18,0,1,59.65,1,3,1,3.2,22,55.92
8,0,2,19.84,1,2,2,5.0,28,30.75
11,5,2,31.82,2,2,2,5.0,24,30.52
18,4,2,94.09,1,0,1,5.0,2,74.49
1,1,1,62.1,3,0,2,3.2,21,51.43
17,5,2,62.25,1,0,3,5.0,13,54.45
0,4,1,11.49,3,2,3,3.2,49,31.16
13,5,1,92.21,0,3,3,3.2,4,68.9
11,6,1,85.35,2,3,3,3.2,8,63.27
11,6,2,54.3,2,2,3,5.0,16,49.46
11,1,2,32.85,2,0,2,5.0,24,22.85
11,5,0,67.82,1,2,3,4.5,13,48.37
9,2,2,80.0,2,2,1,5.0,7,72.0
10,2,0,75.75,0,2,2,4.5,10,58.91
13,4,1,92.93,2,2,3,3.2,4,74.87
18,4,2,62.32,3,2,0,5.0,13,62.91
13,2,1,33.91,1,2,3,3.2,36,35.82
15,6,0,49.81,0,1,3,4.5,20,39.66
20,1,1,78.47,2,0,3,3.2,12,65.54
23,0,1,28.88,3,0,3,3.2,39,23.97
2,0,1,25.83,1,3,0,3.2,41,22.75
17,5,0,70.24,0,1,1,4.5,12,39.93
5,2,1,45.0,1,1,0,3.2,30,23.6
4,3,0,78.49,3,1,2,4.5,9,66.11
19,4,1,17.93,1,0,1,3.2,45,13.51
1,3,2,35.21,2,3,1,5.0,23,35.55
20,4,2,29.13,1,0,2,5.0,25,28.23
18,0,1,67.81,2,0,3,3.2,18,71.92
23,1,2,73.34,1,1,0,5.0,9,38.66
16,6,0,46.04,1,1,3,4.5,22,51.13
20,3,2,48.02,2,0,1,5.0,18,30.77
2,1,1,16.88,2,1,3,3.2,46,26.61
21,2,2,68.16,1,3,2,5.0,11,53.35
3,2,2,94.31,1,1,1,5.0,2,61.9
7,1,1,75.01,0,3,0,3.2,14,47.73
3,2,1,25.08,2,1,0,3.2,41,26.35
9,5,2,61.08,1,0,2,5.0,14,50.69
17,0,0,31.55,2,0,1,4.5,27,33.06
6,2,0,7.72,1,3,0,4.5,37,4.36
19,3,1,21.18,3,1,0,3.2,43,36.99
14,3,1,14.23,2,3,3,3.2,47,34.23
15,6,2,22.63,1,3,1,5.0,27,7.85
22,6,0,76.6,1,0,1,4.5,9,47.09
10,2,1,31.35,2,1,1,3.2,38,37.0
8,3,0,73.13,0,2,2,4.5,11,57.01
23,0,0,90.4,0,0,1,4.5,4,43.3
13,4,2,56.68,0,3,2,5.0,15,30.42
14,1,2,48.69,1,0,1,5.0,18,17.44
7,0,2,72.51,1,3,1,5.0,10,53.52
5,4,0,13.74,1,3,3,4.5,35,25.96
4,1,1,43.54,0,2,1,3.2,31,33.61
5,3,2,49.89,1,3,3,5.0,18,50.59
4,0,0,79.79,1,3,3,4.5,8,56.11
17,5,2,78.28,1,2,2,5.0,8,60.39
1,5,2,81.34,2,2,2,5.0,7,71.06
15,4,1,67.81,1,1,3,3.2,18,47.87
22,5,1,52.75,3,1,0,3.2,26,51.6
18,3,0,79.51,3,3,1,4.5,8,84.53
9,1,2,83.6,2,0,2,5.0,6,84.07
1,1,2,48.24,2,1,0,5.0,18,35.66
20,1,2,93.71,0,2,0,5.0,2,48.25
0,1,2,83.73,2,1,0,5.0,6,56.47
16,2,1,50.94,1,1,1,3.2,27,49.83
16,1,2,11.24,1,2,2,5.0,31,24.56
4,4,0,25.2,3,1,1,4.5,30,20.16
17,1,2,74.88,0,3,0,5.0,9,49.4
4,4,0,15.0,1,0,1,4.5,34,2.04
5,2,1,47.28,3,1,3,3.2,29,62.57
19,4,0,59.44,3,3,0,4.5,16,52.07
23,3,0,84.05,2,1,3,4.5,6,67.58
6,6,1,81.24,2,2,1,3.2,10,63.98
22,3,1,73.79,3,2,0,3.2,14,64.68
21,2,0,41.69,0,1,0,4.5,23,14.42
18,4,2,17.8,1,2,0,5.0,29,23.62
3,4,0,65.27,0,0,1,4.5,14,24.62
7,3,2,21.32,1,2,1,5.0,28,33.0
16,3,0,55.52,3,0,2,4.5,18,65.96
23,3,1,93.26,2,2,0,3.2,4,51.69
19,2,0,54.53,3,0,2,4.5,18,68.41
10,2,2,63.1,2,3,2,5.0,13,60.94
5,6,2,65.98,3,2,0,5.0,12,52.42
23,4,0,79.73,0,0,2,4.5,8,45.36
6,0,0,44.15,1,0,0,4.5,22,18.28
8,6,1,49.78,1,0,1,3.2,28,35.38
23,4,2,20.84,3,3,2,5.0,28,32.15
13,0,0,60.32,2,2,3,4.5,16,57.9
6,5,0,31.62,0,1,2,4.5,27,13.43
0,4,1,50.69,0,1,1,3.2,27,20.38
10,6,0,73.99,1,0,3,4.5,10,51.78
23,3,0,6.58,0,0,0,4.5,37,0.0
10,3,0,55.75,2,3,0,4.5,18,42.36
16,2,1,20.61,3,2,1,3.2,44,42.57
6,2,2,30.14,3,1,0,5.0,24,24.43
18,4,1,8.12,0,0,0,3.2,51,10.3
18,5,0,20.25,1,1,1,4.5,32,18.08
14,6,1,93.8,2,1,0,3.2,3,56.59
18,5,1,94.87,1,0,2,3.2,3,72.02
13,4,0,69.79,1,2,2,4.5,12,57.31
9,3,0,60.07,0,2,1,4.5,16,31.39
17,2,0,74.93,0,3,1,4.5,10,62.45
20,5,2,85.69,1,1,0,5.0,5,52.29
20,2,2,51.74,0,1,1,5.0,17,28.79
5,1,0,8.18,0,3,0,4.5,37,4.15
16,6,0,68.85,2,1,1,4.5,12,51.99
0,4,1,93.61,3,2,2,3.2,4,81.82
13,2,0,28.22,2,2,3,4.5,29,32.3
13,6,2,46.71,0,3,1,5.0,19,32.71
8,6,2,37.51,3,1,1,5.0,22,39.25
23,2,0,40.14,2,2,2,4.5,24,36.89
21,3,0,69.93,1,0,3,4.5,12,54.59
0,3,0,39.06,1,3,1,4.5,24,33.39
5,4,1,89.7,3,0,3,3.2,6,74.29
4,6,2,76.07,1,2,1,5.0,8,52.9
21,3,1,7.49,0,0,2,3.2,51,0.0
12,5,0,78.67,1,1,0,4.5,9,25.29
17,4,0,74.56,1,0,1,4.5,10,47.82
19,6,0,51.48,1,2,3,4.5,19,55.54
18,2,0,49.71,1,1,1,4.5,20,39.37
2,2,1,80.2,2,2,0,3.2,11,51.68
3,2,1,43.23,1,1,3,3.2,31,40.99
9,6,0,19.35,2,0,0,4.5,32,14.94
8,4,0,33.16,1,2,0,4.5,27,27.73
17,1,2,28.87,3,2,3,5.0,25,46.71
3,0,2,66.3,3,2,1,5.0,12,56.91
8,3,1,21.1,1,1,0,3.2,43,19.29
5,5,1,63.03,0,2,3,3.2,20,37.67
4,3,1,46.94,2,2,1,3.2,29,31.66
4,3,1,80.57,1,0,2,3.2,11,53.9
4,5,0,48.65,3,0,1,4.5,21,35.79
13,3,1,88.68,1,1,2,3.2,6,63.23
9,6,2,86.04,1,0,2,5.0,5,60.39
10,4,1,21.68,1,2,3,3.2,43,33.78
11,5,2,66.75,3,0,1,5.0,12,48.4
17,5,1,24.32,0,0,2,3.2,42,24.23
20,4,0,79.1,3,0,3,4.5,8,75.51
12,0,1,62.22,0,1,3,3.2,21,32.98
15,2,2,31.47,3,0,2,5.0,24,42.17
17,0,1,27.42,2,2,1,3.2,40,37.21
16,3,1,43.66,2,0,2,3.2,31,52.55
3,1,0,77.07,0,3,3,4.5,9,61.92
23,3,2,76.65,2,2,0,5.0,8,47.67
3,2,1,8.0,2,0,2,3.2,51,23.05
9,0,0,32.21,1,1,3,4.5,27,30.45
15,0,1,43.06,1,0,1,3.2,31,28.33
9,3,0,57.7,2,3,3,4.5,17,61.74
5,0,2,18.46,1,2,1,5.0,29,17.45
22,5,2,35.18,3,3,3,5.0,23,43.15
1,5,0,84.7,0,1,2,4.5,6,49.49
5,4,2,47.89,1,0,0,5.0,18,34.7
23,1,0,71.97,3,0,3,4.5,11,57.93
17,5,1,48.63,3,1,2,3.2,28,58.62
2,4,1,46.85,1,3,0,3.2,29,35.52
18,2,0,60.97,2,1,2,4.5,16,55.83
23,0,2,28.34,0,3,2,5.0,25,32.75
2,3,2,27.48,0,1,3,5.0,25,23.04
9,5,1,94.04,3,0,1,3.2,3,75.27
11,0,0,83.21,2,1,1,4.5,7,49.47
3,0,2,71.4,0,0,0,5.0,10,33.83
4,2,1,17.34,3,2,3,3.2,45,38.76
4,3,2,7.72,1,0,3,5.0,32,21.72
4,3,1,20.79,2,2,2,3.2,44,25.44
9,2,0,89.4,3,1,1,4.5,4,69.1
11,1,0,78.47,3,1,3,4.5,9,72.35
5,0,0,52.08,0,2,1,4.5,19,35.25
6,0,0,92.19,1,2,2,4.5,3,66.12
4,0,0,18.19,1,3,2,4.5,33,31.13
19,4,0,55.32,3,1,3,4.5,18,69.1
5,5,2,21.49,3,3,3,5.0,27,44.2
21,3,2,32.58,2,3,1,5.0,24,37.61
12,0,0,89.61,0,3,0,4.5,4,54.74
19,2,0,83.15,3,3,0,4.5,7,77.32
15,6,2,14.16,2,3,2,5.0,30,18.68
6,1,1,27.46,1,1,1,3.2,40,24.71
14,3,1,58.51,1,2,0,3.2,23,37.11
6,3,2,10.52,1,3,3,5.0,31,24.4
2,2,1,54.51,1,1,2,3.2,25,31.44
6,3,2,57.6,3,3,0,5.0,15,39.64
6,3,1,31.19,3,2,2,3.2,38,39.51
3,3,1,31.38,0,1,2,3.2,38,13.01
0,5,0,25.62,3,3,3,4.5,30,36.93
22,4,1,89.21,1,0,3,3.2,6,71.23
12,0,2,40.0,3,2,3,5.0,21,49.49
9,0,1,57.67,3,3,3,3.2,23,74.06
22,2,0,32.14,2,0,3,4.5,27,27.52
5,6,1,68.24,2,1,2,3.2,17,55.38
9,0,2,14.13,2,2,2,5.0,30,37.22
20,0,2,11.45,3,0,3,5.0,31,23.54
15,4,1,71.99,1,3,3,3.2,15,57.88
9,3,2,70.4,2,2,0,5.0,10,48.92
6,1,0,28.85,3,1,0,4.5,28,26.56
0,1,1,36.95,3,1,1,3.2,35,38.71
2,4,1,91.15,0,0,1,3.2,5,50.84
3,3,0,14.39,1,0,2,4.5,34,11.06
18,4,2,21.48,2,2,1,5.0,27,37.01
15,1,2,43.7,2,3,3,5.0,20,53.19
10,3,0,30.39,2,1,3,4.5,28,39.88
18,6,0,63.41,3,0,1,4.5,15,50.76
3,2,2,67.15,2,2,3,5.0,11,62.76
5,2,2,52.37,2,2,0,5.0,17,36.63
9,1,2,60.01,3,0,3,5.0,14,81.19
22,4,0,44.01,0,2,2,4.5,22,25.26
14,0,2,73.43,2,0,2,5.0,9,59.05
20,1,2,8.79,1,0,1,5.0,32,10.29
5,4,2,33.16,3,1,0,5.0,23,38.88
20,0,2,66.6,2,2,3,5.0,12,57.82
1,6,2,34.67,2,2,0,5.0,23,32.35
5,2,1,12.07,3,2,1,3.2,48,23.59
12,2,0,36.05,0,0,0,4.5,26,22.72
1,3,0,69.03,2,1,3,4.5,12,60.2
20,4,2,15.98,3,2,2,5.0,29,25.93
20,3,2,70.22,3,2,2,5.0,10,64.24
12,6,0,74.79,0,0,1,4.5,10,41.45
7,6,1,62.18,3,3,3,3.2,21,73.77
2,1,0,26.98,0,0,0,4.5,29,2.0
14,4,0,77.48,1,3,2,4.5,9,59.85
12,2,1,24.3,3,2,3,3.2,42,40.85
18,6,1,86.52,2,0,1,3.2,7,66.08
14,1,1,68.6,2,1,2,3.2,17,51.12
3,2,1,9.92,2,1,1,3.2,50,25.43
2,4,1,76.94,3,3,3,3.2,13,70.02
18,5,2,50.58,0,2,3,5.0,17,49.3
3,0,0,45.74,1,1,1,4.5,22,29.9
22,3,0,42.85,1,3,0,4.5,23,23.72
2,2,1,59.6,3,0,0,3.2,22,36.72
17,4,1,70.21,2,3,2,3.2,16,65.8
23,3,2,85.64,2,3,3,5.0,5,79.14
10,6,2,29.57,3,1,0,5.0,25,28.58
1,6,1,61.77,3,0,3,3.2,21,46.62
21,4,0,66.77,1,3,3,4.5,13,56.99
4,4,0,65.73,1,3,1,4.5,14,37.74
12,6,1,49.37,0,1,0,3.2,28,22.68
23,1,1,40.19,0,0,2,3.2,33,24.04
17,5,1,73.61,1,1,2,3.2,15,59.29
1,5,0,32.0,2,0,3,4.5,27,31.17
19,0,2,23.72,3,2,2,5.0,27,40.98
3,6,1,54.12,1,2,0,3.2,25,24.92
17,4,1,29.08,2,1,0,3.2,39,29.86
14,2,0,7.99,3,2,1,4.5,37,11.59
6,3,2,9.64,1,2,1,5.0,32,16.25
10,3,1,67.55,0,0,1,3.2,18,42.75
2,6,0,92.58,3,1,3,4.5,3,66.36
23,6,0,45.92,2,3,1,4.5,22,30.76
5,5,1,18.24,0,3,2,3.2,45,15.34
7,4,0,78.63,1,3,1,4.5,9,55.99
12,0,2,28.53,1,3,3,5.0,25,38.59
16,6,2,94.61,0,0,3,5.0,2,73.74
12,0,2,55.69,1,1,3,5.0,16,62.62
12,1,1,25.94,3,1,3,3.2,41,48.85
13,0,1,49.64,2,2,2,3.2,28,37.22
20,6,1,35.18,3,3,2,3.2,36,40.97
9,3,1,75.15,3,2,2,3.2,14,75.15
19,1,1,14.52,1,2,0,3.2,47,21.9
18,0,1,82.13,0,0,3,3.2,10,60.97
23,2,2,74.06,0,2,3,5.0,9,51.97
21,5,0,82.52,3,3,2,4.5,7,60.08
19,6,0,85.55,1,3,3,4.5,6,69.22
5,3,2,25.68,2,2,1,5.0,26,24.11
18,4,2,51.89,1,0,0,5.0,17,35.62
17,5,2,81.49,3,0,3,5.0,6,73.48
6,6,1,38.96,2,2,2,3.2,34,43.34
16,1,1,10.44,3,3,3,3.2,49,49.29
6,6,0,31.25,1,3,0,4.5,28,5.13
12,3,0,26.77,3,1,1,4.5,29,27.9
19,6,2,83.31,2,2,2,5.0,6,64.71
4,0,1,46.75,0,0,0,3.2,29,26.38
8,0,1,66.52,0,2,3,3.2,18,68.71
19,6,0,91.59,1,0,2,4.5,3,64.68
10,4,1,31.93,0,3,0,3.2,37,18.1
23,1,2,73.51,3,3,2,5.0,9,65.36
0,6,1,7.05,0,0,3,3.2,51,4.63
17,0,1,14.37,2,3,1,3.2,47,31.22
19,4,2,19.57,2,3,2,5.0,28,49.63
22,1,0,33.12,2,1,2,4.5,27,36.71
3,0,0,41.27,2,1,0,4.5,23,30.76
23,5,1,47.93,3,0,2,3.2,29,46.01
9,5,1,27.08,3,3,2,3.2,40,39.27
8,0,2,10.96,3,0,1,5.0,31,24.19
8,0,0,65.98,1,3,1,4.5,14,51.47
15,4,0,7.13,2,2,2,4.5,37,10.27
15,0,1,77.85,0,3,3,3.2,12,61.8
11,5,1,88.62,3,1,1,3.2,6,71.45
1,6,2,68.93,0,3,0,5.0,11,37.87
23,5,1,58.64,0,1,3,3.2,23,44.12
5,1,1,64.13,3,1,0,3.2,20,37.77
2,1,0,63.7,3,1,0,4.5,15,52.24
14,4,1,88.85,0,3,1,3.2,6,46.35
9,0,1,91.79,3,1,3,3.2,5,89.57
14,3,1,43.4,0,1,3,3.2,31,38.46
21,3,1,60.54,0,2,1,3.2,22,38.41
2,5,1,77.25,3,2,2,3.2,13,59.36
6,1,0,5.09,0,2,3,4.5,38,3.15
12,5,0,52.43,0,1,2,4.5,19,29.28
18,4,0,63.76,3,0,3,4.5,14,71.95
14,1,1,69.55,2,3,0,3.2,17,43.67
9,2,2,38.19,2,1,0,5.0,22,37.72
14,0,2,31.61,3,3,0,5.0,24,24.41
23,3,0,21.39,0,1,3,4.5,31,21.29
11,1,0,55.2,3,2,1,4.5,18,41.4
21,0,1,87.74,1,2,1,3.2,7,59.5
18,3,0,85.64,2,3,2,4.5,6,75.86
7,3,1,37.4,1,0,2,3.2,34,44.55
5,0,1,28.21,1,2,0,3.2,39,18.39
18,1,2,75.99,1,0,3,5.0,8,64.74
4,0,1,70.25,2,3,1,3.2,16,58.47
8,4,2,50.48,3,2,3,5.0,17,80.08
5,2,1,40.01,0,3,3,3.2,33,41.09
14,0,2,16.14,2,1,2,5.0,29,25.04
7,1,1,75.66,3,0,2,3.2,13,68.15
15,6,1,60.57,2,2,3,3.2,22,52.58
22,1,1,38.92,3,0,1,3.2,34,41.01
19,4,1,87.69,0,1,1,3.2,7,55.68
22,3,2,64.37,1,1,2,5.0,12,47.98
0,1,1,88.63,1,0,0,3.2,6,58.75
10,2,0,47.7,2,0,3,4.5,21,52.12
5,0,1,45.92,1,2,0,3.2,30,21.28
22,5,1,89.35,1,3,3,3.2,6,83.09
17,2,1,91.38,3,1,1,3.2,5,91.83
7,3,0,91.47,0,1,0,4.5,3,53.96
13,1,0,78.7,3,0,2,4.5,9,69.86
14,5,0,46.62,0,2,1,4.5,21,19.02
11,1,1,23.93,1,3,1,3.2,42,26.07
11,3,0,39.51,2,2,1,4.5,24,28.81
1,6,1,89.45,3,1,2,3.2,6,64.44
10,4,0,37.72,3,2,0,4.5,25,54.3
8,4,0,73.1,0,3,0,4.5,11,35.45
19,6,0,88.07,2,3,1,4.5,5,71.12
20,1,0,92.34,1,0,1,4.5,3,54.64
18,6,0,90.29,3,1,2,4.5,4,81.28
0,3,2,54.96,3,3,2,5.0,16,57.77
20,2,0,49.27,0,2,2,4.5,20,30.22
9,1,1,93.89,1,3,0,3.2,3,68.21
9,5,1,24.64,3,3,3,3.2,41,53.11
22,6,2,21.88,3,0,2,5.0,27,29.78
20,4,1,91.69,2,2,0,3.2,5,61.52
1,0,1,67.03,0,2,3,3.2,18,43.38
8,3,2,53.27,1,1,3,5.0,16,66.96
17,5,2,16.88,3,2,2,5.0,29,44.02
12,2,0,51.19,2,0,3,4.5,20,46.51
6,5,2,89.98,0,1,3,5.0,4,55.76
12,4,1,59.26,1,1,3,3.2,22,44.53
20,0,0,41.42,0,1,3,4.5,23,34.68
5,3,1,54.6,1,2,0,3.2,25,32.17
17,1,2,84.75,1,3,0,5.0,5,66.74
17,3,0,87.16,2,3,2,4.5,5,69.22
21,2,0,41.01,3,2,2,4.5,24,52.96
7,5,2,59.73,2,1,2,5.0,14,61.58
5,6,1,30.13,2,3,0,3.2,38,22.62
13,3,0,45.6,1,3,3,4.5,22,44.74
12,3,2,24.79,2,3,1,5.0,26,33.46
9,4,1,52.83,3,3,2,3.2,26,57.02
18,4,0,57.04,0,3,2,4.5,17,57.4
19,4,0,35.41,1,3,3,4.5,26,48.75
5,5,1,29.49,0,2,2,3.2,39,15.42
19,6,0,18.59,0,2,2,4.5,33,12.69
5,5,1,17.56,0,2,3,3.2,45,23.78
9,0,0,69.03,2,1,0,4.5,12,50.79
0,3,0,24.95,3,3,2,4.5,30,39.02
8,3,2,15.62,3,2,2,5.0,30,41.15
23,3,0,94.9,0,2,3,4.5,2,57.44
10,3,2,28.39,2,2,0,5.0,25,34.67
17,5,0,85.64,1,0,2,4.5,6,60.2
2,2,1,59.83,1,3,1,3.2,22,43.73
15,1,0,69.36,2,2,0,4.5,12,57.97
8,3,1,55.48,2,3,2,3.2,24,65.95
17,5,1,21.27,2,0,0,3.2,43,27.2
22,2,0,81.23,0,0,0,4.5,8,51.04
12,0,1,79.52,1,3,2,3.2,11,63.82
2,6,2,36.47,1,2,3,5.0,22,36.64
11,1,1,73.75,0,2,2,3.2,14,45.91
2,4,0,53.87,0,1,0,4.5,18,17.76
10,5,2,86.81,1,2,0,5.0,5,44.87
1,1,0,77.25,0,2,1,4.5,9,46.65
15,2,0,8.69,2,0,1,4.5,37,1.24
7,1,1,84.13,0,2,0,3.2,9,58.71
4,1,0,92.17,0,2,1,4.5,3,50.58
0,1,0,71.79,3,1,0,4.5,11,49.94
21,1,2,15.79,2,1,2,5.0,29,24.95
20,3,1,77.66,2,3,2,3.2,12,74.69
19,3,2,63.27,0,2,1,5.0,13,55.0
1,0,1,35.49,0,1,2,3.2,35,24.25
8,5,1,84.56,3,2,0,3.2,8,63.26
23,4,2,55.9,3,0,3,5.0,15,63.99
13,0,0,81.76,3,1,0,4.5,7,49.28
3,5,1,65.31,3,2,2,3.2,19,50.41
3,0,2,30.97,0,1,1,5.0,24,19.64
6,3,0,92.75,3,0,1,4.5,3,72.46
23,3,2,56.39,1,2,2,5.0,15,42.78
4,3,0,51.51,2,3,2,4.5,19,48.48
21,6,1,41.32,1,1,3,3.2,32,33.99
16,6,2,17.27,2,3,2,5.0,29,41.35
22,1,0,66.76,3,3,0,4.5,13,56.73
19,4,2,43.77,3,2,2,5.0,20,58.1
7,6,0,89.12,2,3,2,4.5,4,67.37
19,5,0,91.86,1,1,3,4.5,3,63.92
4,6,1,74.09,2,3,2,3.2,14,66.72
6,3,1,26.82,1,0,3,3.2,40,21.73
5,1,2,69.44,0,1,2,5.0,11,47.1
3,3,2,6.84,2,2,2,5.0,33,26.47
2,5,2,79.38,0,0,1,5.0,7,37.31
4,6,1,49.43,1,3,1,3.2,28,33.43
2,4,0,89.31,2,3,0,4.5,4,63.63
9,4,2,39.0,3,0,2,5.0,21,46.08
1,3,1,28.69,2,3,3,3.2,39,36.24
1,2,0,94.56,3,0,0,4.5,2,59.36
23,2,2,52.76,3,0,3,5.0,17,64.15
2,3,1,82.69,0,3,3,3.2,10,72.54
1,5,1,87.0,3,2,1,3.2,7,67.01
0,3,1,51.66,1,3,1,3.2,27,34.5
3,5,2,46.01,2,1,2,5.0,19,46.41
12,0,0,54.76,0,2,3,4.5,18,29.44
19,5,1,81.3,2,0,0,3.2,10,60.1
17,3,0,91.82,2,2,1,4.5,3,72.38
13,6,1,34.55,3,3,0,3.2,36,39.54
2,3,0,71.48,3,2,2,4.5,11,70.36
18,3,1,30.68,3,3,0,3.2,38,36.76
0,0,2,59.99,2,1,1,5.0,14,46.82
15,5,1,77.43,3,3,2,3.2,12,65.82
9,4,2,84.78,0,2,3,5.0,5,67.77
21,6,2,45.38,3,0,0,5.0,19,36.39
7,0,0,38.28,0,1,2,4.5,25,28.04
15,1,1,27.81,1,1,0,3.2,40,15.76
10,6,1,17.01,3,0,2,3.2,46,39.68
12,0,1,37.84,2,3,0,3.2,34,39.92
22,3,2,83.48,3,0,3,5.0,6,76.42
17,2,1,42.69,2,2,0,3.2,32,42.45
9,6,0,33.56,2,3,2,4.5,27,33.57
10,5,1,71.52,0,1,1,3.2,16,55.53
16,6,0,24.4,3,2,0,4.5,30,32.8
8,2,1,28.07,2,2,2,3.2,40,42.55
4,4,1,89.23,2,3,0,3.2,6,62.97
11,4,2,12.34,1,0,2,5.0,31,17.23
1,6,0,42.32,3,1,2,4.5,23,44.14
4,0,1,56.91,1,2,1,3.2,24,45.39
10,6,0,25.72,0,0,1,4.5,30,21.71
19,2,1,30.29,0,3,1,3.2,38,31.16
18,0,1,24.97,2,2,3,3.2,41,57.94
6,4,1,36.07,2,0,3,3.2,35,46.58
10,5,0,85.87,0,0,0,4.5,6,42.15
3,0,0,43.84,2,0,1,4.5,22,19.97
18,0,1,42.6,3,2,0,3.2,32,48.21
5,6,1,39.79,2,2,0,3.2,33,36.38
19,6,0,91.77,3,1,3,4.5,3,79.96
20,1,1,15.56,0,2,3,3.2,46,20.13
16,6,0,83.47,1,1,1,4.5,7,57.56
7,6,1,34.44,2,1,2,3.2,36,46.38
22,6,1,91.09,1,0,1,3.2,5,51.77
16,1,2,33.37,0,0,1,5.0,23,20.88
15,4,2,12.46,1,2,3,5.0,31,28.05
20,6,2,51.8,1,2,1,5.0,17,29.49
21,6,0,25.51,0,0,1,4.5,30,0.0
1,4,2,72.77,1,0,0,5.0,10,50.87
21,1,1,64.16,1,1,0,3.2,20,42.55
18,0,1,66.78,3,2,0,3.2,18,73.97
4,1,2,22.41,1,2,3,5.0,27,35.83
7,0,0,68.78,1,2,3,4.5,12,65.97
18,1,0,33.02,1,0,1,4.5,27,29.64
5,0,2,94.88,2,1,2,5.0,2,70.83
10,5,1,70.86,1,3,0,3.2,16,53.23
16,4,1,58.14,3,2,0,3.2,23,54.0
15,3,0,83.04,1,3,2,4.5,7,52.42
21,5,1,58.04,1,2,0,3.2,23,30.27
2,2,0,54.75,0,3,3,4.5,18,49.2
7,2,1,26.36,3,2,1,3.2,41,33.78
23,1,1,66.03,1,2,2,3.2,19,43.84
13,3,2,38.72,0,2,1,5.0,21,26.82
5,1,2,8.88,0,1,0,5.0,32,0.0
6,4,0,78.45,1,1,2,4.5,9,54.98
8,6,0,9.67,3,0,0,4.5,36,20.94
13,3,1,65.51,0,1,1,3.2,19,40.12
6,2,2,19.1,0,0,1,5.0,28,3.85
14,4,0,43.93,2,1,3,4.5,22,50.72
10,5,1,82.32,1,3,2,3.2,10,72.63
14,3,1,13.5,3,1,2,3.2,48,28.92
3,1,0,65.04,3,2,2,4.5,14,57.96
14,4,1,60.14,2,1,3,3.2,22,59.28
22,1,0,83.08,1,3,1,4.5,7,51.48
3,6,1,20.55,2,0,3,3.2,44,17.83
7,2,2,76.98,2,3,3,5.0,8,83.38
16,2,1,45.51,1,2,3,3.2,30,58.18
14,5,0,43.58,1,3,2,4.5,23,18.4
16,0,2,37.56,3,0,3,5.0,22,60.58
13,1,0,39.7,2,3,2,4.5,24,49.49
16,0,2,51.8,1,3,1,5.0,17,42.18
14,2,2,14.61,3,1,0,5.0,30,19.0
1,3,1,43.26,1,2,0,3.2,31,25.08
18,1,0,63.68,0,2,2,4.5,15,59.19
10,2,2,49.84,3,0,0,5.0,18,52.98
1,5,2,19.92,3,2,0,5.0,28,16.33
9,6,1,37.67,1,2,2,3.2,34,40.79
10,0,2,44.87,3,0,1,5.0,19,62.71
2,4,2,65.2,1,1,2,5.0,12,44.67
23,0,2,86.07,2,2,3,5.0,5,74.17
5,3,0,54.53,0,3,0,4.5,18,27.91
7,6,1,65.87,2,0,2,3.2,19,54.39
10,5,0,11.95,0,3,3,4.5,35,31.45
19,1,0,90.9,0,3,0,4.5,4,53.68
17,1,1,33.37,3,3,3,3.2,37,52.18
18,5,0,36.89,0,0,2,4.5,25,23.14
5,5,0,25.06,1,2,2,4.5,30,23.1
20,1,2,12.62,3,1,0,5.0,31,13.43
19,0,1,76.1,3,3,1,3.2,13,77.71
11,3,1,26.64,1,2,1,3.2,40,24.83
13,4,0,30.44,0,2,0,4.5,28,1.13
0,3,2,21.36,1,0,3,5.0,28,22.51
18,6,1,92.74,2,3,2,3.2,4,84.72
23,5,1,75.29,1,1,3,3.2,14,61.55
11,5,0,88.69,2,0,0,4.5,5,44.95
12,0,0,82.56,3,3,2,4.5,7,71.48
11,5,0,86.57,2,3,2,4.5,5,62.31
1,5,0,48.11,2,1,2,4.5,21,41.31
14,2,2,20.35,2,2,1,5.0,28,27.45
17,4,1,34.42,0,2,2,3.2,36,33.47
22,5,1,31.32,2,1,0,3.2,38,22.64
22,6,2,69.54,3,2,3,5.0,11,64.95
11,3,2,7.31,2,3,1,5.0,32,21.42
23,0,0,17.78,3,3,1,4.5,33,29.15
12,4,1,66.46,3,2,2,3.2,18,77.72
15,4,1,16.11,1,1,0,3.2,46,5.42
14,0,0,9.35,1,3,1,4.5,36,8.47
23,5,2,14.83,3,3,0,5.0,30,16.67
17,1,1,67.16,1,0,3,3.2,18,57.18
2,6,1,17.54,2,1,1,3.2,45,14.11
1,3,1,18.17,2,2,0,3.2,45,20.68
9,2,2,25.73,0,2,0,5.0,26,22.45
12,0,0,72.58,1,2,3,4.5,11,57.87
16,0,1,23.03,1,2,0,3.2,42,21.95
11,5,2,8.18,0,0,0,5.0,32,0.0
12,2,2,86.53,3,0,0,5.0,5,54.49
22,5,1,83.87,3,3,0,3.2,9,58.81
8,1,0,21.63,3,2,0,4.5,31,21.41
11,6,2,28.88,0,2,3,5.0,25,33.53
13,6,2,21.97,1,1,0,5.0,27,19.87
11,0,1,69.76,0,1,2,3.2,17,33.81
23,4,1,27.5,0,1,3,3.2,40,26.66
23,6,1,88.83,2,2,2,3.2,6,69.87
12,2,0,79.49,3,2,0,4.5,8,57.01
10,0,0,57.96,0,0,2,4.5,17,36.28
14,6,2,5.8,2,1,1,5.0,33,16.87
4,3,2,84.53,0,3,1,5.0,5,54.85
10,0,0,70.5,3,2,1,4.5,12,70.04
5,5,1,75.91,0,3,3,3.2,13,51.37
3,4,2,11.46,1,2,2,5.0,31,10.29
2,0,0,68.77,0,1,0,4.5,12,31.99
14,1,0,77.41,1,3,1,4.5,9,44.22
0,0,0,91.1,1,2,3,4.5,4,73.45
15,6,0,57.24,2,0,3,4.5,17,33.18
10,0,1,50.72,3,1,3,3.2,27,62.45
8,5,1,43.29,3,2,0,3.2,31,39.49
18,3,2,68.12,1,1,3,5.0,11,63.65
12,4,2,87.87,3,1,2,5.0,4,75.42
17,5,2,58.98,1,3,2,5.0,14,58.14
17,6,2,25.46,0,1,1,5.0,26,24.22
0,0,2,6.58,2,1,2,5.0,33,24.19
5,0,1,60.72,2,0,1,3.2,22,43.33
13,0,2,82.81,1,1,2,5.0,6,71.48
23,4,0,10.94,2,3,0,4.5,36,19.02
3,3,2,40.78,1,1,1,5.0,21,26.54
2,0,0,89.6,0,1,1,4.5,4,46.48
22,1,1,50.15,1,2,3,3.2,27,44.94
23,3,0,24.86,1,3,2,4.5,30,26.25
4,5,1,36.83,1,3,2,3.2,35,26.32
9,2,2,41.73,3,1,1,5.0,20,44.32
15,6,0,15.56,1,0,1,4.5,34,0.0
4,6,1,64.47,2,2,1,3.2,20,45.27
7,5,0,58.29,0,1,3,4.5,17,50.91
9,3,0,63.3,1,1,0,4.5,15,39.1
15,6,1,59.97,3,0,0,3.2,22,40.87
7,5,1,6.5,3,3,2,3.2,51,35.22
9,3,0,20.7,3,0,3,4.5,32,35.03
6,3,1,19.9,0,1,2,3.2,44,14.92
18,5,2,13.82,3,1,3,5.0,30,47.84
3,3,1,71.19,1,0,1,3.2,16,46.68
5,1,2,15.81,0,3,0,5.0,29,12.09
5,6,2,65.14,0,2,2,5.0,12,48.97
21,0,1,21.06,3,2,0,3.2,43,28.5
22,4,1,15.65,2,0,3,3.2,46,23.41
12,4,2,19.63,2,0,2,5.0,28,23.37
3,4,1,50.76,3,0,2,3.2,27,61.36
18,0,1,63.09,0,2,0,3.2,20,44.29
11,3,0,78.07,0,2,1,4.5,9,43.45
20,6,0,16.57,3,3,3,4.5,33,28.49
8,1,0,60.46,2,3,0,4.5,16,47.78
23,4,1,74.65,3,1,0,3.2,14,59.77
19,6,2,33.12,2,0,1,5.0,23,35.04
5,6,0,12.17,0,0,0,4.5,35,0.0
17,3,0,19.04,2,3,2,4.5,32,34.91
6,2,0,13.24,3,3,0,4.5,35,25.23
8,4,1,84.85,0,2,3,3.2,8,74.31
6,3,0,38.9,0,0,3,4.5,24,29.22
16,4,0,52.1,1,3,0,4.5,19,42.02
6,5,0,74.18,1,3,2,4.5,10,43.5
15,4,0,38.43,2,0,2,4.5,25,33.77
13,1,0,63.42,0,3,3,4.5,15,52.99
18,5,2,11.9,3,2,2,5.0,31,36.26
23,3,2,48.28,0,3,3,5.0,18,47.76
0,6,1,13.69,0,2,0,3.2,47,2.26
23,4,0,27.35,3,0,2,4.5,29,36.53
2,6,0,31.4,1,2,3,4.5,27,28.84
12,6,0,69.58,2,0,0,4.5,12,42.15
8,6,1,65.67,1,1,0,3.2,19,34.15
15,5,1,72.24,1,3,0,3.2,15,43.23
17,4,0,10.56,2,3,3,4.5,36,41.26
20,0,1,94.45,3,1,3,3.2,3,85.97
9,2,0,9.9,0,1,0,4.5,36,8.7
22,3,1,79.32,3,1,0,3.2,11,57.46
7,5,2,71.62,0,0,1,5.0,10,40.41
4,4,0,58.26,3,2,3,4.5,17,49.67
9,3,1,44.5,3,1,3,3.2,31,59.72
12,1,1,73.14,3,0,3,3.2,15,72.13
16,5,2,71.59,2,2,3,5.0,10,77.24
19,3,1,17.35,3,2,2,3.2,45,34.85
5,0,1,76.34,3,2,1,3.2,13,71.08
7,1,2,12.07,2,3,2,5.0,31,29.07
22,6,1,50.05,3,2,1,3.2,27,44.16
10,0,1,63.06,1,2,3,3.2,20,59.47
5,2,0,78.95,3,0,1,4.5,8,59.47
23,3,1,46.68,3,1,3,3.2,29,55.36
10,0,0,26.32,2,1,0,4.5,29,28.06
23,1,1,49.16,0,3,2,3.2,28,47.84
22,6,0,27.52,0,1,1,4.5,29,9.54
21,4,0,52.59,0,2,1,4.5,19,23.68
13,1,1,46.63,2,2,3,3.2,29,53.53
19,1,1,75.25,1,0,1,3.2,14,68.98
23,2,2,26.61,3,3,0,5.0,26,34.45
6,5,0,23.0,1,2,1,4.5,31,18.1
0,5,2,47.68,0,0,3,5.0,18,23.0
7,1,0,9.55,2,0,3,4.5,36,30.75
15,5,2,25.64,0,3,2,5.0,26,18.37
13,6,2,36.83,3,1,2,5.0,22,36.54
1,1,2,48.89,0,0,1,5.0,18,25.09
13,0,0,29.25,1,2,3,4.5,28,30.88
4,6,2,55.46,3,0,2,5.0,16,45.84
12,3,0,84.06,2,0,0,4.5,6,49.64
13,5,2,53.94,3,3,3,5.0,16,59.2
15,2,1,30.82,1,0,3,3.2,38,35.2
9,2,1,10.58,3,3,0,3.2,49,29.4
9,1,1,17.3,2,2,1,3.2,45,31.97
16,1,0,55.51,2,1,2,4.5,18,60.25
17,3,2,66.53,0,1,2,5.0,12,56.48
19,0,2,9.47,3,1,0,5.0,32,26.33
8,5,2,21.7,0,2,0,5.0,27,0.17
10,3,2,33.72,1,3,3,5.0,23,50.37
7,6,2,33.78,2,1,3,5.0,23,40.85
12,3,2,91.26,3,2,2,5.0,3,77.31
3,2,1,23.34,2,2,2,3.2,42,33.12
10,3,2,10.63,1,0,2,5.0,31,30.12
4,1,0,36.77,1,3,1,4.5,25,36.78
12,5,2,17.1,3,3,2,5.0,29,27.4
20,5,1,16.39,1,0,1,3.2,46,0.2
23,1,1,41.67,3,1,0,3.2,32,37.13
10,4,1,32.58,0,3,1,3.2,37,30.53
1,3,0,13.26,2,3,1,4.5,35,10.38
5,1,1,59.39,2,0,1,3.2,22,43.52
2,0,1,50.15,2,3,1,3.2,27,47.53
18,5,0,11.94,1,1,0,4.5,35,0.99
23,1,2,82.65,2,1,1,5.0,6,53.27
13,3,0,30.62,1,1,1,4.5,28,14.12
4,1,2,91.52,2,2,0,5.0,3,59.7
0,4,0,88.84,3,0,1,4.5,4,67.04
23,0,0,44.07,2,2,2,4.5,22,37.64
7,2,0,25.57,2,0,1,4.5,30,27.3
2,3,0,80.14,3,0,0,4.5,8,65.59
4,3,0,37.52,0,3,2,4.5,25,19.9
6,4,2,19.72,2,1,2,5.0,28,23.57
15,1,2,54.64,2,3,1,5.0,16,50.7
21,3,1,49.05,2,2,0,3.2,28,41.64
6,5,0,81.5,0,3,0,4.5,7,40.47
16,2,2,70.64,3,0,0,5.0,10,71.5
1,1,1,83.85,0,3,3,3.2,9,65.54
0,5,1,71.12,1,3,1,3.2,16,35.94
1,5,2,62.8,2,1,1,5.0,13,45.06
22,4,1,50.02,1,0,2,3.2,27,33.94
13,5,1,93.88,0,0,2,3.2,3,63.68
19,5,2,91.32,2,2,0,5.0,3,73.66
0,5,1,81.4,1,0,3,3.2,10,49.63
0,3,2,74.78,3,0,1,5.0,9,66.65
20,0,2,56.98,3,2,3,5.0,15,68.68
2,4,2,28.38,1,2,3,5.0,25,32.16
3,1,0,83.79,2,3,2,4.5,6,64.89
12,5,0,5.97,0,3,0,4.5,38,1.08
14,3,1,25.47,3,1,2,3.2,41,24.36
5,6,1,41.34,0,1,0,3.2,32,16.67
10,4,2,57.75,3,0,3,5.0,15,74.03
16,3,0,55.48,3,0,3,4.5,18,63.32
10,6,2,20.82,1,1,3,5.0,28,36.48
9,3,2,14.43,3,3,3,5.0,30,48.46
1,2,2,25.01,2,3,0,5.0,26,18.93
10,2,2,36.38,2,3,0,5.0,22,33.52
19,6,2,6.26,1,1,2,5.0,33,24.76
15,5,1,67.32,0,2,2,3.2,18,39.15
21,1,1,27.3,2,2,3,3.2,40,29.67
3,3,1,36.63,0,0,2,3.2,35,23.78
0,2,2,35.14,1,1,3,5.0,23,32.99
13,4,0,51.06,0,2,1,4.5,20,18.99
4,0,1,82.38,0,1,0,3.2,10,42.64
14,4,1,18.45,0,1,0,3.2,45,7.45
21,5,1,35.67,0,1,1,3.2,35,16.14
8,1,1,67.28,3,0,0,3.2,18,50.55
13,1,2,8.98,3,3,2,5.0,32,33.99
16,4,0,79.7,3,3,1,4.5,8,79.58
3,1,2,91.56,0,3,1,5.0,3,69.78
21,6,2,59.69,3,3,2,5.0,14,66.8
4,5,2,91.09,2,1,2,5.0,3,60.71
19,6,2,42.18,3,0,0,5.0,20,45.95
15,3,1,42.35,3,1,1,3.2,32,42.59
3,6,0,14.56,1,3,3,4.5,34,13.52
17,0,1,8.19,2,0,1,3.2,50,23.81
4,2,0,27.01,2,2,3,4.5,29,46.39
14,0,0,48.03,1,0,1,4.5,21,33.57
23,4,2,50.69,1,1,1,5.0,17,28.26
22,3,1,24.58,0,0,3,3.2,41,21.28
20,2,1,60.15,0,0,1,3.2,22,34.99
11,2,2,21.31,3,0,3,5.0,28,27.48
13,4,0,34.36,2,2,2,4.5,26,23.6
7,1,2,22.61,2,2,3,5.0,27,45.63
22,3,1,67.7,2,1,3,3.2,18,62.68
11,4,1,51.49,1,3,3,3.2,27,38.65
18,1,1,71.25,0,1,2,3.2,16,58.69
8,1,1,10.15,3,2,3,3.2,49,48.83
17,2,1,43.28,3,2,0,3.2,31,46.88
5,4,1,92.03,0,2,1,3.2,4,56.09
17,1,0,9.83,3,3,1,4.5,36,35.01
1,2,0,42.65,1,3,0,4.5,23,26.33
2,3,1,8.64,2,2,3,3.2,50,17.34
8,1,0,18.2,0,3,3,4.5,33,22.12
11,3,1,46.63,1,2,2,3.2,29,36.89
17,0,2,19.18,0,1,2,5.0,28,20.02
8,0,0,51.69,3,3,2,4.5,19,68.95
0,1,0,88.05,1,0,1,4.5,5,54.13
7,2,0,23.04,1,1,2,4.5,31,20.29
10,0,2,14.65,2,0,3,5.0,30,34.67
13,6,2,79.27,3,3,1,5.0,7,71.04
15,2,0,46.42,1,3,1,4.5,21,27.64
5,5,1,84.43,2,3,0,3.2,9,61.57
14,6,2,32.55,2,0,3,5.0,24,43.82
15,5,2,61.48,1,1,2,5.0,13,50.55
18,5,1,88.1,3,1,2,3.2,7,82.8
12,0,0,20.45,0,0,1,4.5,32,11.42
19,2,2,77.07,3,2,0,5.0,8,65.29
5,5,2,61.84,1,0,3,5.0,13,61.87
17,4,1,78.17,0,2,3,3.2,12,69.6
1,0,0,20.36,3,2,1,4.5,32,32.74
2,3,2,44.07,3,2,3,5.0,20,53.17
20,5,0,16.6,3,3,2,4.5,33,31.16
11,5,2,91.41,0,3,2,5.0,3,62.17
14,2,2,10.64,3,1,0,5.0,31,11.56
14,1,1,10.89,2,2,2,3.2,49,17.46
16,2,1,85.83,3,3,0,3.2,8,75.12
5,2,0,32.07,1,3,0,4.5,27,24.03
4,2,2,58.73,3,2,1,5.0,14,42.13
1,2,0,30.87,2,0,0,4.5,28,14.44
20,3,0,63.39,1,1,3,4.5,15,56.42
5,0,2,22.32,0,3,0,5.0,27,2.64
13,1,2,46.3,3,0,3,5.0,19,60.21
10,2,1,53.01,2,2,0,3.2,26,39.37
3,1,1,35.03,0,2,3,3.2,36,26.05
9,6,1,27.65,0,0,1,3.2,40,16.13
1,4,0,17.62,3,1,3,4.5,33,44.47
4,6,1,68.55,0,3,2,3.2,17,41.92
3,3,2,20.15,0,2,1,5.0,28,1.82
19,0,1,31.29,2,3,0,3.2,38,28.34
13,6,2,35.32,3,1,1,5.0,23,39.76
22,3,2,45.89,1,3,2,5.0,19,32.83
10,4,2,68.23,2,2,3,5.0,11,78.83
4,2,2,43.52,2,3,1,5.0,20,40.45
14,3,2,83.4,2,1,0,5.0,6,53.96
22,3,2,66.18,2,1,1,5.0,12,51.24
12,1,2,80.46,0,0,0,5.0,7,33.61
0,3,2,69.47,2,0,3,5.0,11,61.22
7,5,2,18.38,0,0,0,5.0,29,0.0
22,0,2,93.01,2,0,3,5.0,2,82.51
12,0,2,75.79,3,1,0,5.0,8,49.56
22,5,1,56.54,3,3,3,3.2,24,64.45
12,3,2,19.87,0,1,1,5.0,28,3.86
0,6,2,20.54,3,3,0,5.0,28,20.74
20,4,1,60.29,1,3,2,3.2,22,47.38
18,4,0,42.46,0,3,2,4.5,23,56.48
17,6,2,65.83,2,2,3,5.0,12,69.18
23,4,1,38.52,2,3,0,3.2,34,26.28
4,2,1,51.16,1,1,2,3.2,27,37.33
21,3,2,21.92,2,2,2,5.0,27,21.79
5,1,0,18.97,2,3,1,4.5,32,20.12
23,2,1,11.81,0,0,3,3.2,49,24.32
4,4,0,78.77,2,0,1,4.5,8,52.88
13,1,0,54.98,1,0,1,4.5,18,36.0
18,4,2,90.24,0,2,2,5.0,3,63.81
1,4,1,72.45,1,1,3,3.2,15,57.43
1,2,0,74.19,3,1,3,4.5,10,68.33
20,0,1,50.82,2,3,2,3.2,27,45.46
1,4,0,78.39,1,0,0,4.5,9,41.44
14,5,2,89.79,1,0,1,5.0,4,56.09
22,5,0,69.96,3,1,0,4.5,12,48.29
14,2,1,14.5,2,3,0,3.2,47,15.53
11,4,1,63.59,3,2,3,3.2,20,73.72
10,2,0,15.84,2,2,3,4.5,34,34.59
15,2,2,11.95,3,2,0,5.0,31,17.76
13,2,1,67.36,2,1,1,3.2,18,59.14
12,1,1,80.13,1,1,1,3.2,11,45.71
3,6,1,19.3,1,3,0,3.2,44,0.21
15,4,2,11.67,0,2,1,5.0,31,1.99
17,1,0,84.79,3,2,0,4.5,6,71.24
17,6,2,16.9,3,0,2,5.0,29,44.52
1,1,1,8.16,2,2,3,3.2,51,23.0
16,4,0,69.89,1,1,1,4.5,12,62.39
17,1,1,81.29,0,1,0,3.2,10,51.78
4,2,2,51.3,2,2,1,5.0,17,41.98
20,4,0,53.59,0,1,3,4.5,19,31.6
12,6,1,35.32,2,2,0,3.2,36,35.91
11,6,1,26.46,1,0,2,3.2,40,18.95
17,6,2,72.97,3,0,0,5.0,9,51.06
12,1,1,81.44,3,2,1,3.2,10,81.94
13,0,2,33.91,0,3,1,5.0,23,24.75
7,6,2,29.64,1,3,1,5.0,25,35.6
22,6,2,29.1,3,1,0,5.0,25,35.1
23,1,1,9.55,0,3,3,3.2,50,21.54
3,0,2,30.3,2,1,2,5.0,24,39.63
17,4,0,7.31,0,3,1,4.5,37,12.41
0,0,2,75.96,1,1,1,5.0,8,53.72
8,0,2,28.03,0,0,0,5.0,25,15.21
23,6,0,67.11,0,0,2,4.5,13,34.23
4,3,1,53.89,1,3,0,3.2,25,35.46
9,0,2,80.37,0,2,1,5.0,7,53.48
5,4,0,91.43,3,0,3,4.5,3,78.46
17,2,2,38.06,2,3,2,5.0,22,55.3
11,3,2,12.95,1,0,2,5.0,30,20.44
14,6,2,72.47,1,1,1,5.0,10,48.0
22,1,0,6.92,3,2,2,4.5,37,35.36
12,4,2,25.07,3,0,0,5.0,26,29.98
17,5,2,9.79,0,3,0,5.0,32,8.3
2,2,0,85.83,2,2,3,4.5,6,72.71
5,6,2,5.48,1,3,1,5.0,33,17.03
22,3,1,49.35,3,3,2,3.2,28,49.18
20,3,2,43.16,3,3,3,5.0,20,68.92
15,6,0,63.75,2,0,3,4.5,15,45.11
9,4,2,31.08,2,0,0,5.0,24,34.61
4,6,1,83.63,0,0,2,3.2,9,49.06
20,5,0,71.09,3,0,3,4.5,12,59.85
18,4,1,43.91,2,2,0,3.2,31,34.71
5,1,2,37.22,1,0,3,5.0,22,40.78
14,2,2,78.43,0,1,2,5.0,8,42.45
14,6,0,73.14,2,2,1,4.5,11,39.75
11,4,2,40.91,1,2,3,5.0,21,48.44
22,1,1,35.72,2,1,3,3.2,35,52.79
2,2,0,8.5,1,0,0,4.5,37,0.0
6,5,1,12.35,0,0,2,3.2,48,11.15
2,1,2,9.85,1,3,3,5.0,32,29.86
16,0,0,7.2,3,1,2,4.5,37,30.97
15,5,0,18.76,3,2,2,4.5,32,35.49
23,2,0,82.14,1,2,0,4.5,7,44.36
13,5,1,76.83,3,1,1,3.2,13,62.4
3,3,0,81.1,0,2,3,4.5,8,47.62
10,6,2,61.14,3,1,3,5.0,14,61.18
2,3,0,61.17,3,1,1,4.5,16,55.24
16,6,0,16.15,0,3,1,4.5,34,17.61
16,5,0,67.91,2,1,3,4.5,13,63.43
20,1,2,30.2,1,2,3,5.0,24,46.68
8,6,2,51.73,3,2,1,5.0,17,65.3
7,5,0,90.93,0,0,3,4.5,4,64.66
1,0,1,83.36,3,2,1,3.2,9,59.63
9,0,2,25.99,3,3,3,5.0,26,54.0
11,1,2,71.3,1,1,3,5.0,10,52.52
18,0,0,14.37,1,3,2,4.5,34,28.36
18,2,2,7.41,2,0,1,5.0,32,17.12
3,6,2,7.54,0,0,1,5.0,32,0.0
6,3,2,20.32,3,3,0,5.0,28,13.24
12,0,1,67.55,0,3,0,3.2,18,38.09
8,3,1,37.7,0,3,3,3.2,34,29.46
0,1,2,6.43,2,2,2,5.0,33,19.66
20,5,2,93.92,1,0,0,5.0,2,53.58
17,0,1,53.0,0,1,2,3.2,26,40.8
12,5,2,40.45,3,2,3,5.0,21,43.72
7,3,1,51.7,0,0,2,3.2,27,39.89
20,0,2,51.8,0,2,3,5.0,17,36.98
0,4,0,47.32,2,0,0,4.5,21,27.62
10,3,2,60.17,3,0,0,5.0,14,46.21
19,5,1,84.71,0,0,2,3.2,8,59.1
22,4,1,32.15,1,0,2,3.2,37,24.27
6,5,0,48.83,3,0,2,4.5,20,41.39
15,3,1,5.33,3,3,3,3.2,52,43.1
4,0,0,82.38,0,3,0,4.5,7,42.67
2,0,2,32.53,2,2,3,5.0,24,45.54
8,3,2,29.42,3,1,0,5.0,25,32.43
21,2,1,94.78,2,0,2,3.2,3,72.21
16,5,2,57.6,2,3,3,5.0,15,64.73
11,2,2,16.07,3,3,2,5.0,29,35.54
6,6,0,28.9,1,3,0,4.5,28,16.43
3,1,0,36.79,0,1,2,4.5,25,18.23
6,2,0,93.75,2,0,3,4.5,3,68.31
3,5,0,43.76,2,2,0,4.5,22,22.51
4,0,1,25.71,3,1,3,3.2,41,38.79
16,2,1,56.28,3,1,2,3.2,24,66.21
3,5,1,41.43,1,1,0,3.2,32,17.86
1,4,0,9.95,3,0,1,4.5,36,24.64
13,5,2,82.48,0,3,3,5.0,6,75.22
6,3,2,6.41,3,0,1,5.0,33,14.66
10,6,1,85.86,0,3,3,3.2,8,71.63
3,6,0,76.27,2,3,1,4.5,9,58.6
5,6,1,11.82,2,0,1,3.2,48,9.75
10,0,2,70.12,2,2,3,5.0,10,66.9
16,4,2,74.38,3,0,3,5.0,9,89.76
9,0,0,59.21,2,3,0,4.5,16,51.76
13,1,2,56.99,0,2,3,5.0,15,46.96
12,2,2,9.47,2,0,1,5.0,32,22.57
6,4,1,10.35,1,3,3,3.2,49,29.04
6,3,1,70.46,2,3,0,3.2,16,50.64
10,6,1,14.5,1,3,2,3.2,47,20.58
0,2,0,26.77,0,1,0,4.5,29,1.28
16,4,1,49.9,2,3,2,3.2,28,66.41
14,5,0,19.77,0,2,3,4.5,32,19.63
7,6,0,76.09,1,2,2,4.5,10,56.53
8,1,1,77.66,2,1,1,3.2,12,75.47
7,5,1,80.79,3,1,3,3.2,11,79.77
15,0,2,9.46,1,2,0,5.0,32,12.29
18,3,1,43.51,1,2,2,3.2,31,48.63
2,2,2,81.22,1,0,3,5.0,7,72.93
9,6,2,37.69,2,1,1,5.0,22,42.11
0,5,1,67.62,0,0,0,3.2,18,28.41
10,6,2,58.03,2,1,1,5.0,15,48.54
5,5,1,36.25,3,3,1,3.2,35,38.24
8,2,1,29.88,0,2,3,3.2,39,32.0
10,5,0,63.75,3,0,3,4.5,15,55.56
7,0,0,17.03,2,2,1,4.5,33,27.76
9,3,1,82.41,2,0,3,3.2,10,73.52
18,0,0,56.88,2,0,0,4.5,17,39.03
19,5,1,15.04,3,3,0,3.2,47,29.2
0,6,0,68.32,2,0,2,4.5,13,47.33
9,4,0,43.8,3,1,2,4.5,22,51.49
20,5,1,23.37,1,0,3,3.2,42,33.84
12,1,1,91.5,0,2,2,3.2,5,64.8
4,6,2,69.77,2,2,0,5.0,11,57.7
14,3,2,58.37,0,3,2,5.0,15,39.67
3,4,2,81.4,0,3,1,5.0,7,55.13
0,5,0,53.95,0,2,1,4.5,18,22.71
15,4,1,44.73,1,1,1,3.2,30,27.24
12,2,0,22.05,0,0,3,4.5,31,28.78
18,4,0,18.81,2,3,0,4.5,32,20.89
8,4,0,43.88,2,2,2,4.5,22,34.1
20,6,1,46.04,0,0,0,3.2,30,10.57
10,3,0,71.0,1,2,2,4.5,12,45.56
17,3,1,44.79,3,1,0,3.2,30,41.43
2,3,0,58.38,3,1,3,4.5,17,52.42
2,0,1,79.93,0,1,3,3.2,11,57.45
18,0,1,94.4,2,3,3,3.2,3,79.86
20,0,0,34.03,1,0,1,4.5,26,25.27
22,4,0,86.18,1,3,3,4.5,6,54.92
7,2,2,77.54,2,0,0,5.0,8,55.92
0,6,2,11.12,3,0,1,5.0,31,15.95
23,4,0,35.07,2,2,0,4.5,26,28.12
14,0,2,24.71,3,0,0,5.0,26,25.58
5,0,0,64.79,3,3,1,4.5,14,61.58
18,2,2,54.98,3,2,2,5.0,16,64.15
21,6,0,49.54,3,1,3,4.5,20,46.56
6,0,1,73.72,3,1,0,3.2,14,57.44
18,1,0,35.0,1,3,1,4.5,26,40.8
18,0,0,39.45,3,3,2,4.5,24,59.77
12,2,1,82.91,3,2,0,3.2,9,64.55
15,6,0,92.5,2,0,2,4.5,3,62.91
6,4,1,74.87,2,2,2,3.2,14,62.38
22,3,0,24.54,3,0,2,4.5,30,32.35
23,1,0,15.14,0,1,0,4.5,34,9.46
23,2,2,23.83,0,2,0,5.0,27,7.41
17,3,2,43.05,3,1,3,5.0,20,60.59
1,1,2,26.3,2,3,3,5.0,26,38.2
8,4,0,86.09,2,3,1,4.5,6,71.47
10,6,1,65.37,2,0,2,3.2,19,45.04
23,1,0,42.51,2,3,2,4.5,23,39.81
13,1,0,29.64,0,3,2,4.5,28,26.23
12,0,1,39.26,1,0,2,3.2,33,27.58
3,5,1,47.84,0,1,2,3.2,29,30.05
19,3,1,69.24,1,3,0,3.2,17,66.8
8,1,0,13.04,0,0,0,4.5,35,3.96
2,1,2,81.39,3,0,3,5.0,7,59.99
23,0,2,16.48,1,2,2,5.0,29,13.12
4,3,0,28.62,2,3,0,4.5,29,19.76
0,4,0,94.42,0,1,0,4.5,2,39.87
1,1,1,22.12,0,3,0,3.2,43,9.73
10,0,1,14.1,1,2,2,3.2,47,25.45
2,3,2,62.46,3,0,2,5.0,13,63.79
20,4,1,40.38,3,1,0,3.2,33,27.8
12,2,0,13.27,2,2,0,4.5,35,8.85
7,1,0,5.34,2,1,0,4.5,38,12.68
0,1,0,12.12,2,0,1,4.5,35,13.02
11,5,1,52.05,2,0,0,3.2,26,31.49
3,6,0,25.78,2,2,1,4.5,30,5.61
23,5,2,74.98,0,3,0,5.0,9,38.66
6,3,2,82.18,1,1,3,5.0,6,63.07
11,5,0,18.03,3,3,3,4.5,33,39.64
0,2,2,35.33,1,2,1,5.0,23,31.51
3,0,1,18.19,0,1,3,3.2,45,20.65
4,2,0,30.8,2,2,2,4.5,28,33.46
1,4,1,26.53,1,1,0,3.2,40,22.0
17,4,1,75.82,2,3,1,3.2,13,76.64
22,6,0,36.09,2,3,0,4.5,26,24.38
23,6,2,49.6,2,3,2,5.0,18,58.99
6,1,0,65.65,3,0,3,4.5,14,56.16
18,0,0,79.0,2,0,2,4.5,8,59.38
12,1,0,32.11,3,3,0,4.5,27,29.35
1,6,0,23.83,0,3,0,4.5,30,1.26
2,5,0,93.06,3,2,1,4.5,3,51.53
13,0,1,33.81,1,0,0,3.2,36,12.46
10,1,1,65.4,2,3,0,3.2,19,57.85
0,3,0,66.01,0,1,1,4.5,14,32.77
22,4,2,51.26,2,1,2,5.0,17,41.5
17,6,2,25.56,0,1,0,5.0,26,15.19
12,5,2,17.73,2,1,3,5.0,29,29.51
23,1,1,48.83,0,1,1,3.2,28,31.39
23,0,2,50.98,0,1,0,5.0,17,19.15
23,4,1,74.6,0,2,0,3.2,14,44.69
6,3,1,68.89,1,0,3,3.2,17,47.9
21,6,0,87.08,3,1,2,4.5,5,63.28
12,4,2,92.38,3,0,3,5.0,3,90.14
17,3,0,70.51,0,2,3,4.5,12,52.7
20,2,1,11.89,3,3,3,3.2,48,33.42
3,0,2,41.46,2,3,3,5.0,20,42.38
10,6,0,59.79,1,0,3,4.5,16,44.5
3,5,1,58.12,3,2,3,3.2,23,61.63
6,1,0,21.33,0,0,3,4.5,31,19.75
9,4,1,57.47,0,1,1,3.2,23,40.33
20,2,1,36.47,0,1,2,3.2,35,23.01
20,3,0,35.5,0,2,3,4.5,26,20.45
9,5,2,80.06,1,1,3,5.0,7,63.33
7,5,1,42.97,0,2,0,3.2,31,15.74
12,1,1,52.47,0,2,0,3.2,26,30.26
21,2,2,55.66,1,3,0,5.0,16,40.53
23,5,0,55.67,2,0,2,4.5,18,39.22
5,6,1,24.18,3,3,1,3.2,42,33.51
4,0,2,58.95,0,3,2,5.0,14,48.0
16,5,1,35.12,2,2,0,3.2,36,34.7
7,3,0,63.95,0,3,0,4.5,14,46.86
4,4,0,18.11,3,0,3,4.5,33,25.36
0,0,2,94.47,1,0,1,5.0,2,56.13
9,4,2,74.48,3,0,0,5.0,9,58.08
9,4,2,42.55,3,3,0,5.0,20,51.89
13,4,0,32.12,1,1,1,4.5,27,10.32
4,5,2,39.9,1,1,1,5.0,21,33.61
17,6,1,69.91,1,2,3,3.2,17,69.38
16,5,2,63.99,1,1,0,5.0,13,54.13
11,5,2,68.19,1,2,2,5.0,11,48.94
4,6,0,85.01,2,3,1,4.5,6,54.23
12,4,2,46.07,1,1,1,5.0,19,35.5
16,4,1,65.26,3,3,1,3.2,19,75.39
8,3,2,44.74,1,2,1,5.0,19,36.54
6,5,2,62.43,1,1,2,5.0,13,31.79
12,0,0,47.73,1,3,2,4.5,21,26.78
8,3,2,74.9,2,1,0,5.0,9,58.68
9,2,0,5.47,0,0,0,4.5,38,6.69
8,6,0,24.41,1,1,0,4.5,30,6.02
7,0,0,31.68,1,3,3,4.5,27,40.05
17,4,0,90.09,2,2,1,4.5,4,69.48
11,1,2,50.63,0,2,2,5.0,17,47.33
11,6,0,37.79,1,2,1,4.5,25,34.84
15,5,1,41.39,2,0,1,3.2,32,32.07
8,1,1,45.66,3,0,0,3.2,30,49.0
2,6,2,83.1,1,1,1,5.0,6,55.71
20,3,1,91.61,3,3,3,3.2,5,78.7
1,6,1,80.97,2,0,3,3.2,10,69.13
13,5,2,80.75,3,2,1,5.0,7,56.95
6,0,1,22.91,0,3,2,3.2,42,19.63
5,1,2,29.18,3,0,1,5.0,25,38.39
1,2,2,58.64,1,0,3,5.0,14,48.56
21,1,2,64.05,0,3,2,5.0,13,52.28
10,0,0,23.24,0,0,3,4.5,31,32.36
8,6,0,72.17,2,2,3,4.5,11,56.33
17,6,1,23.0,2,3,1,3.2,42,21.14
0,3,1,28.67,0,1,1,3.2,39,21.66
13,1,0,32.61,3,1,2,4.5,27,43.91
11,1,1,81.14,1,2,0,3.2,10,51.07
13,6,0,70.89,2,2,3,4.5,12,60.4
2,2,0,52.76,2,3,2,4.5,19,52.1
22,0,2,78.78,2,2,0,5.0,7,58.73
5,2,0,78.16,2,3,1,4.5,9,54.58
16,3,2,40.08,3,0,3,5.0,21,64.76
17,4,1,75.33,2,1,1,3.2,14,63.27
8,2,2,23.56,3,0,2,5.0,27,43.18
3,6,0,50.29,3,2,3,4.5,20,52.96
7,4,2,15.64,1,0,1,5.0,30,14.35
19,6,1,43.41,2,3,3,3.2,31,53.3
21,2,2,51.83,0,3,1,5.0,17,46.37
22,4,0,12.19,3,3,2,4.5,35,23.15
5,2,2,46.64,3,3,3,5.0,19,61.09
14,4,0,63.65,3,0,0,4.5,15,45.69
3,5,1,60.27,2,2,2,3.2,22,50.28
17,2,0,9.89,3,2,2,4.5,36,39.15
9,6,2,13.58,3,2,2,5.0,30,38.84
17,6,1,36.62,0,3,3,3.2,35,36.32
16,6,2,80.84,1,2,1,5.0,7,64.34
23,1,1,83.28,2,0,3,3.2,9,66.05
11,5,0,32.87,1,3,2,4.5,27,36.28
8,0,1,69.7,2,1,0,3.2,17,56.97
12,0,1,56.97,2,1,2,3.2,24,45.35
3,6,0,93.51,3,2,0,4.5,3,63.12
2,1,2,13.52,3,3,3,5.0,30,33.79
12,6,2,54.31,0,2,0,5.0,16,25.5
19,3,1,58.33,1,0,1,3.2,23,45.57
12,2,1,32.69,1,2,3,3.2,37,31.18
18,0,2,9.23,2,2,0,5.0,32,17.2
4,4,2,9.69,1,0,1,5.0,32,22.6
10,5,0,45.83,3,2,2,4.5,22,52.11
14,3,1,67.32,1,3,1,3.2,18,45.88
8,5,2,68.02,1,3,2,5.0,11,55.46
0,2,2,21.29,3,1,1,5.0,28,31.68
1,3,1,82.22,1,2,1,3.2,10,51.79
22,2,2,38.94,0,3,1,5.0,21,18.83
14,4,1,91.79,1,2,2,3.2,5,66.79
6,0,1,15.63,1,1,3,3.2,46,23.44
6,3,1,80.28,2,0,0,3.2,11,48.43
0,3,2,86.75,2,0,1,5.0,5,54.26
22,3,2,79.04,2,2,0,5.0,7,51.29
2,3,0,77.8,1,3,0,4.5,9,41.89
18,4,0,37.52,2,2,3,4.5,25,47.48
5,3,1,69.2,0,3,2,3.2,17,50.78
8,1,2,57.14,0,2,3,5.0,15,66.49
6,1,1,43.2,2,1,2,3.2,31,49.13
19,4,1,94.38,3,2,2,3.2,3,100.0
0,6,0,31.14,2,1,2,4.5,28,23.36
8,5,0,42.18,0,0,2,4.5,23,37.49
6,4,2,86.26,3,2,3,5.0,5,81.71
6,6,1,31.01,1,2,1,3.2,38,27.01
4,6,2,18.74,2,3,0,5.0,28,19.69
21,3,0,32.9,3,0,1,4.5,27,27.3
9,0,0,73.34,3,1,0,4.5,11,62.33
10,4,2,82.39,0,0,0,5.0,6,50.5
9,4,2,15.3,0,3,0,5.0,30,3.21
23,1,2,60.95,2,3,0,5.0,14,44.1
8,5,0,56.06,3,1,2,4.5,18,60.91
8,6,2,65.19,3,3,2,5.0,12,71.08
7,2,1,65.4,2,2,3,3.2,19,73.1
7,3,2,91.35,0,1,1,5.0,3,55.88
2,1,2,36.19,2,1,1,5.0,22,33.3
14,1,1,31.98,2,2,1,3.2,37,30.17
0,1,0,57.31,1,0,3,4.5,17,41.76
5,2,2,43.65,2,0,3,5.0,20,41.03
4,1,1,47.64,0,3,2,3.2,29,41.31
6,1,1,11.23,3,0,2,3.2,49,27.47
18,3,1,18.34,0,0,3,3.2,45,28.76
14,4,2,89.18,3,3,0,5.0,4,79.88
23,2,0,11.15,3,3,1,4.5,36,25.15
8,3,2,58.11,2,3,0,5.0,15,58.37
22,1,1,72.91,3,0,0,3.2,15,54.04
1,4,0,6.07,3,3,1,4.5,38,17.16
12,4,0,25.05,0,1,3,4.5,30,13.32
19,6,1,38.94,2,0,1,3.2,34,39.38
12,0,2,50.61,2,3,3,5.0,17,39.32
22,5,1,35.74,3,1,2,3.2,35,41.19
7,2,0,63.41,2,2,2,4.5,15,60.97
0,0,1,25.38,2,0,0,3.2,41,15.83
18,4,0,7.29,2,0,3,4.5,37,28.52
1,1,0,5.14,0,3,0,4.5,38,0.0
18,1,2,36.1,1,2,1,5.0,22,46.03
17,6,2,37.55,1,3,3,5.0,22,46.49
20,1,0,90.37,3,0,2,4.5,4,63.39
11,3,1,9.03,3,3,1,3.2,50,27.83
21,1,1,52.71,2,3,1,3.2,26,46.13
4,0,1,57.0,0,3,1,3.2,24,33.92
10,0,2,67.93,2,0,1,5.0,11,53.76
2,0,0,62.49,1,0,0,4.5,15,29.53
18,3,2,5.73,2,2,0,5.0,33,28.27
17,3,1,61.87,1,0,0,3.2,21,46.42
19,0,0,34.01,2,0,0,4.5,26,28.38
18,2,2,74.56,0,3,1,5.0,9,61.54
7,1,2,21.95,0,2,0,5.0,27,16.0
1,3,1,69.46,0,3,2,3.2,17,51.67
22,6,2,61.29,3,3,2,5.0,14,59.94
11,4,0,63.71,0,0,0,4.5,15,27.78
2,6,1,20.84,1,3,3,3.2,44,25.11
22,1,1,65.23,1,0,2,3.2,19,39.86
23,1,2,71.33,3,1,1,5.0,10,63.97
10,5,1,49.05,1,1,0,3.2,28,41.75
18,2,2,35.63,3,0,1,5.0,23,38.79
0,5,0,19.99,3,2,3,4.5,32,34.73
2,3,1,31.1,2,0,0,3.2,38,17.95
6,1,0,73.74,1,3,0,4.5,11,47.54
15,5,1,41.85,2,3,1,3.2,32,37.26
3,3,0,68.24,2,2,3,4.5,13,79.44
0,5,2,71.61,0,0,1,5.0,10,33.88
16,3,0,65.68,3,2,2,4.5,14,77.67
18,0,2,65.62,1,2,2,5.0,12,70.46
17,4,2,59.97,3,1,0,5.0,14,59.51
19,0,1,51.66,2,1,3,3.2,27,61.99
19,4,2,22.8,3,1,0,5.0,27,34.87
14,2,2,80.85,0,3,2,5.0,7,55.69
12,5,0,91.78,0,0,2,4.5,3,55.92
20,6,2,46.98,0,2,2,5.0,19,25.33
8,2,1,88.99,3,1,3,3.2,6,87.86
2,6,2,94.82,3,2,2,5.0,2,75.22
18,0,2,48.76,3,0,2,5.0,18,48.3
6,0,2,70.19,1,3,0,5.0,10,49.56
23,6,1,62.94,1,1,1,3.2,20,45.2
9,4,0,26.35,1,3,1,4.5,29,23.71
20,3,0,9.24,3,0,1,4.5,36,21.44
1,1,0,45.8,1,2,0,4.5,22,14.05
15,2,2,75.85,2,2,0,5.0,8,51.9
10,4,1,34.26,2,3,1,3.2,36,41.37
11,5,1,75.6,1,0,2,3.2,13,50.65
6,6,1,63.93,1,2,3,3.2,20,52.86
23,2,0,67.6,2,0,3,4.5,13,54.66
9,3,1,30.72,3,1,1,3.2,38,39.61
20,1,1,47.3,0,0,3,3.2,29,34.49
10,0,2,21.35,2,0,1,5.0,28,37.06
1,3,0,27.19,0,3,1,4.5,29,10.5
21,4,2,13.09,0,2,0,5.0,30,16.13
4,0,0,16.41,2,3,2,4.5,33,21.25
6,2,1,23.95,1,2,1,3.2,42,21.17
20,4,1,57.22,1,2,1,3.2,24,43.62
21,5,2,44.71,0,0,3,5.0,19,29.06
22,6,1,29.02,3,3,2,3.2,39,47.68
10,2,0,82.5,3,0,1,4.5,7,70.31
18,2,1,52.26,3,0,2,3.2,26,59.5
7,6,1,88.08,0,2,2,3.2,7,71.93
17,4,1,62.15,0,2,2,3.2,21,46.67
12,1,0,6.42,0,0,0,4.5,37,0.0
1,4,0,87.21,0,2,0,4.5,5,45.74
10,1,1,82.17,1,2,0,3.2,10,62.9
11,3,0,62.17,2,1,3,4.5,15,55.83
6,2,1,53.13,0,2,1,3.2,26,30.94
8,6,0,45.76,1,2,1,4.5,22,32.52
12,0,2,48.4,2,1,3,5.0,18,56.75
1,5,0,74.23,1,0,3,4.5,10,51.57
3,1,1,51.18,1,1,0,3.2,27,23.78
18,0,2,20.84,2,3,3,5.0,28,42.02
8,4,1,10.24,3,1,2,3.2,49,43.93
14,4,0,16.36,1,2,2,4.5,33,12.72
13,0,0,27.63,0,1,0,4.5,29,6.35
13,0,1,38.1,3,2,2,3.2,34,54.08
9,0,0,85.32,2,2,2,4.5,6,75.46
11,2,2,26.52,1,1,1,5.0,26,15.42
19,0,2,33.76,2,2,2,5.0,23,41.72
23,4,2,25.07,3,3,0,5.0,26,40.89
6,0,2,54.12,0,3,2,5.0,16,33.6
16,5,1,60.54,3,3,0,3.2,22,54.44
23,6,0,52.89,2,0,1,4.5,19,34.55
0,5,1,90.67,2,3,1,3.2,5,64.55
18,6,0,94.58,3,2,0,4.5,2,75.22
11,6,2,80.37,1,1,3,5.0,7,51.05
23,0,1,77.48,3,1,3,3.2,12,72.51
13,2,1,37.94,2,0,1,3.2,34,34.46
20,5,2,57.18,3,3,2,5.0,15,60.74
3,2,1,36.63,1,3,1,3.2,35,26.11
3,5,1,75.59,2,0,0,3.2,13,38.99
22,5,0,20.46,1,2,3,4.5,32,23.2
12,6,0,24.5,1,2,1,4.5,30,5.5
13,2,0,8.48,1,0,3,4.5,37,21.43
4,2,1,59.8,3,2,0,3.2,22,49.3
5,0,2,66.97,3,3,0,5.0,12,50.21
19,1,0,5.3,0,1,1,4.5,38,0.53
7,1,1,50.97,3,2,3,3.2,27,63.6
14,3,0,38.92,2,3,1,4.5,24,23.65
7,2,0,76.31,0,1,3,4.5,9,61.36
6,5,0,8.5,3,0,0,4.5,37,1.42
3,5,1,9.37,0,1,3,3.2,50,13.15
22,5,1,60.82,3,0,1,3.2,22,50.64
22,0,1,58.25,1,1,1,3.2,23,44.67
2,3,1,79.8,3,2,2,3.2,11,73.18
8,5,1,58.3,1,0,3,3.2,23,59.66
13,1,0,90.44,0,2,3,4.5,4,69.08
9,2,2,33.29,3,3,0,5.0,23,44.1
17,5,1,40.81,2,1,2,3.2,33,48.5
6,5,0,92.99,1,3,1,4.5,3,52.94
1,5,1,14.68,0,1,2,3.2,47,2.61
8,3,1,76.63,3,2,1,3.2,13,79.88
14,2,2,6.04,3,0,3,5.0,33,32.5
4,2,0,48.79,1,1,1,4.5,20,33.05
19,4,2,18.81,2,3,1,5.0,28,31.94
0,2,1,58.9,0,2,1,3.2,23,44.98
1,2,0,76.84,0,2,2,4.5,9,45.81
12,1,1,7.97,2,2,3,3.2,51,22.05
12,3,2,19.74,3,0,0,5.0,28,17.05
7,1,0,35.83,3,3,2,4.5,26,60.02
6,3,2,28.02,1,1,0,5.0,25,8.75
1,6,2,39.49,0,0,2,5.0,21,17.69
15,5,2,90.67,2,3,2,5.0,3,87.9
9,3,0,14.11,2,0,3,4.5,34,36.83
2,6,1,43.1,3,3,0,3.2,31,32.68
9,6,1,46.14,0,1,3,3.2,30,34.89
22,3,1,30.23,2,0,2,3.2,38,21.13
6,5,2,30.07,2,0,2,5.0,24,29.24
21,2,0,69.33,2,2,2,4.5,12,59.06
6,6,1,60.61,0,2,2,3.2,22,47.91
4,2,2,78.15,0,0,0,5.0,8,25.66
6,1,2,41.46,2,1,3,5.0,20,37.95
7,0,1,59.6,0,0,1,3.2,22,39.02
2,5,2,85.42,2,2,0,5.0,5,71.11
14,2,1,81.62,0,3,2,3.2,10,62.11
8,5,1,87.8,3,1,3,3.2,7,87.29
17,0,1,29.21,1,3,2,3.2,39,33.13
11,3,0,93.69,1,1,0,4.5,3,37.45
10,2,0,78.48,1,0,3,4.5,9,63.81
11,3,2,76.53,1,1,3,5.0,8,60.04
3,1,0,65.08,2,3,1,4.5,14,47.01
17,0,1,93.49,2,3,2,3.2,4,83.76
2,2,1,44.74,2,2,3,3.2,30,45.12
17,3,1,71.74,3,1,0,3.2,16,57.77
23,5,1,67.89,0,3,1,3.2,18,48.12
18,3,2,70.89,3,2,1,5.0,10,64.97
10,1,2,72.63,2,3,0,5.0,10,58.09
7,1,2,22.17,1,2,0,5.0,27,21.72
20,4,1,36.41,3,2,2,3.2,35,49.17
6,3,2,40.3,2,3,1,5.0,21,33.04
11,6,1,72.32,0,3,0,3.2,15,42.94
18,3,1,69.46,0,2,1,3.2,17,48.29
22,3,2,80.0,2,0,0,5.0,7,49.19
22,0,2,75.97,2,1,2,5.0,8,70.68
2,1,0,58.64,0,2,1,4.5,17,24.9
21,5,2,17.6,2,2,2,5.0,29,29.52
2,2,2,62.19,2,1,3,5.0,13,64.17
14,2,2,84.84,3,0,1,5.0,5,66.42
22,4,2,62.89,2,3,3,5.0,13,61.82
15,0,2,85.61,3,3,0,5.0,5,78.24
22,3,0,94.91,0,0,3,4.5,2,59.38
8,2,0,37.33,3,1,1,4.5,25,43.25
7,1,0,70.1,1,1,1,4.5,12,47.59
7,2,0,53.6,2,3,3,4.5,19,61.6
8,3,0,45.95,3,3,1,4.5,22,56.92
16,1,1,26.59,3,1,2,3.2,40,45.27
10,3,0,27.13,0,1,3,4.5,29,16.29
17,5,0,21.65,0,1,1,4.5,31,16.77
9,1,1,61.83,2,0,1,3.2,21,46.62
7,6,2,17.78,3,1,1,5.0,29,36.25
4,4,0,43.82,2,1,1,4.5,22,31.96
13,5,1,52.1,0,0,1,3.2,26,29.79
21,0,1,44.44,0,2,0,3.2,31,15.13
20,5,2,81.94,2,3,3,5.0,6,67.64
6,2,0,44.89,2,1,2,4.5,22,36.01
11,4,2,12.45,3,1,3,5.0,31,25.74
16,5,0,94.3,2,1,2,4.5,2,81.29
14,1,0,81.05,1,0,1,4.5,8,36.36
1,1,0,64.4,0,2,1,4.5,14,40.83
14,0,2,73.07,3,1,3,5.0,9,73.15
0,4,0,16.54,3,3,0,4.5,33,18.94
2,5,2,73.93,0,1,1,5.0,9,41.15
15,2,2,23.7,1,3,2,5.0,27,29.7
2,1,2,49.01,1,1,2,5.0,18,36.39
8,2,0,21.02,2,0,2,4.5,32,31.51
14,2,0,72.84,3,1,0,4.5,11,54.13
15,6,0,27.13,0,3,0,4.5,29,0.0
10,0,2,27.79,3,1,2,5.0,25,48.36
2,2,0,14.83,0,3,1,4.5,34,0.0
19,4,1,69.85,3,2,1,3.2,17,58.4
22,1,1,31.63,2,2,3,3.2,38,44.82
21,6,2,51.65,0,3,2,5.0,17,32.86
17,6,1,34.9,2,2,2,3.2,36,39.86
9,2,1,74.72,1,2,0,3.2,14,53.2
21,5,2,25.38,1,0,2,5.0,26,17.47
11,5,2,89.68,0,2,3,5.0,4,55.41
3,4,1,33.92,2,2,2,3.2,36,27.6
20,1,1,14.35,3,0,3,3.2,47,21.04
7,0,1,26.63,2,2,3,3.2,40,50.88
22,2,2,11.65,3,2,3,5.0,31,33.66
8,0,1,47.19,1,1,1,3.2,29,45.89
20,2,1,27.52,2,0,1,3.2,40,21.34
12,4,2,84.74,3,0,1,5.0,5,66.64
11,4,2,51.54,1,0,3,5.0,17,43.06
7,1,1,26.0,2,0,1,3.2,41,31.25
20,0,0,45.61,0,0,3,4.5,22,30.51
1,1,0,22.64,2,2,3,4.5,31,29.56
11,3,1,21.09,3,1,2,3.2,43,26.16
8,5,2,32.06,3,0,0,5.0,24,37.35
13,2,2,14.75,1,0,2,5.0,30,26.07
6,2,2,21.98,2,2,0,5.0,27,29.8
15,3,0,89.42,2,3,2,4.5,4,65.38
9,0,1,65.01,3,3,0,3.2,19,57.18
4,1,2,87.9,3,3,0,5.0,4,63.54
4,0,2,28.12,3,1,2,5.0,25,37.41
16,3,0,82.13,3,2,1,4.5,7,72.52
6,3,2,37.6,1,0,2,5.0,22,24.05
7,4,0,17.98,1,0,1,4.5,33,7.55
15,4,0,77.42,1,0,1,4.5,9,44.3
7,2,2,10.37,1,0,0,5.0,31,0.0
9,6,2,41.44,3,1,1,5.0,20,45.29
5,6,2,78.74,3,0,3,5.0,7,63.3
8,0,1,60.55,3,3,3,3.2,22,79.94
16,6,1,51.63,2,2,1,3.2,27,56.04
12,1,1,36.83,0,2,0,3.2,35,22.58
23,1,1,11.76,0,0,3,3.2,49,11.11
18,3,1,94.19,1,3,2,3.2,3,73.73
0,0,0,20.73,2,0,0,4.5,32,5.67
9,2,2,27.98,1,3,0,5.0,25,29.11
6,1,1,26.23,2,2,0,3.2,41,11.73
14,3,1,86.71,3,0,3,3.2,7,85.81
6,5,2,73.73,1,0,3,5.0,9,51.99
23,6,1,46.16,3,2,1,3.2,30,45.39
7,1,1,90.99,2,3,0,3.2,5,60.85
12,3,0,9.75,3,1,2,4.5,36,17.49
2,3,0,85.43,0,0,1,4.5,6,31.33
21,2,1,10.44,1,1,0,3.2,49,10.09
21,4,1,40.2,3,1,1,3.2,33,38.79
19,6,2,9.86,3,1,1,5.0,32,32.51
8,2,2,94.91,2,3,0,5.0,2,73.34
1,0,2,87.3,0,1,2,5.0,4,58.34
17,6,1,57.63,0,0,1,3.2,23,35.51
10,6,0,24.61,1,2,2,4.5,30,25.71
23,2,2,29.91,3,2,2,5.0,25,40.9
16,3,2,45.46,1,2,3,5.0,19,56.66
12,6,1,34.05,3,2,3,3.2,36,48.6
23,3,2,6.92,2,1,2,5.0,33,36.71
19,3,2,64.06,0,1,3,5.0,13,67.26
11,6,1,60.21,2,0,2,3.2,22,35.9
0,5,0,86.39,1,0,0,4.5,5,40.05
2,3,0,47.92,0,2,3,4.5,21,32.9
10,1,2,36.02,2,1,3,5.0,22,58.35
13,3,1,51.04,0,2,1,3.2,27,28.54
0,4,0,22.52,3,3,1,4.5,31,31.95
3,1,0,61.3,3,2,3,4.5,15,47.39
16,3,2,74.3,3,0,1,5.0,9,59.21
18,4,0,18.81,0,0,1,4.5,32,25.56
0,0,0,33.65,3,0,2,4.5,27,35.57
12,3,1,83.1,1,1,1,3.2,9,48.24
1,5,1,50.5,2,0,1,3.2,27,36.59
17,1,2,52.87,0,3,3,5.0,16,48.34
20,3,2,70.02,3,1,0,5.0,10,50.61
20,4,1,57.01,1,2,0,3.2,24,25.86
14,0,0,11.26,2,0,1,4.5,35,5.76
15,4,2,77.36,1,0,0,5.0,8,40.09
22,1,1,88.06,3,0,1,3.2,7,73.91
14,2,2,9.79,2,1,0,5.0,32,13.33
10,4,1,15.91,1,1,2,3.2,46,30.16
18,0,0,68.18,1,1,2,4.5,13,55.78
14,0,2,59.4,0,3,1,5.0,14,42.43
20,3,0,39.43,1,2,2,4.5,24,25.56
12,6,2,53.53,3,2,0,5.0,16,37.13
20,0,2,68.3,3,0,0,5.0,11,51.69
1,5,0,50.4,3,1,1,4.5,20,37.15
0,0,2,17.62,0,2,0,5.0,29,5.13
2,3,0,13.05,1,2,3,4.5,35,19.49
13,3,1,44.5,3,3,1,3.2,31,53.87
17,3,1,88.06,1,1,1,3.2,7,75.03
5,0,1,55.2,0,1,1,3.2,25,27.2
3,5,1,37.24,1,3,1,3.2,35,16.32
20,1,1,86.78,3,1,0,3.2,7,58.72
18,5,1,39.98,3,2,3,3.2,33,54.25
15,4,2,50.82,0,0,0,5.0,17,25.9
11,3,0,15.48,3,0,1,4.5,34,24.46
10,2,2,71.37,2,0,3,5.0,10,63.36
0,4,0,68.03,3,1,1,4.5,13,47.83
4,6,0,76.48,2,3,2,4.5,9,49.11
21,6,2,34.27,2,0,0,5.0,23,20.89
8,6,0,44.24,2,3,1,4.5,22,40.93
16,1,2,20.15,2,3,3,5.0,28,51.96
16,4,0,91.81,3,0,1,4.5,3,77.62
7,2,0,12.75,2,0,1,4.5,35,22.97
4,6,2,63.41,0,3,0,5.0,13,22.06
16,6,0,68.47,0,2,2,4.5,13,45.34
2,6,2,19.2,1,0,1,5.0,28,16.39
11,1,1,37.88,1,3,3,3.2,34,38.12
21,2,2,8.88,3,2,1,5.0,32,13.78
17,4,2,55.09,0,2,3,5.0,16,58.73
18,5,0,94.54,3,2,3,4.5,2,84.8
1,2,0,43.69,0,0,3,4.5,23,35.15
4,0,1,94.1,1,1,2,3.2,3,66.38
6,0,2,16.36,1,0,2,5.0,29,15.85
7,4,0,40.32,2,2,1,4.5,24,47.98
4,3,0,86.18,0,3,0,4.5,6,35.86
23,3,1,83.9,3,2,0,3.2,9,71.77
3,5,0,34.12,0,2,1,4.5,26,9.31
16,0,0,66.07,3,0,2,4.5,14,65.64
14,5,0,84.75,2,2,0,4.5,6,50.93
14,1,2,74.02,3,3,3,5.0,9,72.57
5,6,2,61.56,3,0,3,5.0,13,54.23
7,6,0,18.73,3,0,0,4.5,33,18.12
14,3,1,11.57,1,2,0,3.2,49,0.5
7,2,1,60.32,1,0,3,3.2,22,68.91
16,1,1,50.02,2,0,0,3.2,27,39.49
0,1,2,26.42,2,3,0,5.0,26,31.37
1,6,1,31.35,3,0,0,3.2,38,29.95
17,1,2,40.29,1,1,2,5.0,21,45.82
14,3,0,49.6,1,1,0,4.5,20,23.06
1,3,0,40.12,0,1,0,4.5,24,13.35
21,4,1,39.86,0,1,1,3.2,33,24.99
0,5,2,15.42,3,1,2,5.0,30,28.48
22,3,1,82.9,3,3,3,3.2,9,71.72
17,5,1,59.82,2,0,0,3.2,22,34.45
23,3,0,18.15,1,0,1,4.5,33,17.58
22,3,1,43.15,0,1,2,3.2,31,13.3
7,1,2,42.5,0,3,1,5.0,20,36.65
18,1,1,59.06,2,1,2,3.2,23,59.41
5,3,0,59.8,2,0,0,4.5,16,34.93
11,0,2,63.07,1,2,2,5.0,13,42.29
5,2,2,67.81,0,2,3,5.0,11,53.58
11,3,1,14.3,0,1,2,3.2,47,12.56
20,3,1,32.44,2,0,2,3.2,37,49.07
10,5,1,6.56,2,3,0,3.2,51,17.37
2,6,2,45.92,1,3,3,5.0,19,51.56
7,5,1,43.65,2,3,2,3.2,31,41.39
18,0,0,71.09,3,3,2,4.5,12,79.78
12,2,0,20.04,2,1,0,4.5,32,13.54
13,5,2,61.83,1,1,2,5.0,13,45.07
10,4,2,32.6,0,3,2,5.0,24,36.75
7,3,2,39.37,3,1,2,5.0,21,63.37
14,3,0,69.74,2,3,0,4.5,12,47.45
15,2,0,11.44,1,2,0,4.5,35,0.0
21,4,1,35.85,0,3,1,3.2,35,19.42
14,1,0,40.22,3,0,2,4.5,24,44.14
23,3,1,69.42,3,2,1,3.2,17,62.42
19,1,1,22.93,1,3,2,3.2,42,27.49
1,4,0,90.27,1,0,3,4.5,4,65.75
9,6,0,94.8,2,2,3,4.5,2,73.91
9,3,1,78.7,3,0,2,3.2,12,77.58
0,2,2,31.97,2,3,2,5.0,24,33.87
4,6,1,64.75,0,3,0,3.2,19,30.74
18,4,0,12.48,0,0,0,4.5,35,0.4
8,2,0,83.42,0,2,2,4.5,7,68.15
3,0,1,51.44,1,1,3,3.2,27,48.06
6,0,0,20.88,1,3,0,4.5,32,18.21
6,1,2,34.47,2,1,2,5.0,23,53.57
4,1,2,77.07,3,2,1,5.0,8,64.21
2,5,0,83.32,0,0,0,4.5,7,42.0
18,3,2,51.77,3,0,1,5.0,17,50.74
19,6,0,48.23,1,3,1,4.5,21,47.03
11,3,1,72.57,2,1,3,3.2,15,59.87
14,6,2,79.36,0,3,3,5.0,7,57.2
22,3,0,73.84,1,3,3,4.5,10,62.13
20,2,0,39.6,3,3,0,4.5,24,38.06
0,5,0,62.77,0,0,3,4.5,15,29.59
22,3,2,82.16,1,0,2,5.0,6,51.27
1,1,0,18.66,2,2,0,4.5,33,16.97
0,3,1,39.93,2,3,2,3.2,33,40.9
9,4,1,10.1,1,3,0,3.2,49,7.39
17,2,2,41.8,1,2,1,5.0,20,40.66
1,4,2,74.51,3,0,3,5.0,9,68.68
7,6,2,22.73,0,2,3,5.0,27,30.82
6,2,2,53.77,1,1,1,5.0,16,39.33
9,2,1,8.29,1,3,0,3.2,50,17.45
23,2,1,85.79,3,2,2,3.2,8,70.71
7,5,0,78.8,3,0,0,4.5,8,53.92
5,1,2,52.2,3,3,3,5.0,17,67.73
2,6,1,68.52,0,3,1,3.2,17,36.99
4,2,1,14.35,0,2,0,3.2,47,0.0
3,5,0,81.07,1,3,0,4.5,8,34.6
13,5,0,69.37,1,0,1,4.5,12,36.04
10,5,1,15.8,0,1,2,3.2,46,19.34
11,6,1,93.26,3,0,3,3.2,4,66.56
19,1,1,7.03,3,1,2,3.2,51,28.42
13,4,0,61.57,1,1,2,4.5,15,33.53
3,0,0,20.46,3,1,1,4.5,32,28.64
9,2,2,69.73,2,1,3,5.0,11,59.06
7,0,1,11.34,2,2,3,3.2,49,36.48
19,4,1,12.3,3,0,2,3.2,48,40.41
7,4,0,46.97,0,1,3,4.5,21,41.94
3,5,1,94.46,0,3,1,3.2,3,53.55
17,1,1,29.89,1,2,1,3.2,39,35.44
10,2,1,60.13,3,0,3,3.2,22,75.25
2,4,2,51.67,2,1,1,5.0,17,40.23
16,5,2,80.79,1,3,3,5.0,7,60.66
5,6,0,30.97,0,0,3,4.5,28,25.06
20,0,1,54.94,2,3,3,3.2,25,60.22
19,2,2,90.56,1,1,1,5.0,3,67.75
8,0,1,34.93,1,2,1,3.2,36,22.61
13,5,0,44.55,3,1,1,4.5,22,33.57
13,0,0,84.99,2,2,2,4.5,6,58.77
15,5,2,34.92,0,3,2,5.0,23,18.15
1,1,2,39.26,0,0,1,5.0,21,18.75
7,0,0,32.37,1,1,0,4.5,27,18.35
4,6,1,77.86,0,2,1,3.2,12,41.16
16,3,1,88.73,1,1,3,3.2,6,83.12
1,2,0,61.8,1,1,3,4.5,15,49.22
12,4,1,61.13,3,3,0,3.2,21,48.23
17,1,2,40.1,1,0,3,5.0,21,43.3
22,4,0,6.12,1,0,0,4.5,38,0.0
6,3,0,20.65,2,2,2,4.5,32,24.04
0,1,1,18.27,2,0,0,3.2,45,16.25
17,2,0,15.43,0,0,3,4.5,34,15.65
0,0,2,63.86,0,3,3,5.0,13,59.82
1,2,1,17.27,0,1,1,3.2,46,11.09
23,4,0,12.71,3,0,2,4.5,35,6.36
20,0,1,39.43,0,2,3,3.2,33,34.84
16,0,2,27.41,3,1,0,5.0,25,43.32
20,4,1,18.13,1,1,2,3.2,45,22.0
1,2,1,18.15,3,1,1,3.2,45,23.71
2,0,0,28.06,0,0,2,4.5,29,13.59
7,5,0,53.32,1,3,2,4.5,19,47.11
0,5,0,73.23,0,0,2,4.5,11,42.57
21,0,0,81.75,3,1,2,4.5,7,57.63
1,1,0,72.63,2,1,2,4.5,11,51.0
13,2,1,61.54,0,2,0,3.2,21,41.26
20,5,0,86.69,2,2,3,4.5,5,67.78
17,0,1,51.78,3,1,0,3.2,27,60.5
5,5,2,62.0,2,2,1,5.0,13,63.95
11,2,2,42.05,3,0,2,5.0,20,41.77
13,0,1,34.46,1,0,3,3.2,36,26.05
18,6,0,34.85,1,3,2,4.5,26,35.46
10,0,1,18.35,3,2,0,3.2,45,37.39
6,0,2,76.69,2,2,1,5.0,8,65.15
19,6,1,9.98,2,3,0,3.2,50,34.22
21,3,2,65.72,3,3,2,5.0,12,64.49
11,3,2,82.8,2,2,2,5.0,6,69.75
0,4,0,49.77,0,3,2,4.5,20,28.7
12,4,0,11.32,0,2,3,4.5,35,0.0
21,4,0,43.56,3,0,2,4.5,23,40.96
23,0,0,35.89,0,2,3,4.5,26,21.2
9,3,0,93.7,2,3,3,4.5,3,88.53
3,1,1,67.21,1,3,1,3.2,18,37.12
13,5,1,69.92,2,2,1,3.2,17,46.58
19,3,1,51.42,0,3,0,3.2,27,38.75
22,0,2,68.85,1,0,1,5.0,11,45.28
1,6,2,70.03,2,0,2,5.0,10,52.03
6,1,2,10.97,0,1,2,5.0,31,21.52
11,1,2,25.03,1,0,3,5.0,26,37.57
2,6,1,6.17,3,3,2,3.2,52,21.15
21,5,2,50.88,0,0,3,5.0,17,44.1
2,6,1,83.82,2,2,2,3.2,9,75.7
15,4,0,59.86,0,3,3,4.5,16,43.76
22,6,0,50.02,2,0,3,4.5,20,41.88
16,0,0,88.34,0,0,1,4.5,5,54.18
18,4,2,20.5,2,2,3,5.0,28,41.54
6,2,0,11.71,1,3,3,4.5,35,18.47
19,2,2,87.56,2,0,1,5.0,4,78.09
10,1,2,86.25,0,0,0,5.0,5,52.46
1,1,1,66.47,2,3,0,3.2,18,45.17
8,3,2,27.14,2,2,3,5.0,26,41.75
8,6,2,92.28,0,2,1,5.0,3,55.34
12,4,2,73.88,1,1,2,5.0,9,52.57
6,2,1,65.65,2,1,1,3.2,19,54.91
11,3,0,25.06,2,1,1,4.5,30,15.52
10,3,0,51.18,2,0,1,4.5,20,47.66
7,1,2,79.03,3,1,2,5.0,7,77.81
16,3,2,82.42,1,3,0,5.0,6,62.47
7,4,1,55.53,3,2,3,3.2,24,76.42
18,1,0,52.05,3,3,1,4.5,19,61.91
6,4,2,67.79,2,1,0,5.0,11,36.54
20,4,0,52.54,0,3,0,4.5,19,17.11
8,3,1,42.59,1,1,0,3.2,32,30.31
0,2,1,12.69,0,2,1,3.2,48,8.95
3,3,0,16.34,2,2,2,4.5,33,31.22
19,5,0,73.42,1,3,3,4.5,11,65.95
20,1,0,7.22,3,3,3,4.5,37,41.25
5,4,2,9.71,2,0,1,5.0,32,9.76
14,4,2,86.42,1,3,2,5.0,5,61.7
13,2,1,68.36,0,2,1,3.2,17,39.32
3,2,1,5.38,0,2,0,3.2,52,0.0
10,6,1,33.08,2,0,2,3.2,37,44.81
16,2,1,73.7,3,1,2,3.2,14,59.34
23,4,1,42.58,1,3,3,3.2,32,41.16
20,1,1,47.19,0,3,0,3.2,29,31.46
2,6,1,46.29,1,0,2,3.2,30,30.09
5,4,1,23.19,3,1,1,3.2,42,35.75
10,5,1,69.93,2,3,1,3.2,17,74.2
3,4,2,14.27,0,3,0,5.0,30,5.73
13,2,0,50.65,0,1,0,4.5,20,25.47
0,2,0,20.3,0,3,1,4.5,32,24.34
2,4,1,9.19,3,3,0,3.2,50,21.57
1,6,0,17.89,3,0,1,4.5,33,17.09
7,0,0,83.24,1,0,2,4.5,7,66.36
18,5,2,20.85,2,0,0,5.0,28,29.21
4,5,1,30.05,0,0,3,3.2,38,21.34
23,0,1,17.43,2,2,1,3.2,45,18.88
6,0,2,71.2,1,1,3,5.0,10,67.76
1,4,0,45.09,3,2,2,4.5,22,44.54
8,5,1,89.93,1,0,3,3.2,6,79.5
17,2,0,64.79,3,2,1,4.5,14,64.03
2,4,1,52.83,2,2,0,3.2,26,49.0
1,6,0,64.1,1,3,0,4.5,14,28.48
20,2,2,8.64,3,1,0,5.0,32,10.81
14,1,0,90.56,3,2,2,4.5,4,78.45
8,6,0,91.08,1,1,2,4.5,4,57.83
18,1,0,29.85,1,1,3,4.5,28,39.26
20,3,0,61.55,2,2,3,4.5,15,64.84
8,3,0,23.17,0,2,3,4.5,31,17.82
13,3,0,54.27,1,3,1,4.5,18,38.6
0,1,2,74.37,3,0,1,5.0,9,65.59
7,4,2,89.58,3,0,3,5.0,4,86.14
14,4,2,35.53,1,2,2,5.0,23,27.22
4,1,2,67.42,1,2,1,5.0,11,44.68
23,3,2,69.48,3,3,3,5.0,11,67.36
23,0,1,24.9,0,2,0,3.2,41,9.29
6,1,1,61.61,0,0,2,3.2,21,36.81
9,6,1,63.99,0,1,3,3.2,20,49.31
4,3,0,73.77,0,3,2,4.5,10,50.17
12,4,1,95.0,3,3,2,3.2,3,92.46
2,6,2,8.62,0,3,0,5.0,32,0.87
9,4,0,23.21,1,1,2,4.5,31,35.11
13,5,2,18.06,2,0,1,5.0,29,25.42
14,4,2,18.9,2,0,3,5.0,28,27.01
14,3,1,45.88,3,3,1,3.2,30,48.88
5,4,1,84.07,3,1,1,3.2,9,64.21
19,2,0,45.39,1,3,1,4.5,22,31.93
16,6,0,65.16,0,0,2,4.5,14,45.29
18,1,0,38.88,0,1,3,4.5,24,31.69
11,6,2,33.77,3,3,1,5.0,23,40.22
21,6,1,80.08,1,0,0,3.2,11,32.49
9,0,0,64.0,3,0,3,4.5,14,68.05
19,4,1,36.58,1,1,2,3.2,35,31.59
4,6,2,87.27,3,0,1,5.0,4,67.06
5,4,0,49.87,2,2,3,4.5,20,46.17
12,2,0,21.94,2,0,1,4.5,31,13.91
13,6,2,48.49,2,0,2,5.0,18,46.27
17,3,2,65.72,1,2,3,5.0,12,64.28
7,0,1,38.04,0,1,0,3.2,34,23.61
20,1,2,80.94,0,2,3,5.0,7,57.99
7,4,1,52.98,1,3,3,3.2,26,61.66
12,3,1,47.1,3,3,1,3.2,29,54.28
22,1,0,82.28,2,2,1,4.5,7,61.93
12,5,2,46.66,2,3,0,5.0,19,30.58
16,0,2,42.3,1,2,0,5.0,20,43.12
21,1,0,14.33,1,0,3,4.5,34,11.81
23,3,2,37.62,1,3,1,5.0,22,26.1
11,0,2,40.73,0,2,2,5.0,21,29.12
10,2,0,21.26,2,0,0,4.5,31,25.25
4,6,0,57.9,1,2,1,4.5,17,26.29
12,6,1,17.95,1,0,3,3.2,45,25.42
22,6,1,25.13,2,2,2,3.2,41,28.67
11,2,1,55.5,0,2,0,3.2,24,25.14
8,0,1,29.21,3,0,0,3.2,39,40.07
2,5,2,62.57,0,1,3,5.0,13,38.54
9,2,1,67.15,2,0,0,3.2,18,64.58
5,5,0,32.12,3,0,0,4.5,27,19.36
23,0,0,12.86,0,0,1,4.5,35,0.27
12,4,2,49.05,0,3,3,5.0,18,51.58
3,4,2,13.36,1,1,2,5.0,30,18.8
1,6,1,51.37,3,0,0,3.2,27,43.25
20,0,0,70.36,2,2,3,4.5,12,49.04
22,2,0,60.83,1,2,3,4.5,16,46.38
18,6,0,45.34,3,0,2,4.5,22,51.68
2,2,0,90.13,1,2,0,4.5,4,56.58
2,4,1,14.16,3,0,0,3.2,47,20.86
4,1,0,84.2,3,2,3,4.5,6,79.15
18,5,0,77.01,0,3,3,4.5,9,68.14
18,1,0,42.78,1,1,3,4.5,23,49.12
20,4,2,18.76,0,2,1,5.0,28,0.0
2,6,1,19.03,0,0,2,3.2,45,17.82
3,4,0,87.96,0,1,0,4.5,5,35.75
21,3,2,26.03,0,3,0,5.0,26,14.08
22,1,1,83.67,0,0,0,3.2,9,42.12
17,2,0,50.3,2,3,2,4.5,20,55.55
2,5,2,46.56,1,0,1,5.0,19,20.19
1,1,2,60.76,1,1,2,5.0,14,34.1
1,4,1,24.35,3,0,1,3.2,42,21.94
16,3,0,43.55,3,0,2,4.5,23,56.15
20,2,0,89.46,2,1,3,4.5,4,61.55
15,5,1,26.44,1,2,2,3.2,40,18.56
6,2,2,87.94,2,2,3,5.0,4,77.9
18,2,2,94.48,1,1,3,5.0,2,75.06
1,3,2,9.67,1,1,2,5.0,32,12.22
19,5,2,52.82,1,0,3,5.0,17,52.0
21,6,1,20.46,0,2,0,3.2,44,4.77
17,4,1,60.95,0,0,2,3.2,21,41.82
21,4,2,94.06,2,3,0,5.0,2,65.34
14,5,2,85.72,3,0,0,5.0,5,58.94
11,1,1,88.24,1,2,0,3.2,6,46.27
7,1,0,24.2,0,1,0,4.5,30,12.0
22,3,2,53.81,2,3,1,5.0,16,41.88
16,4,0,26.13,3,1,2,4.5,30,43.52
4,4,1,85.95,2,3,3,3.2,8,81.25
22,1,1,22.2,0,3,3,3.2,43,24.59
1,5,2,18.86,0,1,0,5.0,28,6.49
14,2,0,6.09,2,1,1,4.5,38,14.04
4,6,1,21.38,3,1,1,3.2,43,30.64
15,5,1,22.08,0,1,0,3.2,43,4.5
9,6,0,11.97,3,1,0,4.5,35,24.99
10,4,0,83.1,3,0,1,4.5,7,69.67
16,3,1,75.2,0,1,3,3.2,14,54.28
18,1,2,27.9,0,3,1,5.0,25,24.09
9,2,1,75.49,0,3,1,3.2,13,54.29
23,6,2,42.99,2,0,3,5.0,20,41.22
11,2,2,74.8,0,2,1,5.0,9,46.7
3,0,2,34.07,3,0,2,5.0,23,35.14
0,1,2,55.82,0,2,3,5.0,15,56.45
4,4,2,39.34,2,2,0,5.0,21,29.5
16,4,2,21.89,3,3,2,5.0,27,48.75
12,6,0,57.71,0,2,1,4.5,17,23.17
8,6,2,72.57,1,3,0,5.0,10,44.7
11,3,0,72.78,3,3,0,4.5,11,52.95
20,3,2,37.07,0,2,2,5.0,22,27.91
13,5,1,51.68,1,1,2,3.2,27,36.76
1,0,2,73.74,1,1,2,5.0,9,63.41
1,4,1,9.9,0,1,2,3.2,50,7.79
11,3,1,11.47,1,1,2,3.2,49,15.01
9,5,1,38.86,1,1,0,3.2,34,31.28
20,5,1,25.11,1,1,0,3.2,41,8.97
13,4,1,38.72,3,2,1,3.2,34,44.05
18,4,1,13.44,0,1,2,3.2,48,13.06
14,4,1,58.28,1,1,3,3.2,23,42.27
8,4,1,65.46,0,2,3,3.2,19,59.05
15,1,0,76.27,3,1,3,4.5,9,66.98
14,1,1,63.55,2,0,1,3.2,20,41.3
17,5,0,40.67,2,0,2,4.5,24,41.22
4,4,0,89.14,0,3,0,4.5,4,46.8
15,1,1,70.37,1,3,1,3.2,16,46.12
6,6,0,52.49,0,2,0,4.5,19,15.48
18,6,1,23.62,1,0,3,3.2,42,34.85
19,4,2,63.41,3,2,1,5.0,13,59.69
14,1,2,58.25,2,1,2,5.0,15,46.62
22,6,0,66.5,0,1,0,4.5,13,28.22
12,1,1,75.3,1,3,3,3.2,14,64.19
0,3,1,87.35,3,3,2,3.2,7,75.44
14,6,2,90.42,0,2,0,5.0,3,39.95
18,3,1,61.72,3,2,1,3.2,21,58.94
2,1,2,91.94,1,2,0,5.0,3,54.41
2,0,2,87.03,1,3,0,5.0,5,66.42
6,2,0,5.24,3,2,0,4.5,38,14.71
20,4,1,62.39,2,2,2,3.2,21,46.89
12,5,1,21.06,1,0,3,3.2,43,26.27
23,1,1,31.57,0,3,2,3.2,38,21.35
20,1,1,31.78,0,3,2,3.2,38,25.99
13,4,0,48.48,1,1,0,4.5,21,19.61
16,1,1,5.98,0,1,0,3.2,52,17.28
7,0,2,26.22,3,3,0,5.0,26,31.5
2,3,0,7.62,0,3,3,4.5,37,15.13
9,3,1,63.55,2,1,2,3.2,20,57.54
14,1,2,85.04,3,0,3,5.0,5,80.1
4,1,1,94.8,1,3,3,3.2,3,78.14
5,1,2,45.37,2,2,0,5.0,19,41.2
0,2,1,28.41,0,3,2,3.2,39,28.36
17,0,0,81.78,2,2,2,4.5,7,67.98
21,0,2,15.18,3,2,2,5.0,30,50.25
19,2,0,92.68,3,0,2,4.5,3,83.95
9,0,0,69.34,0,2,1,4.5,12,41.89
14,2,0,50.35,1,1,0,4.5,20,25.53
23,4,2,13.7,2,0,3,5.0,30,31.22
14,0,2,6.64,3,3,2,5.0,33,33.25
7,4,0,54.01,1,1,3,4.5,18,54.02
8,4,1,42.25,3,0,0,3.2,32,47.29
17,4,1,80.84,0,3,0,3.2,11,60.45
10,4,0,62.81,2,3,3,4.5,15,61.16
20,5,2,43.87,1,1,3,5.0,20,50.88
20,0,2,25.34,2,1,3,5.0,26,48.13
0,1,1,48.24,2,0,1,3.2,28,41.58
17,2,1,19.67,1,2,3,3.2,44,38.37
8,4,2,65.03,3,2,0,5.0,12,59.66
12,6,1,59.52,3,2,3,3.2,22,59.75
6,6,1,77.91,3,3,1,3.2,12,62.84
8,4,1,45.46,0,1,0,3.2,30,14.38
7,2,1,30.08,1,2,2,3.2,38,46.26
1,2,1,80.28,2,2,1,3.2,11,67.5
18,0,0,67.19,3,3,0,4.5,13,50.33
3,3,1,68.6,1,2,2,3.2,17,58.13
9,3,1,52.53,2,0,3,3.2,26,58.32
4,1,0,83.84,2,2,1,4.5,6,56.7
3,5,1,25.5,0,3,3,3.2,41,27.66
8,5,1,41.15,3,2,2,3.2,32,42.44
22,2,1,76.66,1,2,0,3.2,13,46.64
22,6,2,16.97,2,2,1,5.0,29,19.83
9,0,1,77.73,1,2,3,3.2,12,72.39
12,6,1,36.73,0,1,0,3.2,35,2.9
23,5,0,16.3,1,3,3,4.5,33,24.18
5,1,2,12.12,2,0,2,5.0,31,27.31
22,4,0,80.87,1,3,2,4.5,8,59.96
2,2,1,75.08,3,0,2,3.2,14,63.34
5,5,0,30.92,3,0,2,4.5,28,46.78
8,1,2,15.47,2,2,2,5.0,30,29.36
0,1,1,27.25,3,2,2,3.2,40,43.93
19,2,0,24.17,3,3,2,4.5,30,47.15
20,1,0,70.98,2,1,2,4.5,12,65.67
9,2,2,24.4,3,0,1,5.0,26,39.12
20,4,1,24.45,2,1,1,3.2,42,27.61
18,4,0,7.9,3,2,3,4.5,37,42.44
19,3,2,58.72,0,1,3,5.0,14,47.76
19,1,0,67.01,1,1,2,4.5,13,50.08
13,1,1,63.81,3,3,1,3.2,20,56.64
2,6,0,56.17,1,2,2,4.5,18,43.48
22,1,0,91.95,0,2,2,4.5,3,57.61
14,0,0,47.55,3,2,1,4.5,21,40.89
21,3,0,82.41,2,1,0,4.5,7,57.72
23,0,2,63.14,3,2,2,5.0,13,49.27
4,2,1,12.57,0,3,1,3.2,48,0.98
9,5,2,77.91,0,2,0,5.0,8,30.91
4,1,0,57.59,2,1,3,4.5,17,58.39
1,4,2,63.82,0,3,2,5.0,13,44.96
23,3,0,21.22,2,0,0,4.5,32,16.63
22,2,0,44.37,1,0,0,4.5,22,18.11
22,4,0,84.25,0,1,2,4.5,6,55.76
21,4,2,24.39,3,2,3,5.0,26,43.03
15,2,2,5.01,0,1,1,5.0,33,3.76
12,1,2,28.18,3,1,3,5.0,25,45.58
23,6,2,48.88,0,1,0,5.0,18,20.75
13,1,0,78.92,2,3,2,4.5,8,72.55
15,6,2,62.9,3,1,3,5.0,13,51.79
5,3,1,87.72,0,3,3,3.2,7,65.59
17,6,1,46.0,3,1,0,3.2,30,45.99
19,2,1,40.17,1,0,2,3.2,33,41.53
16,3,1,25.83,2,0,0,3.2,41,25.0
11,4,0,24.63,3,0,0,4.5,30,15.74
